Rank,TeamId,TeamName,LastSubmissionDate,Score,SubmissionCount,TeamMemberUserNames
1,15303246,"Alexandr Lasinkov","2026-03-13 15:55:15",1.00000,1,alexandrlasinkov
2,4288623,"Sas Pav","2026-05-11 07:25:36",1.00000,68,saspav
3,15398560,Mallethx,"2026-03-13 17:29:21",1.00000,2,mallethx
4,15395477,zhuyanjin,"2026-03-14 01:59:43",1.00000,2,zhuyanjin
5,12801551,Veniamin_Nelin,"2026-05-12 05:18:58",1.00000,335,veniaminnelin
6,12408744,n3onnhowever,"2026-05-12 13:06:58",1.00000,42,n3onnhowever
7,15377905,"Collin Kim","2026-03-15 15:40:53",1.00000,10,khs998199
8,15340182,"Aditya Kelana Candra","2026-03-25 18:51:59",1.00000,12,adityakelanacandra
9,15407769,jiulanchaku,"2026-03-15 15:04:12",1.00000,2,jiulanchaku
10,15410430,LalageO,"2026-03-16 03:07:35",1.00000,3,lalageo
11,15410604,"YaYun Yeh","2026-03-16 03:20:49",1.00000,3,yayunyeh
12,15412167,Q_QXybQ_Q,"2026-03-16 14:47:22",1.00000,5,qqxybqq
13,15297382,"Benjamin Gonzalezzz","2026-03-17 23:33:30",1.00000,2,benjamingonzalezzz
14,15419172,mayx,"2026-04-14 03:49:10",1.00000,5,mayx111
15,15422370,"Sad Leshka","2026-05-04 18:11:42",1.00000,5,sadleshka
16,12051662,"Asrın Yılmaz","2026-03-17 17:54:20",1.00000,1,asrnylmaz
17,9410846,"Archit Konde","2026-03-17 23:26:12",1.00000,1,architkonde
18,15419368,daan1k,"2026-03-18 07:52:20",1.00000,8,daan1k
19,15431118,"My Name #2","2026-03-23 08:42:30",1.00000,14,myname1009
20,15431377,ADFXXu,"2026-03-18 12:50:29",1.00000,1,adfxxu
21,15433683,"Georgii #2","2026-03-18 18:34:12",1.00000,6,georgiifssdfsd
22,15442048,moonie1111,"2026-03-19 18:43:53",1.00000,7,moonie1111
23,15444352,"Егор Подобрей","2026-03-19 19:47:18",1.00000,1,egorpoangry
24,15446524,"[Deleted] 7b25c59a-e836-4bab-95bd-329283a65898","2026-03-20 06:05:51",1.00000,7,del=266e3191ebe7b53c
25,15437560,"BNBU Xingyu Li","2026-03-20 07:29:31",1.00000,6,lixingyu678
26,15443786,"Deadn8l _","2026-03-20 08:01:01",1.00000,5,deadn8l
27,15449333,"Neustroeva Anna Olegovna","2026-03-21 15:16:36",1.00000,9,ollin56
28,15456231,"[Deleted] e8903ea7-7cef-49e0-a378-525b6e3bf079","2026-03-21 11:41:51",1.00000,3,del=3bb3ba6e8fc48ef5
29,15462095,MateZhang,"2026-03-22 08:34:59",1.00000,2,matezhang
30,11801460,SamuraiMate,"2026-05-12 13:07:32",1.00000,12,samuraimate
31,15463000,a-shchegolev,"2026-03-22 10:48:18",1.00000,3,ashchegolev
32,15464923,"[Deleted] b91584df-271b-4bbe-ad55-7dba0b4d4412","2026-03-22 22:22:21",1.00000,6,del=054e7308bc4848fc
33,15465836,"Никонова Яна Григорьевна","2026-03-22 22:24:21",1.00000,4,yanchik12121
34,15469909,"Vasilisin D","2026-03-23 12:54:56",1.00000,9,vasilisind
35,14136613,HongchenDai,"2026-05-09 01:15:35",1.00000,35,hongchendai
36,15410053,Jimmer,"2026-03-25 23:55:33",1.00000,8,przemysawonr
37,15318026,MichaelZemliansky,"2026-04-11 02:36:11",1.00000,23,michaelzemliansky
38,3323041,szachovy,"2026-03-28 09:31:37",1.00000,19,szachovy
39,15507057,"Satish Garg","2026-03-28 12:12:37",1.00000,2,satishgarg
40,15509569,"Mengxian Li","2026-03-28 22:19:48",1.00000,3,mengxianli1995
41,14070317,"Saurabh Raj Varma","2026-03-29 10:42:37",1.00000,2,saurabhrajvarma
42,15515833,奶楂大魔王,"2026-03-30 05:12:06",1.00000,2,rainbox47
43,15411546,"Mohan Krishna Thalla","2026-03-30 06:21:05",1.00000,8,mohankrishnathalla
44,15262246,"Erazm Jurschnigg","2026-03-30 15:09:41",1.00000,1,erasmusbraschl
45,792421,"Bibin Paul","2026-03-31 05:23:08",1.00000,1,bibinpaul
46,13302819,Nidterlous,"2026-04-02 17:03:17",1.00000,4,nidterlous
47,15545248,"RITTWIK BHOWMICK","2026-04-03 08:49:27",1.00000,3,rittwikbhowmick
48,15558257,"G karthik koundinya","2026-04-05 08:16:37",1.00000,10,gkarthikkoundinya
49,15554817,"Lennard huang","2026-04-12 12:53:33",1.00000,12,lennardhuang
50,14949821,D1467578吳艾庭,"2026-04-06 07:24:32",1.00000,1,d1467578
51,15587228,dshi261,"2026-04-10 00:52:56",1.00000,4,dshi261
52,6793754,Jingjing127,"2026-04-14 00:37:05",1.00000,4,jingjing127
53,15604810,"Juan Martin Montiel","2026-04-12 20:23:21",1.00000,3,juanmartinmontiel
54,15605234,"Yifei Zhu","2026-04-12 22:41:29",1.00000,3,yifeizhu97
55,15605389,"Yuefei Chloe Chen","2026-04-12 23:43:15",1.00000,3,yuefeichloechen
56,15605488,"Maulik Limbadiya","2026-04-13 00:20:02",1.00000,3,mauliklimbadiya
57,15606220,ThatDuuuck,"2026-04-13 03:37:24",1.00000,1,thatduuuck
58,15606488,"Junying Lu(IS5213)","2026-04-13 04:19:54",1.00000,3,junyingluis5213
59,6650930,"YangLi #2","2026-04-13 09:03:24",1.00000,3,zjzsliyang
60,15609245,"Kaveri Gunduboyina","2026-04-13 13:23:54",1.00000,3,kaverigunduboyina24
61,15610801,"Aditya Dewasthale","2026-04-13 18:02:04",1.00000,3,adityadewasthale
62,15610922,"Bhawesh Kathuria","2026-04-13 18:25:15",1.00000,3,bhaweshkathuria
63,15610981,"Angle Wu","2026-04-13 18:43:15",1.00000,4,anglewu
64,15611087,"Mu Kao Chen","2026-04-13 19:08:12",1.00000,3,mukaochen
65,15611211,Megan_Chen_235,"2026-04-13 19:44:38",1.00000,3,meganchen235
66,15611287,"Sandeep Mittal","2026-04-13 20:11:39",1.00000,4,sandeep23forever
67,15612049,lsunxh,"2026-04-14 00:56:36",1.00000,4,lsunxh
68,15612066,"Sam Byrne","2026-04-14 01:04:34",1.00000,3,sambyrneq33d3d
69,15612125,"Ewomazino Onokpise","2026-04-14 01:19:27",1.00000,3,ewomazinoonokpise
70,15612163,wzxphy,"2026-04-14 01:35:24",1.00000,4,wzxphy
71,15612292,SaiKrishnaSam,"2026-04-14 02:17:01",1.00000,4,saikrishnasam
72,15612926,xuyenhuynhkate,"2026-04-14 04:40:24",1.00000,3,xuyenhuynhkate
73,15612952,"[Deleted] 4c580b23-db31-4c9a-aae3-ae5dae24b3cd","2026-04-14 04:57:36",1.00000,4,del=ee7c75af24bb4f86
74,15613042,"Mohammed M Khamis","2026-04-14 05:14:08",1.00000,3,mohammedmkhamis
75,15613221,"Sida Liu","2026-04-14 05:54:07",1.00000,3,sliu244
76,15613521,"Michelle X Shen","2026-04-14 06:47:16",1.00000,3,michellexshen
77,14653048,"hhh park","2026-04-14 06:45:54",1.00000,3,hhhpark
78,15613808,Star_xinglan,"2026-04-14 07:17:26",1.00000,1,starxinglan
79,15614041,"Dhivakar Ramesh","2026-04-14 08:05:37",1.00000,4,dhivakarram
80,15614187,ShucenLiu06,"2026-04-14 08:36:12",1.00000,3,shucenliu06
81,15615059,Deepika.amraj,"2026-04-14 11:07:41",1.00000,3,deepikaamraj
82,15616030,AhmedAbumasood,"2026-04-14 14:02:37",1.00000,3,ahmedabumasood
83,15616129,"JAMES JIANG666","2026-04-14 14:18:32",1.00000,3,jamesjiang666
84,15616912,"Mya Ma","2026-04-14 16:50:36",1.00000,3,myama669
85,15617131,"Gavin Kruise","2026-04-14 17:34:27",1.00000,4,gavinkruise
86,6289734,"kahang ngau","2026-04-14 18:23:06",1.00000,3,kahangngau
87,15617561,RoufenGao,"2026-04-14 19:22:35",1.00000,3,roufengao
88,15617656,"Josh McCulloch","2026-04-14 19:49:01",1.00000,3,joshmcculloch
89,15617719,"Afdhal Mohamed Hassan ","2026-04-14 20:07:22",1.00000,3,afdhalmohamedhassan
90,15617794,"Xuejian Yao","2026-04-14 20:49:24",1.00000,4,xuejianyao2026
91,15617852,Tony_Huh,"2026-04-14 20:53:19",1.00000,3,tonyhuh
92,15617851,"Xu Wenona","2026-04-14 20:53:30",1.00000,3,xuwenona
93,15618075,"Pranay Satish Yadav","2026-04-14 22:17:30",1.00000,3,pranaysatishyadav7
94,15618108,"Yulin Ray Pan","2026-04-14 22:28:24",1.00000,3,yulinraypan
95,15618151,"Tirth Patel #5","2026-04-14 22:57:27",1.00000,3,tpatel08
96,15618212,"William #19","2026-04-14 23:29:53",1.00000,3,yanningzhu
97,15618246,KayaK-Du,"2026-04-14 23:48:37",1.00000,4,kayakdu
98,15618280,Kateeeey,"2026-04-15 00:28:46",1.00000,3,kateeeey
99,15585477,2403김시온22,"2026-04-16 17:05:44",1.00000,27,sionkk1
100,15618331,terryicvnc,"2026-04-15 00:33:16",1.00000,3,terrync
101,15618398,SkyrimL,"2026-04-15 00:54:56",1.00000,3,skyriml
102,15618419,"Zihan Qiang","2026-04-15 01:03:13",1.00000,3,kactusq
103,15618587,"phearun phin","2026-04-15 01:57:22",1.00000,3,phearunphin
104,15618594,"Cesar Guerrero","2026-04-15 01:58:25",1.00000,3,monoguerin
105,15618625,"Natcha Kerdpoo","2026-04-15 02:24:58",1.00000,6,natchakerdpoo
106,15618755,"Moshmee Mahendra Mani","2026-04-15 02:50:12",1.00000,3,moshmeemahendra25
107,15618811,"Peng Wang #5","2026-04-15 03:08:29",1.00000,3,pengwangtrine
108,15582137,2623정동윤,"2026-04-16 06:04:33",1.00000,8,santy00
109,15582048,3717이동이,"2026-04-16 05:55:37",1.00000,18,stalt2
110,15581939,jajajaj2,"2026-04-16 06:19:05",1.00000,27,jajajaj2
111,15618910,"Arpit Prajapati #2","2026-04-15 03:40:11",1.00000,4,arpit306
112,15618938,QianMa,"2026-04-15 03:52:29",1.00000,3,sowater
113,15618992,"Xi CHU","2026-04-15 04:02:47",1.00000,3,xichuk
114,15619056,"Charlene Xinyi Zeng","2026-04-15 04:24:00",1.00000,3,charlenexinyizeng
115,15619082,VFariasCarvalh,"2026-04-15 04:33:31",1.00000,3,vfariascarvalh
116,15619257,"Ryan Yang #4","2026-04-15 05:18:50",1.00000,3,hyterion
117,15619282,"Mingmao Sun","2026-04-15 05:20:53",1.00000,3,kevinsun0826
118,15619318,"Yinglun Luo","2026-04-15 05:31:11",1.00000,3,yinglunluo
119,15619410,"jennifer H.L. jackson","2026-04-15 05:53:35",1.00000,3,jenniferjackson01
120,15619417,sammisyc,"2026-04-15 05:54:33",1.00000,3,sammisyc
121,15619588,"Roger Z","2026-04-15 06:26:23",1.00000,3,ruizhezh
122,15620911,"Akhiluddin Mohammed","2026-04-15 09:25:17",1.00000,3,akhiluddinmohammed
123,15620957,ZarinTasnimRahman,"2026-04-15 09:28:42",1.00000,3,zarintasnim12
124,15622338,"Arikatla Sailaja","2026-04-15 12:48:25",1.00000,3,arikatlasailaja
125,15622973,"Shijun Lyu","2026-04-15 14:58:46",1.00000,3,shijunlyu
126,15623088,"Indira Priya Darsini Induri","2026-04-15 15:17:02",1.00000,3,indhureddy2026
127,15623174,"Hariher Kalavandala","2026-04-15 15:41:31",1.00000,4,hariherkalavandala30
128,15623634,"Swetha Kanakamedala","2026-04-15 17:20:24",1.00000,3,swethak789
129,15623731,"Muhammad Junaid #3","2026-04-15 17:48:32",1.00000,4,muhammadjunaid2424
130,15623778,"Hishila Thapa","2026-04-15 17:59:48",1.00000,3,hishilathapa
131,15623797,AllTheBest1998#,"2026-04-15 18:04:23",1.00000,3,allthebest1998
132,15623814,KunXie,"2026-04-15 18:09:03",1.00000,3,kxlearning
133,15624290,"Shantanu Sheth","2026-04-15 20:06:46",1.00000,4,shantanusheth
134,15624339,"Aline da Fonseca Rosa","2026-04-15 20:17:08",1.00000,3,alinedafonsecarosa
135,15624567,"fnu Almaas Nazneen","2026-04-15 21:13:39",1.00000,3,fnualmaasnazneen
136,15624648,YugeAliceJin,"2026-04-15 21:28:46",1.00000,3,yugealicejin
137,15624693,"Yi Li #2","2026-04-15 21:39:10",1.00000,3,liyuer55
138,15624705,"Haokun Yang #3","2026-04-15 21:41:27",1.00000,3,chasewow
139,15624711,"Shuya Yu","2026-04-15 21:42:19",1.00000,3,shuyayu
140,15624971,"miguel njogu","2026-04-15 22:43:37",1.00000,4,miguelnjogu
141,15625205,lexicai11,"2026-04-15 23:38:48",1.00000,3,lexicai11
142,15625508,mwadhawan,"2026-04-16 00:36:51",1.00000,3,mwadhawan
143,15625774,"suvarchala naidu","2026-04-16 01:01:30",1.00000,3,suvarchalanaidu
144,15625841,"Hoang Thanh Tuyen Vu","2026-04-16 01:10:49",1.00000,4,hoangthanhtuyenvu
145,15625901,"Fei Tan","2026-04-16 01:17:13",1.00000,3,feiwuvvvvv
146,15625924,"Lihuang Su","2026-04-16 01:19:23",1.00000,3,lihuangsu
147,15625949,"Shiqi Liu","2026-04-16 01:22:27",1.00000,3,shiqiliu9629
148,15625968,"Quoc Anh Nguyen01","2026-04-16 01:26:14",1.00000,3,quocanhnguyen01
149,15625966,"Owen Edward Tom","2026-04-16 01:26:12",1.00000,3,owenedwardtom
150,15626001,XianlinXin0321,"2026-04-16 01:31:14",1.00000,3,xianlinxin0321
151,15626122,"Runzhou He","2026-04-16 01:53:59",1.00000,3,runzhouhe
152,15626133,"Dong Zou_Trine","2026-04-16 01:55:54",1.00000,3,dongzoutrine
153,15626250,Yuleyan,"2026-04-16 02:13:59",1.00000,3,yuleyan111
154,15626290,"Gabriele Loureiro","2026-04-16 02:16:25",1.00000,3,gabrieleloureiro
155,15626377,"Arpan Ojha #2","2026-04-16 02:21:22",1.00000,3,arpan987965
156,15626379,TengyangZhang,"2026-04-16 02:22:48",1.00000,3,tengyangzhang
157,15626169,"Yuho Kasuga123","2026-04-16 02:24:36",1.00000,4,yuhokasuga123
158,15626452,"Zixin Zhou","2026-04-16 02:31:46",1.00000,3,zixin99
159,15626493,"jianghao xue","2026-04-16 02:38:52",1.00000,3,jianghaoxue
160,15626514,"Darren Rawding","2026-04-16 02:41:56",1.00000,3,darrenrawding1
161,15626550,"Md Majedul Hasan","2026-04-16 02:49:36",1.00000,3,mdmajedulhasan254
162,15626610,"Abhisekh Ranabhat","2026-04-16 02:58:19",1.00000,3,abhisekhranabhat
163,15626621,Jiali@L@L,"2026-04-16 03:02:11",1.00000,3,jialill
164,15626658,"Catherine S","2026-04-16 03:03:30",1.00000,3,catherinelss
165,15626665,"Shyam Konagala","2026-04-16 03:05:36",1.00000,3,shyamkonagala
166,15626579,"Maram Al daraiseh","2026-04-16 03:04:57",1.00000,6,maramaldaraiseh
167,15626668,zhangyanma,"2026-04-16 03:07:00",1.00000,3,zhangyanma
168,15626694,"Akshith Gara","2026-04-16 03:10:52",1.00000,3,akshithgara
169,856969,rbakshee,"2026-04-16 03:27:08",1.00000,3,rahulbakshee
170,15626844,Hrana1504,"2026-04-16 03:33:19",1.00000,3,hrana1504
171,15626849,"Dhruvi Bhagat","2026-04-16 03:35:34",1.00000,3,dhruvibhagat
172,15626899,"Jerry OS Ren ","2026-04-16 03:41:41",1.00000,3,jerryosren
173,15626934,"Samiksha Ghimire1","2026-04-16 03:47:13",1.00000,3,samikshaghimire1
174,15626982,yessirskip,"2026-04-16 03:54:16",1.00000,3,yessirskip
175,15627087,"Z Wang #2","2026-04-16 04:10:42",1.00000,3,z6wang
176,15627122,ShaoyuZhang123,"2026-04-16 04:18:19",1.00000,3,shaoyuzhang123
177,15627683,Carrie003,"2026-04-16 05:52:12",1.00000,3,carrie003
178,15582092,고재현,"2026-04-22 03:08:13",1.00000,16,mt2202
179,15633007,"Bo Dong - Trine","2026-04-16 17:51:13",1.00000,3,bodongtrine
180,15197934,"abiyyu syauqi","2026-04-16 20:35:16",1.00000,10,abiyyusyauqi
181,15634007,"Satish Pinnamareddy","2026-04-16 21:36:55",1.00000,3,satishpinnamareddy
182,15634164,"Osama Siddiqui #2","2026-04-16 22:42:05",1.00000,3,trinebigdata
183,15634293,"Arjuman Aly","2026-04-16 23:36:35",1.00000,3,arjumanaly
184,15636557,"yanan wang #2","2026-04-17 08:17:40",1.00000,1,yananwang258
185,15620998,MeisterProper67,"2026-04-17 14:01:07",1.00000,5,meisterproper67
186,15638593,"Katerine Forero","2026-04-17 14:03:55",1.00000,1,katerineforero
187,15606608,"Andres Felipe Diaz Campos","2026-04-17 17:07:50",1.00000,3,andres1003
188,15642391,"Dalong Chen","2026-04-18 03:10:06",1.00000,3,dalongchen2026
189,15643325,"Lucas Escher","2026-04-18 06:10:34",1.00000,3,lucasescher
190,15601014,"Rutang Patel","2026-04-18 07:51:19",1.00000,21,rutangpatel
191,15646785,"tian airgt","2026-04-18 16:08:55",1.00000,1,tianairgt
192,15646512,xiaozhougai,"2026-04-27 11:02:23",1.00000,11,xiaozhougai
193,15647777,xxxxliu,"2026-04-18 19:21:28",1.00000,3,xxxxliu
194,15648027,"Shradha Basnet","2026-04-18 20:35:34",1.00000,3,shradhabasnet
195,15650221,"Mingshu Yao","2026-04-19 07:46:05",1.00000,3,mingshuyao
196,15652553,DanielUsim,"2026-04-19 15:08:59",1.00000,3,danielusim
197,15652895,"Ronak Goyal","2026-04-19 16:26:39",1.00000,3,ronakgoyal29
198,15653305,"Pratheek Voona","2026-04-19 17:48:32",1.00000,3,pratheekvoona
199,15653969,"Dimitris Fountos","2026-04-19 20:42:47",1.00000,4,dimitrisfountos
200,15654321,"Lemine El Bechir","2026-04-19 22:41:12",1.00000,3,lemineelbechir
201,15654330,"Quinn YANG","2026-04-19 22:42:18",1.00000,3,silvercorn
202,15733450,"Omer Cris","2026-04-24 18:17:30",1.00000,3,omercris
203,15761153,"Function AI","2026-04-28 07:44:26",1.00000,9,functionai
204,15102522,@dimas337tum,"2026-05-09 07:27:20",1.00000,2,dimas337tum
205,15789143,lenghuihuang,"2026-04-30 03:22:14",1.00000,3,lenghuihuang
206,15257581,"Samyakraj Bayar","2026-04-30 18:09:41",1.00000,1,samyakrajbayar
207,15804502,"Hongchul Lee (redggum)","2026-05-03 06:45:51",1.00000,21,hongchulleeredggum
208,15768623,weiyu85,"2026-05-03 08:46:33",1.00000,2,weiyu85
209,13296257,"Amr El3RAB","2026-05-04 05:25:19",1.00000,1,el3rab
210,15322983,"Jeki Wan Taufik #2","2026-05-04 17:26:52",1.00000,6,jek1wantaufik
211,15850685,齋藤颯心,"2026-05-04 14:01:30",1.00000,3,earlgreytea15
212,14879560,"Баянмөнх Түвшинбаяр","2026-05-05 04:00:53",1.00000,1,vpermillion
213,15855301,"Team name is already in use.","2026-05-05 06:12:45",1.00000,2,hanxiao8080
214,15787197,SBAC05,"2026-05-06 08:36:54",1.00000,2,sbac05
215,15872255,"Altin Demku","2026-05-06 12:50:13",1.00000,6,altindemku
216,15872322,"Martin Hajnik","2026-05-06 12:52:12",1.00000,6,martinhajnik
217,15872121,"Kian Karimi","2026-05-06 12:52:16",1.00000,4,figgokian
218,15872628,erixh1,"2026-05-06 13:11:23",1.00000,4,erixh1
219,15889321,"spencer poisseroux","2026-05-08 00:02:07",1.00000,11,spoisseroux
220,15875530,"Theodor SChneider","2026-05-11 07:11:12",1.00000,10,theodorschneider
221,15924977,"[Deleted] 9bef72d8-baad-42a7-af12-52595add84f1","2026-05-11 07:39:47",1.00000,4,savicgeorgije
222,15925315,"Georgije Savic","2026-05-11 07:40:45",1.00000,1,georgijesavic
223,15925108,"Matias Varela","2026-05-11 07:42:22",1.00000,5,varelambzz
224,15924886,perrif,"2026-05-11 07:43:41",1.00000,6,perrif
225,15925175,steinemannt,"2026-05-11 07:53:01",1.00000,3,steinemannt
226,15925252,"Lukas Lagler","2026-05-11 07:53:31",1.00000,3,lukaslagler
227,15924973,"Ajla Ponjevic","2026-05-11 07:59:25",1.00000,8,ajlaponjevic
228,15925076,"Marc Blaettler","2026-05-11 08:53:52",1.00000,5,marcblaettler
229,15924968,NoePec,"2026-05-11 09:13:05",1.00000,6,noepec
230,15925032,"Siro Zambra","2026-05-11 09:13:44",1.00000,6,sirozambra
231,15925268,"Ruven Studer","2026-05-11 09:15:32",1.00000,6,ruvenstuder
232,15926193,"Lukas Lening #2","2026-05-11 09:21:37",1.00000,2,lukaslen
233,15925286,"Max Baglione","2026-05-11 09:25:50",1.00000,8,maxbaglione
234,15908679,"Jana Ilic","2026-05-11 09:24:37",1.00000,14,janailic
235,15925311,"Lena Vadakkel","2026-05-11 11:11:12",1.00000,7,lenavadakkel
236,15928328,"[Deleted] dac35553-9ca4-404b-98d4-0d15788ed8e1","2026-05-11 14:07:22",1.00000,10,del=95d599fb7c549f3d
237,15928787,"benjamin :D","2026-05-11 14:09:00",1.00000,4,benjaminaiforthewin
238,15927430,"Neeraja Kugathasan","2026-05-11 16:06:41",1.00000,2,neerajakugathasan
239,15930271,"Samuel #15","2026-05-11 16:57:37",1.00000,1,samuel1211
240,15928546,tqwuis,"2026-05-12 04:05:58",1.00000,3,tqwuis
241,15924944,"Albion Mucoli","2026-05-12 07:35:01",1.00000,3,albionml
242,15928060,"Fabio Aiello","2026-05-12 07:41:34",1.00000,11,fabioaiello1
243,15401809,Caowo0,"2026-03-14 09:56:33",0.99760,3,caowo0
244,15618728,"Kanishka Dilshan","2026-04-15 02:40:30",0.99760,3,kanishkadilshan96
245,15582157,2704김가은,"2026-04-16 06:17:39",0.99760,22,mt2704
246,15677933,pcasale,"2026-04-21 21:12:24",0.99760,3,pcasale
247,12719475,"typow tymur","2026-05-02 03:54:17",0.99521,65,typowtymur
248,13674882,forres.zhaoc,"2026-05-12 07:33:31",0.99282,204,forreszhaoc
249,15366089,"Zairylle Danica ","2026-03-14 10:04:55",0.99043,5,zairylledanica
250,15333910,"Seb Len","2026-03-20 15:35:54",0.99043,14,seblen
251,15444950,"Alex Manzl","2026-03-29 18:57:37",0.99043,25,alexmanzl
252,15162427,"Himanshu Singh #9","2026-04-11 15:34:23",0.99043,3,themlspecialist
253,15444506,"[Deleted] 69a691ba-307b-416f-9501-f1759862fd48","2026-03-19 20:48:27",0.98803,3,del=278bdd93656c4826
254,15893513,songjinhos,"2026-05-10 08:50:48",0.98803,5,songjinhos
255,15494542,"Omar #11","2026-03-26 12:27:46",0.98564,5,omarafik
256,15636006,Doracodinglife,"2026-04-17 06:43:38",0.98564,1,doracodinglife
257,15631444,"Daniel Bagshawe","2026-04-19 15:13:05",0.98325,20,danielbagshawe
258,15465123,meowmeowmeowmm,"2026-03-22 17:38:13",0.97607,3,netoxichna
259,15466237,Lukeacd,"2026-03-23 00:47:19",0.97607,9,lukeacd
260,15403010,"Gabriel Ng","2026-03-14 15:07:33",0.97368,10,gabrielnghjj
261,4003484,"khaled mohammed","2026-04-08 15:05:35",0.96889,10,master1joker
262,15460021,"Надцина Алина Денисовна","2026-03-21 22:08:22",0.96411,3,alinanadtsina
263,15250309,87630020a,"2026-03-14 09:17:18",0.96172,11,voffmail2
264,15758890,"Chen Chio Cheong","2026-04-28 09:42:37",0.94019,6,chenchiocheong
265,15401305,asdfffdadas,"2026-03-28 11:28:25",0.93301,21,asdfffdadas
266,15457337,"Полищук Валерия","2026-03-21 14:53:08",0.93062,6,valeriya00
267,15463511,"Alina Utusikova","2026-03-22 12:38:23",0.93062,4,alinautusikova
268,15465164,"Гольская Елизавета Вадимовна","2026-03-22 17:22:28",0.92583,1,golskaiaev2005
269,15572190,"Andrew Plute","2026-04-26 16:09:47",0.92583,35,andrewplute
270,15610090,"oliver #3","2026-04-24 15:28:03",0.92583,38,oliverlang
271,15925137,"Marco #13","2026-05-11 08:14:00",0.92105,8,marcoswrld
272,15643576,Bryan326,"2026-04-25 07:22:56",0.90430,17,bryan326
273,15465511,"[Deleted] 4f11f0de-b833-4447-abcf-14a4f89d1be9","2026-03-22 19:06:01",0.90191,2,del=9d48647af39506a6
274,15456628,"Дима Тега","2026-03-21 12:36:38",0.89952,4,edwcverv
275,15456606,"Podlesnaya Maria","2026-03-21 12:37:01",0.89952,1,podlesnayamaria
276,15257283,"Aarav DB","2026-03-22 21:33:14",0.89473,9,aaravdb
277,15353973,zhangliye111,"2026-04-24 05:43:07",0.89473,3,zhangliye111
278,15924950,"Nicola #2","2026-05-11 07:55:53",0.89473,8,nicolapf
279,15927740,"Dennis Greisinger","2026-05-11 12:42:47",0.88995,4,dennisgreisinger
280,15441231,Maya1938732,"2026-03-20 10:45:48",0.88038,10,maya1938732
281,15447875,"Elisabeth ","2026-03-22 17:11:40",0.88038,10,elisabeth7802k
282,15550902,"Bene Arnthof","2026-04-17 12:13:04",0.87799,91,benearnthof
283,15563963,"Kaido #2","2026-04-07 21:17:52",0.87799,2,reakon
284,15487684,"Alperen kısa","2026-05-12 07:39:24",0.87799,22,alperenksa
285,15418310,"Yeyi Ye","2026-03-17 10:44:13",0.87559,9,yeyiye
286,15422835,"Eva Gibert","2026-03-17 18:06:18",0.87559,8,evagibert
287,15431615,meiwendi20080808,"2026-03-18 13:37:50",0.87559,3,meiwendi20080808
288,15431702,guosiqi20080111,"2026-03-18 13:44:10",0.87559,1,guosiqi20080111
289,15742190,zhaozihan20090511,"2026-04-26 06:57:26",0.87559,1,zhaozihan20090511
290,15742205,zhaoruochen20071221,"2026-04-26 07:00:17",0.87559,1,zhaoruochen20071221
291,15742214,mengziyang090328,"2026-04-26 07:01:54",0.87559,1,mengziyang090328
292,15279166,nichuwen20091230,"2026-05-04 02:10:38",0.87559,1,nichuwen20091230
293,12215544,CapKomrad,"2026-03-28 16:26:31",0.87081,20,capkomrad
294,15409406,"Frank Leecher","2026-03-27 01:30:24",0.86602,20,frankleecher
295,15637189,"Mook Maruko","2026-05-09 03:59:38",0.86124,27,mookmaruko
296,15442151,jfrjfnrfndkfmejof,"2026-03-19 17:30:34",0.85645,10,jfrjfnrfndkfmejof
297,15447695,Dedn8ll,"2026-03-20 08:37:11",0.85406,1,amberdeck
298,15447765,"Amber #11","2026-03-20 08:40:28",0.85406,1,amberdeckkk
299,15929242,"Timo PoIzer","2026-05-11 15:09:25",0.84928,3,timopoizer
300,15470348,DenisVasilisinS,"2026-03-23 13:21:55",0.84688,4,denisvasilisins
301,15473419,DenisVasilisin,"2026-03-23 20:09:00",0.84688,6,denisvasilisin
302,15518783,"Aim Dox","2026-03-30 14:29:06",0.84210,2,aimdox
303,15441868,"[Deleted] af37e82a-0cb1-4dad-b7ef-5d1e04c43902","2026-03-19 18:30:24",0.83971,8,del=533677e9623a3edb
304,15441866,"[Deleted] 650a6f7d-746e-4b5d-8295-286663805040","2026-03-19 18:46:09",0.83253,8,del=c88326611195d8cf
305,15731597,"shanji wang","2026-05-03 09:00:12",0.83253,53,shanjiwang
306,15434348,"Georgii Griaznov","2026-03-18 18:35:22",0.83014,1,georgiigriaznov
307,15447820,"Иванова Анастасия Юрьевна","2026-03-22 17:12:08",0.83014,2,vnastt
308,15423231,"Xuanru Guo","2026-03-19 14:50:23",0.82535,4,ataraxiaii
309,15441215,"Aleksandr #11","2026-03-19 12:22:31",0.82535,5,aleksandr009futbol
310,15447300,Varvara/1712,"2026-03-20 07:18:51",0.82535,1,varvara1712
311,15422534,"Dasha К","2026-03-20 10:08:22",0.82535,5,dasha777
312,15448627,"Tema Grouse","2026-03-20 11:13:19",0.82535,1,temagrouse
313,15315259,saljaoui,"2026-04-07 16:02:04",0.82535,11,saljaoui
314,15522857,"HoaiPhong Nguyen","2026-04-27 18:49:40",0.82535,68,hoaiphongnguyen
315,15755293,Hayden_188448787,"2026-04-27 19:05:52",0.82535,1,hayden188448787
316,13930898,"Paul Kim #8","2026-04-27 21:05:38",0.82535,10,mageproger
317,15762682,"Yang Gao #2","2026-04-28 09:11:28",0.82535,5,yanggao0504
318,15675614,"Onabanjo Kofoworola","2026-04-28 20:55:18",0.82535,7,onabanjokofoworola
319,15771811,MATSUCHATARO,"2026-05-01 07:42:25",0.82535,2,matsuchataro
320,15872889,Vintxge,"2026-05-06 12:44:11",0.82535,6,vintxge
321,15875044,"hari mohanathas","2026-05-06 13:14:02",0.82535,5,harimohanathas
322,15872066,CadimaLusiola,"2026-05-06 12:49:40",0.82535,4,cadimalusiola
323,15872672,"Raiyan Mahfuz","2026-05-06 12:50:19",0.82535,7,raiyanmahfuz
324,15875178,Matteo1233e2313,"2026-05-06 14:09:29",0.82535,4,matteo1233e2313
325,15873413,"Enzo Terenziani","2026-05-06 13:13:17",0.82535,6,enzoterenziani
326,15873566,holensteinm,"2026-05-07 05:48:15",0.82535,7,holensteinm
327,15875104,IM23aKevin,"2026-05-07 06:41:55",0.82535,11,im23akevin
328,15875143,Jerome-IMS,"2026-05-07 08:59:14",0.82535,11,jeromeims
329,15875100,"Frederik Spirgi","2026-05-07 09:21:24",0.82535,11,frederikspirgi
330,15906840,"Cong Wen Chen","2026-05-12 06:31:29",0.82535,17,congwenchen
331,15935313,"CAFADAFL Liu","2026-05-12 05:51:32",0.82535,1,cafadaflliu
332,15875151,"Kristian Cerni","2026-05-12 07:48:56",0.82535,9,kristiancerni
333,15752330,"Anna #34","2026-04-27 16:16:34",0.82296,5,annamisaki
334,15432183,sdsdsds,"2026-03-18 14:48:56",0.82057,3,korenkssss
335,15466059,"ann cherednichenko","2026-03-22 22:38:50",0.82057,1,anncherednichenko
336,15556010,"Felix Lindström","2026-04-27 15:52:17",0.82057,10,felixlindstrm
337,15752704,"Naoki Takehara","2026-04-27 22:06:26",0.82057,7,naokitakehara
338,15372633,"Emre Çapar","2026-03-13 13:46:34",0.81818,1,emrecapar
339,15339798,baidarbe01EDU_Astana_03_2026,"2026-04-10 15:01:21",0.81818,17,eloquenttbota
340,15431698,"Alen Demsh","2026-03-18 15:28:42",0.81818,10,alendemsh
341,15444475,"Anastasia Terekhova5","2026-03-19 20:45:39",0.81818,8,anastasiaterekhova5
342,15444470,"Мария Иванова","2026-03-19 20:38:44",0.81818,3,mariia10
343,15184482,"Sunny Ni","2026-03-22 00:46:59",0.81818,17,sunnyni
344,15472300,"TÙNG VŨ HOÀNG","2026-03-23 16:59:58",0.81818,1,tngvhong
345,14969599,hopcos,"2026-05-09 17:15:21",0.81818,165,hopcos
346,15478237,"shuo chen #2","2026-03-24 16:10:20",0.81818,9,shuochen2324
347,15321867,"Dorin-Emilian AVRAM","2026-03-26 23:14:03",0.81818,18,dorinemilianavram
348,15356483,jupanul,"2026-03-30 05:40:03",0.81818,19,jupanul
349,15498553,ximuuu,"2026-04-02 02:48:44",0.81818,24,ximuuu
350,15571876,吧啦!吧啦啦!,"2026-04-07 15:19:45",0.81818,2,balala0001
351,15588552,"Ganesh B.Halakurki","2026-04-10 07:01:32",0.81818,7,ganeshbhalakurki
352,15646834,"chakir benlafkih #2","2026-04-19 11:02:02",0.81818,8,cbenlafk01eduoujda
353,10026523,Kenchii,"2026-04-22 00:34:06",0.81818,2,kenchii
354,14887125,VrushalMore,"2026-05-08 04:34:20",0.81818,16,vrushalmore
355,15875312,"Gian Hari","2026-05-06 13:08:42",0.81818,1,gianhari
356,15906841,mdlmdl,"2026-05-09 15:07:17",0.81818,9,mdlmdl12138
357,15736742,"marly marly","2026-05-11 18:24:39",0.81818,31,marlymarly
358,15397688,"Yayan Guo","2026-03-13 14:39:59",0.81578,2,yayanguo
359,15249996,"Mister Ghostosmoke","2026-03-14 09:42:14",0.81578,1,misterghostosmoke
360,15404358,plmmm21,"2026-03-19 11:04:32",0.81578,11,plmmm21
361,12305998,"Benjamin Storck","2026-03-23 09:50:56",0.81578,9,benjaminstorck
362,15409677,"Monica #6","2026-03-15 23:24:59",0.81578,3,monica1505
363,15411989,2253070,"2026-03-16 09:06:52",0.81578,4,vanity11
364,15412471,2252867&2253050,"2026-03-16 13:10:39",0.81578,5,wang20021119
365,15416256,"Walid Hadri","2026-03-17 14:14:31",0.81578,16,walidhadri
366,15432068,Korenk,"2026-03-18 14:43:11",0.81578,10,korenk
367,15386291,"Leon Xiang #2","2026-04-26 01:35:04",0.81578,8,leonxiang
368,15444170,"[Deleted] 098f0f05-6387-4e46-a32e-ea6e6a36ab1b","2026-03-19 20:37:17",0.81578,10,del=5492f42511d4f2e9
369,15424494,"Диана #2","2026-03-19 20:44:37",0.81578,18,didishka
370,15444360,vicoolyaermilone,"2026-03-19 20:53:15",0.81578,10,vicoolyaermilone
371,15409637,"Hughes,G","2026-03-22 19:06:45",0.81578,10,hughesg
372,15463777,Jyzzzzzzzzzz1,"2026-03-22 12:47:51",0.81578,1,jyzzzzzzzzzz1
373,15463125,"HU RUOQING","2026-03-22 13:02:46",0.81578,10,huruoqing
374,15441036,"Viet Anh Ngo ","2026-03-23 10:50:36",0.81578,17,vietngogm
375,15080194,Nishant30488,"2026-03-26 03:42:58",0.81578,1,nishant30488
376,15501237,"Muqsit Akon Mahin","2026-03-27 10:38:23",0.81578,1,muqsitakonmahin
377,14620276,"[Deleted] b90fd291-f98c-470c-af65-d772793cd03e","2026-03-30 06:55:44",0.81578,4,del=105295e198e0f538
378,15514494,Mefomodo,"2026-03-29 21:01:28",0.81578,1,mefomodo
379,15515656,Dakoata,"2026-03-30 05:38:41",0.81578,10,dakoata
380,15255927,"Md Mahfuz Sumon","2026-05-05 10:36:22",0.81578,4,mdmahfuzsumon
381,15408011,"Déreck M'PO","2026-04-07 14:52:43",0.81578,13,dreckmpo
382,15283332,"Yoshikawa Takashi","2026-04-27 11:31:33",0.81578,322,yoshikawatakashi
383,15377668,"Chloe Zhou","2026-04-06 08:14:06",0.81578,3,chloezhoudev
384,15536782,"Masaru Maeda","2026-04-07 02:45:06",0.81578,27,masarumaeda
385,15569211,IEEM26_111034003,"2026-04-07 07:05:41",0.81578,2,lurayaimonitor
386,15571744,MathsOnChain,"2026-04-08 12:52:06",0.81578,17,mathsonchain
387,15583976,"Wannabe fruitful Ahmed","2026-04-09 13:27:30",0.81578,2,wannabefruitfulahmed
388,15588639,"Santhosh M #2","2026-04-10 06:54:43",0.81578,3,santhoshmuruga04
389,15592262,"Love Golberg","2026-04-12 00:19:55",0.81578,9,lovegolberg
390,15598127,"Adel Bettache","2026-04-13 05:37:52",0.81578,22,adelbettache
391,15371655,liyanrong48,"2026-04-14 02:05:24",0.81578,7,liyanrong48
392,15641783,"Данил Dudukalov","2026-04-18 01:02:09",0.81578,4,dudos228
393,15616384,SAIKHANTSESTSEG.TS,"2026-04-21 06:07:12",0.81578,21,saikhantsestsegts
394,15731979,Asunqiuzhi,"2026-04-29 08:32:39",0.81578,37,aqusun
395,15781683,"Jorge Manrique #2","2026-04-30 09:23:22",0.81578,13,jfmanrique
396,15373176,"Quan Hoang Minh","2026-05-03 12:51:07",0.81578,27,qhm2306
397,15466142,"Bruce Castillo","2026-05-07 17:12:52",0.81578,34,brucecastilloai
398,15373557,kyogosuzuki,"2026-05-09 09:33:37",0.81578,5,key2001
399,14900853,"Rasulbek Qadamboyev","2026-05-11 08:12:49",0.81578,4,rasulbekqadamboyev
400,13709047,maru2481632,"2026-05-12 04:40:43",0.81578,17,maru2481632
401,15644404,"Mauro Martins Pagnez","2026-05-12 00:40:22",0.81578,69,mauromartinspagnez
402,15863781,"Диас Елубай","2026-05-12 06:46:08",0.81578,20,dyelubay
403,15390645,lokidera,"2026-03-16 09:52:33",0.81339,10,lokidera
404,15407282,"zhaoyang yang","2026-03-16 14:52:19",0.81339,11,yangmitu
405,15298894,gr33ndev,"2026-03-19 14:40:03",0.81339,13,gr33ndev
406,15370717,test_asdadasdada_1,"2026-03-16 19:37:45",0.81339,8,testasdadasdada1
407,15420544,"dengdeng #2","2026-03-17 11:38:57",0.81339,4,dengdeng04
408,15385751,"Kacy Lo","2026-03-17 11:48:21",0.81339,2,kcl005
409,15301062,yunchiehlu,"2026-03-23 07:31:05",0.81339,7,yunchiehlu
410,15494271,"Mateusz Czerniak","2026-03-26 12:03:54",0.81339,2,matcze
411,14622218,"Mankeshwor Chaudhary #2","2026-05-01 15:13:28",0.81339,13,chaudharymankeshwor
412,15576662,"Andrea Serravalle","2026-04-09 15:25:06",0.81339,20,andreaserravalle
413,15584388,hankeem,"2026-04-15 04:15:53",0.81339,3,hankeem
414,15129659,"Văn Đức Anh Trần","2026-05-03 12:19:48",0.81339,37,vncanhtrn
415,15157670,"khunanon ngaobenjakul","2026-05-06 08:00:02",0.81339,19,khunanonngaobenjakul
416,15893738,Songhi2,"2026-05-08 07:50:52",0.81339,2,songhi2
417,15839382,limyoujung,"2026-05-10 03:50:45",0.81339,2,limyoujung
418,15921008,"ayşe berna alca","2026-05-10 18:02:04",0.81339,10,ayebernaalca
419,15921336,"Aaa Bbbxsfs","2026-05-10 18:21:27",0.81339,5,aaabbbxsfs
420,15921415,Harunysf123-,"2026-05-10 18:42:00",0.81339,3,harunysf123
421,15113958,_MohaKH_123,"2026-05-10 20:48:03",0.81339,9,mohakh123
422,15522471,"minjung kim","2026-05-11 09:33:40",0.81339,2,mnnjgk
423,15931541,sfuman,"2026-05-11 21:09:18",0.81339,8,sfuman
424,15875168,Manuel_Buerki,"2026-05-12 07:15:46",0.81339,13,manuelbuerki
425,15861605,"Euiyoung Lee","2026-05-12 14:41:34",0.81339,2,leuiy0922
426,15406934,2252873,"2026-03-16 07:34:48",0.81100,6,dhu2024betadata
427,15330196,"GILMAR VIEIRA","2026-03-17 22:28:55",0.81100,6,gilmarvieira
428,15429538,"Zhukova Lubov","2026-03-18 13:47:44",0.81100,10,zhukovalubov
429,9060275,"Aí Linh Trương","2026-03-20 15:45:44",0.81100,30,alinhtrng
430,15400669,"Trương Ái Linh","2026-03-20 16:35:04",0.81100,27,trngilinh
431,15375679,"chan mitchi","2026-03-20 16:43:03",0.81100,17,chanmitchi
432,15386409,pushedcar,"2026-03-19 01:58:12",0.81100,7,pushedcar
433,15435343,I367940,"2026-03-19 08:55:40",0.81100,15,i367940
434,15412744,Jachinam,"2026-03-21 07:22:36",0.81100,27,jachinam
435,15459938,"Alan C #3","2026-03-22 22:52:09",0.81100,12,cussen
436,15465310,"Lobanova Anastasia Sergeevna","2026-03-22 20:24:32",0.81100,5,analobanova
437,15264364,Kazuhiro_Yogo,"2026-04-30 08:43:25",0.81100,26,kazuhiroyogo
438,14824067,"Tung Pham #2","2026-03-25 15:08:32",0.81100,4,tungpham1998
439,15322491,"Roman Reiter","2026-03-29 18:16:40",0.81100,56,romanreiter
440,15512007,"Siri Strøm","2026-03-29 11:56:26",0.81100,6,siristrm
441,15513688,ai25m036,"2026-03-29 20:16:54",0.81100,10,ai25m036
442,15484168,"Tabasum Aslam","2026-03-30 04:14:24",0.81100,21,tabasumaslam
443,15548291,"Michael Day #2","2026-04-15 00:03:29",0.81100,12,michaelday99
444,15570547,IEEM26_112034039,"2026-04-07 15:21:01",0.81100,10,truephone
445,15555329,DarkAr7,"2026-04-08 14:58:56",0.81100,27,darkar7
446,15405985,khiraga,"2026-04-09 11:47:36",0.81100,21,khiraga
447,15625235,Freddy128,"2026-04-27 22:16:44",0.81100,12,freddy128
448,15635683,B11323022蔡詩軒,"2026-04-17 06:14:16",0.81100,10,b11323022
449,15605987,不知道会不会,"2026-04-20 03:07:31",0.81100,9,yyyuuu0
450,15600609,"Takumi Saito","2026-04-26 06:52:00",0.81100,13,taku09
451,15739332,"Kyaw Si Thu","2026-04-26 09:44:33",0.81100,16,kyawsitu
452,15746465,"Hossam EL HABBOULI","2026-04-28 12:25:40",0.81100,13,hossamelhabbouli
453,15529073,"Deniz Karabacak","2026-05-11 17:23:21",0.81100,33,denizkarabacak
454,869348,YingzhouHe,"2026-05-01 01:35:27",0.81100,17,hyz401
455,15922000,"Harsh Tyagi #3","2026-05-11 06:56:53",0.81100,20,harsht2003
456,15925228,zzzfffzx,"2026-05-11 07:32:01",0.81100,1,zzzfffzx
457,15395063,"Minh Đặng Quang","2026-03-21 03:19:06",0.80861,15,iteams24
458,15403103,AshleyAngelGutang,"2026-03-14 14:40:50",0.80861,1,ashleyangelgutang
459,15404337,barosanu',"2026-03-14 21:24:26",0.80861,9,barosanu
460,15412720,"Shao minxia","2026-03-16 12:49:15",0.80861,6,shaominxia
461,15413917,2252859,"2026-03-16 14:52:20",0.80861,6,iszouyiyi
462,15341673,"Clare Tapel","2026-03-17 08:11:26",0.80861,4,clxraban
463,15423926,"Dũng Lê #2","2026-03-17 18:38:36",0.80861,10,leewangduxng
464,15407703,"Dũng Lê","2026-03-17 19:11:07",0.80861,18,wangduxng
465,15408188,dunglequanghe,"2026-03-18 05:48:34",0.80861,19,dunglequanghe
466,15424420,duxng,"2026-03-18 05:51:49",0.80861,6,lewangduxng
467,15431760,"Suay Kis","2026-03-18 14:51:18",0.80861,10,suaykis
468,15385349,"Kean Ivan Suaybaguio","2026-03-18 14:59:52",0.80861,13,keanivansuaybaguio
469,15444051,"Дaрья Ceмковскaя","2026-03-19 19:52:33",0.80861,3,daryasss111
470,15444097,"Айгуль Арсланбекова","2026-03-19 18:56:42",0.80861,1,shinebrightlike
471,15352134,dotvenv,"2026-03-19 19:37:55",0.80861,13,dotvenv
472,15452225,"BNBU Suiyuan Li","2026-03-22 14:20:13",0.80861,10,suiyuanli
473,15429125,"Кirill B","2026-03-22 09:05:29",0.80861,32,irillb
474,15117845,Rambo232,"2026-03-22 16:00:55",0.80861,81,rambo232
475,1909454,fidimanantsoa,"2026-03-27 08:14:20",0.80861,5,fidimanantsoa
476,15504347,"Karina Baldeon","2026-03-28 19:26:34",0.80861,11,karinabaldeon
477,15457218,"Benz Fritz","2026-03-29 16:31:48",0.80861,38,benzfritz
478,3865868,TakahiroFukuda,"2026-04-02 00:50:02",0.80861,30,alextfkd
479,15562381,"Yuma Hijii","2026-04-06 03:42:20",0.80861,6,yumahijii
480,14383915,Yutchy591,"2026-04-08 02:28:46",0.80861,17,yutchy591
481,15582001,letsfo,"2026-04-22 03:03:05",0.80861,25,letsfo
482,15569769,"wei feng qin","2026-04-09 08:26:13",0.80861,8,weifengqin
483,15589623,"Quỳnh Hân","2026-04-11 04:18:39",0.80861,16,qunhhn
484,15594597,いと拓也,"2026-04-24 04:37:28",0.80861,10,lhz222
485,15610903,"ivan bocachica","2026-04-13 19:53:15",0.80861,7,ivanbocachica
486,15612015,"Alejandra Chila","2026-04-14 00:44:46",0.80861,1,alejandrachila
487,2650632,abramc,"2026-05-12 01:17:14",0.80861,42,abramc
488,15632455,DaniF,"2026-04-16 19:29:29",0.80861,5,datadafo
489,15641611,"Elliott Davis","2026-04-18 00:09:53",0.80861,4,elliottdavis139
490,10073056,"Salik Hussaini","2026-04-20 01:35:52",0.80861,13,salikhussaini49
491,15695252,"Justin Quirion","2026-04-22 10:40:25",0.80861,10,justinquirion
492,15695428,"Leopold Madsen","2026-04-22 10:43:48",0.80861,8,leopoldmadsen
493,15662434,"Luke Wengler","2026-04-23 18:51:56",0.80861,16,lukewengler
494,15730222,"juan carlos","2026-04-24 13:41:01",0.80861,10,rastreador
495,15736120,choihk6610@gmail.com,"2026-04-25 10:42:41",0.80861,10,choihk6610gmailcom
496,15495697,"Houston Henderson","2026-04-28 01:25:26",0.80861,21,houstonhenderson
497,15753139,AnnaElsa1,"2026-04-28 03:51:10",0.80861,14,annaelsa1
498,15763296,"Maeve Wei","2026-04-30 01:03:24",0.80861,12,maevewei
499,15459627,"Pavel Semenihin","2026-05-03 11:25:48",0.80861,116,pavelsemenihin
500,15661266,"krishna teja Madineedi","2026-05-01 16:57:53",0.80861,52,krishnatejamadineedi
501,15828159,"Amay Mishra","2026-05-02 14:15:43",0.80861,9,amaymishra11
502,6319856,"Nickita Shirokov","2026-05-02 23:12:38",0.80861,3,nickita2508
503,15632247,"jed puttt11","2026-05-07 15:40:59",0.80861,38,jedputtt11
504,15839264,"Yu Koyama","2026-05-07 05:10:49",0.80861,32,miyabipapa
505,15875226,"Kristian Anastasia","2026-05-06 13:45:37",0.80861,9,kristiananastasia
506,15762821,D_KoerL,"2026-05-08 03:58:31",0.80861,34,dkoerl
507,15921043,Harun18,"2026-05-10 18:22:36",0.80861,10,harun18
508,15401988,"Мария Vulkan","2026-05-10 22:55:38",0.80861,8,khmylova
509,14643690,nb0266,"2026-05-11 05:37:36",0.80861,17,nb0266
510,15931503,"Ada Şahin","2026-05-11 20:50:22",0.80861,7,adaahin
511,15927637,"Levin Morf","2026-05-12 12:35:47",0.80861,16,latranti
512,15938208,"Erik Buser","2026-05-12 13:43:42",0.80861,7,erbu123
513,15359375,"Aaron #27","2026-03-13 13:05:36",0.80622,1,aaronang11
514,15397511,"Mike Oppa","2026-03-13 14:34:34",0.80622,3,mikeoppa
515,15366086,"Frances Dion Jave Iglesia","2026-03-13 14:17:33",0.80622,5,carboxyl
516,15367077,PJGalina,"2026-03-14 08:09:07",0.80622,2,pjgalina
517,15366013,A.luyen,"2026-03-14 09:57:03",0.80622,1,annalizaluyen
518,15365980,ReiMagpali,"2026-03-14 13:05:43",0.80622,10,reimagpali
519,15402725,"Rei Anne Magpali","2026-03-14 13:26:31",0.80622,2,reiannemagpali
520,15366070,"Renz Claro","2026-03-14 15:21:23",0.80622,4,lawrencerayaclaro
521,15369114,"Fer Marie Torres","2026-03-14 13:52:15",0.80622,2,fermarietorres
522,15402916,shandyfc,"2026-03-14 14:24:12",0.80622,7,shandyfc
523,15402850,Ashjadfas,"2026-03-14 14:37:49",0.80622,10,ashjadfas
524,15403084,"unhunhu UwU","2026-03-21 05:23:56",0.80622,22,unhunhu
525,15367132,"Chloe Denise Clutario","2026-03-14 14:47:58",0.80622,3,chloedeniseclutario
526,15358175,n2252925,"2026-03-15 17:50:32",0.80622,10,isuansuan
527,15364468,"Jehsie Ann Nikole Villamor","2026-03-15 15:22:37",0.80622,14,jehsieandv
528,15409309,"Daniel Liu #4","2026-03-16 00:30:22",0.80622,8,danielliu2
529,15413194,silkwool,"2026-03-16 14:54:27",0.80622,3,silkwool
530,15327292,"José Zehentner","2026-03-16 19:41:16",0.80622,10,joszehentner
531,15388952,"Fiohna Bulacito","2026-03-17 02:26:29",0.80622,18,fiohnabulacito123
532,15413830,ptwdasd,"2026-03-17 09:34:12",0.80622,11,ptwdasd
533,15418416,"Shirley #7","2026-03-22 09:34:37",0.80622,9,sl1208
534,15418934,IGHUB24,"2026-03-18 05:23:48",0.80622,8,ighub24
535,15427402,oruka01,"2026-03-18 03:23:14",0.80622,10,oruka01
536,15431824,"Kristine Managuelod","2026-03-18 14:12:59",0.80622,2,kristinemanaguelod
537,15387176,"KC Managuelod","2026-03-18 14:15:48",0.80622,10,kcmanaguelod
538,15431172,huagale,"2026-04-19 20:49:21",0.80622,12,huagale
539,15443743,"Anastasiia Katushkova","2026-03-19 18:53:51",0.80622,3,anastasiiakatushkova
540,15444245,"Amina Medzhidova","2026-03-19 19:22:43",0.80622,1,aminamedzhidova
541,15444462,"Леся Лободина","2026-03-19 20:10:00",0.80622,1,dasslez
542,15440798,Rambo232a,"2026-03-21 08:06:01",0.80622,30,rambo232a
543,8849670,heback,"2026-03-23 00:33:54",0.80622,8,heback
544,15448490,"Nguyen Anh Tu #4","2026-03-23 00:41:08",0.80622,15,nguyenatu
545,15462519,"Sebi Tobi ","2026-04-01 13:23:20",0.80622,28,sebitobi
546,15406052,liuqingren25,"2026-04-09 07:01:55",0.80622,92,liuqingren25
547,15487065,"Yocabel Gidey","2026-03-27 19:08:45",0.80622,8,yocabelgidey
548,13048006,shiiin9,"2026-03-27 05:07:13",0.80622,12,shiiin9
549,15511404,"Jakub Zajega","2026-05-09 12:04:23",0.80622,6,jakubzajega
550,15535266,JoeyChung,"2026-04-02 02:40:35",0.80622,4,joeychung23
551,10398813,JeffFosterUK,"2026-04-09 14:17:54",0.80622,19,jefffosteruk
552,15557777,"Muhammad Hassan Saboor","2026-04-05 06:45:33",0.80622,9,mhassansaboor
553,9939758,"Hamda Aissaoui","2026-04-11 14:57:25",0.80622,28,aissaouihamda
554,15197104,yyy_ch.y.,"2026-04-07 13:30:59",0.80622,14,yyychy
555,523517,fetastein,"2026-04-06 09:54:51",0.80622,1,sybukstein
556,15510476,aoki.kyoya,"2026-04-07 09:34:31",0.80622,3,aokikyoya
557,15599935,"Eric Farag","2026-04-12 00:45:26",0.80622,4,ericfarag
558,15589473,motoscn,"2026-04-13 14:02:08",0.80622,4,motoscn
559,15630667,"wx lee","2026-04-16 12:09:36",0.80622,1,wxleellalala
560,11144582,Saad_51,"2026-04-17 14:02:40",0.80622,7,saad51
561,15301450,"Qixin Xu","2026-04-27 23:49:53",0.80622,47,qixinxu
562,15629466,"Nazlı KUL","2026-04-23 10:14:15",0.80622,25,nazlkul
563,15652810,"Tetsushi Takanishi","2026-04-19 17:23:53",0.80622,3,tetsushitakanishi
564,15605953,如愿以偿,"2026-04-20 03:10:06",0.80622,2,liushuai88
565,15671542,hanle0,"2026-04-21 14:40:19",0.80622,10,hanle0
566,15672575,"yuyuyuyu #2","2026-04-21 16:01:37",0.80622,6,qpqpqpqpqpqpd
567,15682311,"Kurucu Lider","2026-04-22 00:26:04",0.80622,8,kuruculider
568,15660219,zfzflzf,"2026-04-22 02:23:00",0.80622,22,zfzflzf
569,15723250,"Steve Messick","2026-04-23 23:12:08",0.80622,4,stevemessick
570,15645524,sweetteews,"2026-04-24 07:11:56",0.80622,31,sweetteews
571,15722862,"Omid Mahdavi","2026-04-24 22:29:34",0.80622,3,omidmahdavi
572,15021378,"Nyamzaya Elbegsaikhan","2026-04-25 11:32:40",0.80622,18,zienaelbeg
573,15737701,kokinnwakashuu,"2026-04-25 12:24:21",0.80622,10,kokinnwakashuu
574,15750616,SahiyaA,"2026-04-27 18:43:23",0.80622,2,sahiyaa
575,15764517,Isla_D_S_S,"2026-04-28 11:14:55",0.80622,5,pournaim
576,15767953,"Sam 1111111","2026-04-28 15:55:10",0.80622,4,sam1111111
577,15753074,"Adrien Mengosso","2026-04-28 20:39:34",0.80622,3,adrienmengosso
578,15746426,"Hayden Jones","2026-04-30 21:18:52",0.80622,15,haydenjonesyhbboiuip
579,15763226,chloechenh,"2026-04-30 00:55:31",0.80622,24,chloechenh
580,15762745,"jingxi wu","2026-04-29 07:17:43",0.80622,6,jingxiwu929
581,15556653,"Yiğit Emir Cengiz","2026-04-29 20:57:05",0.80622,11,yigitemircengiz
582,13306382,"Zakaria Abid","2026-04-30 21:29:05",0.80622,10,zakariaabid
583,15786874,nan444,"2026-05-01 01:25:41",0.80622,22,comeonspurs
584,15745310,"Павел Семенов","2026-05-03 11:14:24",0.80622,50,pashapasha79
585,15823857,Yehbernie,"2026-05-09 14:29:53",0.80622,19,yehbernie
586,15860111,wyx6656454,"2026-05-05 12:51:18",0.80622,10,wyx6656454
587,15763240,"JZ Zhou","2026-05-07 07:04:13",0.80622,12,gerogezjz
588,15887662,ZakoLewis,"2026-05-07 19:46:43",0.80622,7,zakolewis
589,15877574,Santoshhhhh,"2026-05-08 17:31:03",0.80622,13,santoshhhhh
590,15644045,aaaa1597,"2026-05-12 12:01:37",0.80622,24,aaaa1597
591,15925922,liuyifang123,"2026-05-11 09:56:18",0.80622,5,liuyifang123
592,15927266,"Tino #3","2026-05-11 12:25:39",0.80622,9,tinoxymit2x
593,15927313,"Florian Meier #2","2026-05-11 12:17:42",0.80622,5,florianmeier2
594,15927941,"Cerkini Dion","2026-05-11 12:35:59",0.80622,2,cerkinidion
595,15859670,"zeynep göğüş","2026-05-12 09:59:49",0.80622,10,zeynepgogus
596,15926191,"Jia En Chuah","2026-05-12 13:56:52",0.80622,17,pandaxje
597,12649609,"Plot Terrifiant","2026-03-13 14:24:45",0.80382,10,plotterrifiant
598,15230971,"Xuande Liu","2026-03-21 18:45:17",0.80382,8,xuandeliu1998
599,9962760,"Arthur Silva Lopes","2026-03-14 06:37:59",0.80382,7,arthursilvalopes
600,15366419,"Anna Katrina Co","2026-03-14 07:14:54",0.80382,9,annakatrinaco
601,15162815,WolfyTien88,"2026-03-23 12:54:08",0.80382,3,wolfytien88
602,15161414,Tirion3813,"2026-03-16 15:06:13",0.80382,1,tirion3813
603,15417826,shenxin2252940,"2026-03-17 06:29:53",0.80382,3,smzdvae
604,15382421,"Jemarjo Yu","2026-03-17 09:39:05",0.80382,10,jemarjoyu
605,15421899,castlebeckett,"2026-03-17 14:29:58",0.80382,1,castlebeckett
606,15388672,"Nerijan Sofia Dauz","2026-03-18 14:23:00",0.80382,1,nerijansofiadauz
607,15388927,"Andrei Jared Yuson","2026-03-18 14:26:09",0.80382,6,andreijaredyuson
608,15431915,"Kirill Korenkov12323","2026-03-18 14:26:12",0.80382,10,kirillkorenkov12323
609,15388642,freshtubig,"2026-03-18 15:42:54",0.80382,1,freshtubig
610,4474507,mlvn,"2026-03-19 10:11:30",0.80382,4,melvincabatuan
611,15338533,"Vytautas Jurgaitis","2026-03-19 12:45:45",0.80382,10,vytautasjurgaitis
612,15443534,Vera149848956,"2026-03-19 17:45:24",0.80382,4,vera149848956
613,15444302,"Люба Смирнова","2026-03-19 19:43:45",0.80382,2,smlbvvv
614,15444183,"Kostyuchenko Irina","2026-03-19 19:56:44",0.80382,7,kostyuchenkoirina
615,15441724,AnnaAntonenko586,"2026-03-19 20:52:55",0.80382,9,annaantonenko586
616,15444468,Andrew10203040506,"2026-03-19 20:12:15",0.80382,1,andrew10203040506
617,15444103,"Makarov Evgeniy","2026-03-19 20:33:43",0.80382,4,makarovevgeniy
618,15444601,"Ksenia Fedorova 2306 #2","2026-03-19 20:51:26",0.80382,1,kseniafedorova2306
619,15446190,"Andres Sánchez","2026-03-21 02:23:22",0.80382,9,andressanchezco
620,15325976,"Mirza Zenkic","2026-03-25 15:39:26",0.80382,33,mirzazenkic
621,15476584,"T Kubota","2026-03-24 07:23:37",0.80382,5,tkabot
622,14733011,"Richard Qin #2","2026-03-24 19:15:19",0.80382,4,richardqin404
623,15481153,MatheusWFreire,"2026-03-25 00:16:42",0.80382,4,matheuswfreire
624,13677683,"Shravan Kumar Murki","2026-03-25 19:20:27",0.80382,10,shravankumarmurki
625,15472275,"JULIA PROCOPIO","2026-03-26 23:16:32",0.80382,21,juliaprocopio
626,15303244,"Hekiru Mochizuki","2026-03-29 16:40:13",0.80382,12,hekirumochizuki
627,15216232,"Nil Miquel Martínez","2026-03-29 16:31:36",0.80382,4,nilmiquelmartnez
628,15494387,"Muhammad Awais #5","2026-03-31 15:38:22",0.80382,11,dongamingytpubglite
629,15400937,"Yao op jack","2026-04-01 15:51:00",0.80382,2,yaoopjack
630,8147746,"Syahwiza Dean","2026-04-02 03:37:56",0.80382,6,syahwizadean
631,15536123,HY00YH,"2026-04-02 06:19:17",0.80382,4,hy00yh
632,15547043,TestLoc,"2026-04-03 16:03:01",0.80382,5,testloc
633,14592644,"Mark Kim","2026-04-06 04:58:39",0.80382,2,markk628
634,15555215,"Mansih Pithwa","2026-04-06 15:49:42",0.80382,4,mansihpithwa
635,481883,HideyukiShibata,"2026-04-07 03:46:38",0.80382,13,shivahide
636,15575746,"Göktuğ Arslan","2026-04-08 07:49:07",0.80382,3,goktuarslan
637,15587330,AlexPiggie,"2026-04-10 04:48:44",0.80382,10,alexpiggie
638,14031407,ebisen1444,"2026-04-12 06:11:47",0.80382,20,ebisen1444
639,15612327,"Gabriel Martinez #4","2026-04-14 02:34:09",0.80382,3,gabeil
640,15422263,"Franek Włodarczyk","2026-04-14 21:26:44",0.80382,6,franekwodarczyk
641,15607749,"he liuli","2026-04-21 15:02:03",0.80382,15,heliuli
642,15676008,"Raffaele Perfetto","2026-04-21 20:14:07",0.80382,8,raffaeleperfetto
643,15670376,イッセイ,"2026-04-23 02:41:06",0.80382,21,tanakatech
644,15720739,"Abdullah Bin Noman","2026-04-23 15:51:33",0.80382,6,abdullahbinnoman
645,15739282,RafaQuispe,"2026-04-27 01:47:17",0.80382,12,rafaquispe
646,15741475,"Taylor Clark","2026-04-26 05:14:13",0.80382,3,taylorclark637
647,15745984,"Rafael Sebas Quispe","2026-04-26 20:16:27",0.80382,3,rafaelsebasquispe
648,15752882,mbaxtr,"2026-04-28 16:04:15",0.80382,10,mbaxtr
649,15786202,cyberyimein,"2026-04-29 21:12:48",0.80382,7,cyberyimein9527
650,15503784,MHEENEXYAKPAN,"2026-04-30 21:07:39",0.80382,16,mheenexyakpan
651,15788680,"Brendan Maska1","2026-04-30 02:31:13",0.80382,10,brendanmaska1
652,15789116,BrendanMask,"2026-04-30 02:33:29",0.80382,1,brendanmask
653,15738382,"Паша Паша","2026-05-01 13:55:10",0.80382,42,pashapasha78
654,15802558,"Ishan Singh #5","2026-05-03 10:01:19",0.80382,3,ishxns11
655,15837266,casting,"2026-05-03 10:52:54",0.80382,4,precasting
656,15868679,TimKindt,"2026-05-06 02:26:35",0.80382,7,tkindt
657,15871452,hoangnoobpro,"2026-05-06 08:14:21",0.80382,8,hoangnoobpro
658,15873890,xingxuan,"2026-05-08 05:37:01",0.80382,13,yexingxuan
659,15759579,xcnmrb,"2026-05-06 12:57:06",0.80382,6,xcnmrb
660,15573630,"Ronnakorn Kaewkeeyoon","2026-05-12 13:47:22",0.80382,32,ronnakornkaewkeeyoon
661,15922220,BrillBabyTape,"2026-05-11 12:15:52",0.80382,14,brillbabytape
662,15925439,Dimitrijk,"2026-05-11 07:54:02",0.80382,1,dimitrijk
663,15925206,"Bananini Gerterini","2026-05-11 07:54:06",0.80382,2,bananinigerterini
664,15925336,Rouvennnn,"2026-05-11 08:25:05",0.80382,3,rouvennnn
665,15931242,"Süleyman Furkan Uslu","2026-05-11 20:26:16",0.80382,10,sleymanfurkanuslu
666,15928014,"Süleyman Furkan","2026-05-11 20:29:56",0.80382,10,sleymanfurkan
667,15931223,"Mehmet Göktuğ Arslan","2026-05-11 20:12:48",0.80382,10,mehmetgktuarslan
668,15904667,hyunjun131214,"2026-05-12 11:49:38",0.80382,7,hyunjun131214
669,15853112,"Ismail Sakci","2026-05-12 14:10:06",0.80382,25,ismailsakci
670,15397175,NoahFinaKelly,"2026-03-13 13:32:46",0.80143,3,noahfinakelly
671,15316602,"ELURI ADARSH","2026-03-13 17:46:25",0.80143,1,eluriadarsh
672,15365908,"Ron Marrion Chan","2026-03-14 03:12:10",0.80143,10,ronmarrionchan
673,15400019,"Akhil Palepally","2026-03-14 03:01:34",0.80143,2,akhilpalepally
674,15367205,"lk tim6","2026-03-14 14:59:47",0.80143,10,lktim6
675,13156167,"Baidoc Patric David","2026-03-14 06:47:53",0.80143,1,baidocpatricdavid
676,15402207,rick671,"2026-03-14 11:17:10",0.80143,6,rick671
677,15367218,"Rich Licup","2026-03-14 11:18:24",0.80143,6,richlicup
678,15403365,"Ron Marrion T. Chan","2026-03-14 15:49:33",0.80143,1,ronmarriontchan
679,10993282,"Brian Gasper","2026-03-15 22:06:47",0.80143,2,bryangasper
680,15409491,dlevelb,"2026-03-15 23:17:30",0.80143,2,dlevelb
681,15377962,Honggisarangdan,"2026-03-16 00:38:26",0.80143,3,yongpark83
682,15377929,bigtae9,"2026-03-16 02:23:18",0.80143,1,bigtae9
683,15410644,xzy2252927,"2026-03-16 03:26:48",0.80143,1,xzy2252927
684,15410652,like111,"2026-03-16 03:42:22",0.80143,2,hu2252878
685,15411391,aimmaster,"2026-03-16 06:44:25",0.80143,1,aimmaster
686,15411933,2253035,"2026-03-16 08:29:28",0.80143,1,jonathanjzh
687,15414829,"Denise Kiok","2026-03-16 16:21:14",0.80143,3,denisekiok
688,15415006,"Shahrukh Baloch","2026-03-16 17:25:36",0.80143,7,shahrukhbaloch
689,15416737,"Luca Archenault","2026-03-17 01:15:31",0.80143,2,lucaarchenault
690,15417339,"L N N N N E E","2026-03-17 02:33:47",0.80143,4,lnnnnee
691,15419402,"taowa zhang","2026-03-17 08:32:49",0.80143,1,taowazhang
692,15378327,2252913,"2026-03-17 11:51:33",0.80143,6,pangbai
693,15420841,2252972,"2026-03-17 12:10:06",0.80143,2,shenrenl
694,15421103,"Courage GenitD","2026-03-17 13:28:42",0.80143,7,couragegenitd
695,15388651,"Gavin Joaquin Cuartero","2026-03-18 06:43:14",0.80143,1,gavinjoaquincuartero
696,15428977,quangchinh06,"2026-03-18 06:49:42",0.80143,1,quangchinh06
697,15422655,xml,"2026-03-18 07:43:44",0.80143,18,lxm256
698,15429597,Dazable,"2026-03-18 08:41:06",0.80143,2,dazable
699,15385467,"Zoe Meizon Tan","2026-03-18 12:02:59",0.80143,1,zoemeizontan
700,15439501,"linfeng li111","2026-03-19 07:27:26",0.80143,3,linfengli111
701,15439581,FoxMuze,"2026-03-19 08:15:17",0.80143,8,foxmuze
702,15388652,"Portia Ricabelle Rono","2026-03-19 11:26:41",0.80143,1,portiaricabellerono
703,15442005,Tecnicalit,"2026-03-19 14:02:58",0.80143,1,tecnicalit
704,15431957,Настя,"2026-03-19 14:18:43",0.80143,17,nastya05
705,15430724,"Adelian #2","2026-03-19 15:28:17",0.80143,9,adelka298
706,15442578,"Анастасия Терехова","2026-03-19 19:50:41",0.80143,10,hactr525
707,15443606,"Sofia Borislavskaia","2026-03-19 18:23:26",0.80143,6,sofiaborislavskaia
708,15443929,Mm082630,"2026-03-19 18:39:26",0.80143,4,mm082630
709,15444297,"Ирина #2","2026-03-19 19:34:13",0.80143,1,irinailiash
710,15444299,"Chekrygina Kristina","2026-03-19 19:34:22",0.80143,1,chekryginakristina
711,15444000,wexquizy24_7,"2026-03-19 19:37:23",0.80143,5,wexquizy247
712,15431912,Emiliia8905,"2026-03-19 20:09:26",0.80143,4,emiliia8905
713,15441507,"Злата Репкина","2026-03-19 20:52:19",0.80143,9,repkinazlata2306
714,15444757,"Andrew Bocanegra","2026-04-12 04:29:03",0.80143,3,andrewbocanegra
715,15338006,LWW1206,"2026-03-27 07:14:06",0.80143,7,lww1206
716,11779586,"Jackskyhades GU","2026-03-21 19:18:37",0.80143,5,jackskyhadesgu
717,15461082,"BNBU MaRong","2026-03-22 06:10:24",0.80143,1,bnbumarong
718,14658598,こじぱんとう,"2026-03-22 08:10:02",0.80143,4,mokomoko3
719,15463940,suhaizhou,"2026-03-22 15:11:12",0.80143,8,suhaizhou
720,15465330,"[Deleted] 62e48606-9d14-4cce-9954-ca255eb462fb","2026-03-22 18:51:13",0.80143,10,del=6fae5afbbaead160
721,15466399,icestar44,"2026-03-23 01:05:42",0.80143,3,icestar44
722,15449151,"Goated Prerit","2026-03-24 02:55:58",0.80143,9,goatedprerit
723,15403962,SaintLaplace,"2026-03-24 10:16:53",0.80143,47,saintlaplace
724,635868,"Ray Cajara","2026-03-24 10:29:38",0.80143,1,rtcajara
725,15477803,"Sanyog Talekar","2026-03-24 10:43:18",0.80143,1,sanyogtalekar
726,15477675,"Online Anony","2026-03-25 02:26:14",0.80143,11,onlineanony
727,15458136,"[Deleted] 0a7c4c2b-f6b8-488f-af20-b964f58c5ea1","2026-03-25 17:04:40",0.80143,2,del=4f57e493f079ff8d
728,15468732,"coding jhj","2026-03-27 09:58:11",0.80143,5,codingjhj
729,15501153,"Ларионова Ульяна Сергеевна","2026-04-15 12:22:32",0.80143,6,larionovauliana
730,15504634,"kudom Kouhh","2026-03-28 00:53:19",0.80143,2,kudomkouhh
731,15455781,"Chhayakanta Maharana","2026-03-28 06:41:02",0.80143,11,chhayakantamaharana
732,12579270,NANTENkk,"2026-03-29 12:03:31",0.80143,12,nantenkk
733,15511415,"Sadik Shaik","2026-03-29 09:08:15",0.80143,1,sadikshaik1
734,15511419,"Jeswanth Reddy15","2026-03-29 09:09:21",0.80143,1,jeswanthreddy15
735,15511423,"Chandu #4","2026-03-29 09:10:25",0.80143,1,withsekhar
736,15517006,Charanx6,"2026-03-30 08:49:17",0.80143,1,charanx6
737,15517050,"Pravalika Moparthi","2026-03-30 08:54:26",0.80143,1,pravalikamoparthi
738,15517078,"sai manikanta gudipudi","2026-03-30 08:58:29",0.80143,1,saimanikantagudipudi
739,15517085,"Bollipalli Chakritha","2026-03-30 08:59:18",0.80143,1,bollipallichakritha
740,15517106,Mohan@1523,"2026-03-30 09:01:44",0.80143,1,mohan1523
741,15517107,"Adithya Kasiraju","2026-03-30 09:01:47",0.80143,1,adithyakasiraju
742,15517112,"Hariprasad Madugula","2026-03-30 09:02:47",0.80143,1,hariprasadmadugula
743,15517172,fyzcxfyzcx,"2026-03-31 10:01:51",0.80143,6,fyzcxfyzcx
744,15517315,"Yaswanth Kotte","2026-03-30 09:35:00",0.80143,1,yaswanthkotte
745,15517316,NITISH,"2026-03-30 09:35:06",0.80143,1,nitish9009
746,15517440,"Challa Meghashyam","2026-03-30 09:56:16",0.80143,1,challameghashyam
747,15517451,"jahnavi Yerramsetty","2026-03-30 09:59:06",0.80143,1,jahnaviyerramsetty
748,15364124,"Anirudha Jois","2026-03-30 10:59:37",0.80143,7,anirudhajois
749,15518216,longlong,"2026-03-30 16:42:46",0.80143,3,jiyuanlong
750,4552184,"vitor galante","2026-03-30 19:40:01",0.80143,9,vitorgalante
751,15525056,"Khánh Tường Nguyễn","2026-03-31 14:18:43",0.80143,1,kaboom123vip
752,15525892,mc_yanyao,"2026-03-31 17:07:57",0.80143,1,mcyanyao
753,15524664,"Chang Lu #2","2026-04-01 04:40:47",0.80143,7,denislu
754,15530273,ParsonsMark,"2026-04-07 13:11:02",0.80143,3,parsonsmark
755,15531059,SunTzuPL96,"2026-04-20 12:38:10",0.80143,15,suntzupl96
756,15433848,"Нургуль Ильясова","2026-04-02 11:56:17",0.80143,24,nilyasso
757,13008554,JYXXXX,"2026-04-02 12:01:51",0.80143,5,jyxxxx
758,15541250,"Jacek Irek (Icek)","2026-04-02 21:07:23",0.80143,4,icek96
759,15371619,jyama,"2026-04-03 00:09:38",0.80143,33,yarukikun
760,15542743,"Josue Isaac Elias","2026-04-03 01:59:06",0.80143,10,josueisaacelias
761,15544882,"Manish Maurya #3","2026-04-03 07:12:02",0.80143,1,bruce0001
762,12814415,"Django Jie Max","2026-04-03 14:08:18",0.80143,2,djangojiemax
763,15549845,rjjacky,"2026-04-03 17:57:14",0.80143,1,rjjacky
764,15549950,"Anh Tuấn Nguyễn Châu","2026-04-08 05:12:32",0.80143,14,anhtunnguynchu
765,15554202,PaulStoi,"2026-04-04 12:34:35",0.80143,6,paulstoi
766,13692032,"ryosuke shimokura","2026-05-10 03:38:54",0.80143,48,ryosukeshimokura
767,15557279,Syn114,"2026-04-05 05:35:17",0.80143,2,syn114
768,15558669,"Yule Lei","2026-04-05 13:02:28",0.80143,7,yulelei
769,11141253,"Misato Adachi","2026-04-06 15:51:31",0.80143,1,misatoadachi
770,15454235,선린인터넷고등학교,"2026-04-07 10:43:13",0.80143,11,seowonjang
771,15570163,IEEM26_112034038,"2026-04-07 09:46:23",0.80143,3,s112034038
772,15577109,鹿島祥太,"2026-04-08 11:54:24",0.80143,1,maroka
773,14638753,"Mohana Vamsi","2026-04-08 15:28:46",0.80143,1,mohanavamsi2005
774,15523287,yoshinatakano,"2026-04-14 06:31:52",0.80143,54,yoshinatakano
775,15575747,Syooooo＿0304,"2026-04-09 07:21:47",0.80143,18,syooooo0304
776,15584126,"GENTLEMAN LIU","2026-04-09 12:37:34",0.80143,5,gentlemanliu
777,15582022,3218이남훈,"2026-04-27 02:59:44",0.80143,31,mt241120
778,15588554,"Pruthviraj CN","2026-04-10 06:53:06",0.80143,2,pruthvirajcn
779,15541480,"Eric Xia","2026-04-12 00:13:53",0.80143,40,ericxiareal
780,15607894,"Adria Ruiz","2026-04-20 10:15:28",0.80143,31,adriaruiz
781,15607952,XingYan5498,"2026-04-13 10:29:56",0.80143,5,xingyan5498
782,15611448,ThissFredy,"2026-04-14 00:43:20",0.80143,9,thissfredy
783,15570275,"Wesley Parker","2026-04-14 11:11:42",0.80143,17,wesleyparker661
784,15582103,2304김주연,"2026-04-15 03:31:00",0.80143,13,jooyeon2304
785,15616794,"Barkamol Shavkatbekov","2026-04-15 04:06:44",0.80143,4,barkamolshavkatbekov
786,13588330,山月不止,"2026-04-15 06:39:48",0.80143,2,sanyue12
787,15623805,"KIÊN NGUYỄN THÚC TRUNG","2026-04-15 18:21:14",0.80143,5,kiennguyencse
788,15624196,"Konstantina Vasaiti","2026-04-15 20:02:21",0.80143,2,konstantinavasaiti
789,15601488,"Kien Nguyen #3","2026-04-16 10:00:57",0.80143,12,kiennguyen1906
790,15629742,"Ilja Grigorjev","2026-04-16 10:34:34",0.80143,8,iljagrigorjev
791,15629578,"Vu Le","2026-04-16 11:31:27",0.80143,5,vulemkt
792,15635712,"Michelle #13","2026-04-17 06:12:00",0.80143,2,michelle0702
793,15635606,Kukusa7274,"2026-04-17 06:33:57",0.80143,2,kukusa7274
794,15636030,IDoNotLikeCoding,"2026-04-17 06:47:41",0.80143,1,xiang308
795,15639401,"Duvan Federico Sarmiento Lugo","2026-04-17 15:46:31",0.80143,1,duvan2003
796,15639779,"Ivone Gisela López Cruz","2026-04-17 16:43:26",0.80143,2,ivonegiselalpezcruz
797,15641817,"Есть План","2026-04-18 03:14:02",0.80143,3,yestplanchik
798,15650801,XYang1079,"2026-04-19 19:05:34",0.80143,3,xyang1079
799,15638736,"Asude Nur Karaavcı","2026-04-20 20:37:41",0.80143,9,asudenurkaraavc
800,15657873,武史武田,"2026-04-20 09:17:27",0.80143,1,takeshitakeda
801,15658186,ToFeTo,"2026-04-20 10:03:08",0.80143,2,tofeto
802,15695142,LV_CIS050_26,"2026-04-22 10:22:46",0.80143,3,lvcis05026
803,15701954,hisasioko,"2026-04-23 05:16:57",0.80143,8,hisasioko
804,15706551,liyezhang1c,"2026-04-23 09:53:11",0.80143,2,liyezhang1c
805,15610331,"pedro espejo","2026-04-23 16:32:06",0.80143,13,pedroespejo05
806,15723019,pedroespejo5555,"2026-04-23 21:28:05",0.80143,1,pedroespejo5555
807,15666251,bymotive,"2026-04-27 13:50:53",0.80143,36,bymotive
808,15738576,Rafasebass,"2026-04-25 16:39:00",0.80143,10,rafasebass
809,15734991,"Deng xiaofeng","2026-04-25 16:26:45",0.80143,4,dengxf98
810,15750828,claraLax,"2026-04-28 07:56:49",0.80143,8,datalax
811,15752752,svmm,"2026-04-27 15:56:14",0.80143,2,abcabcbabcba
812,15583833,"Diego Casals","2026-04-27 16:59:02",0.80143,15,diegocasals
813,15753278,"Hiba HANINI","2026-04-28 05:44:08",0.80143,8,hibahanini
814,15763066,WENSHIHANG,"2026-05-07 00:17:50",0.80143,2,wenshihang
815,15752107,"m-toshi desu","2026-04-29 10:03:51",0.80143,3,mtoshidesu
816,2060497,yurahuna,"2026-04-29 05:16:41",0.80143,9,yurahuna
817,15658403,Chylee123,"2026-04-29 05:55:02",0.80143,4,chylee123
818,15789018,dusk44,"2026-04-30 02:25:37",0.80143,1,dusk44
819,15803308,"Lin Chien Hua","2026-04-30 23:28:52",0.80143,7,miracle0930
820,15820852,Adamg15,"2026-05-01 21:27:26",0.80143,1,adamg15
821,15799826,"Punita Shethia","2026-05-02 10:34:18",0.80143,13,punitashethia
822,15831981,"Amged Alfaqih","2026-05-02 20:07:43",0.80143,2,qggggggsysusbs192
823,15841778,"Aruzhan Kartam","2026-05-06 08:34:06",0.80143,3,aruzhankarr
824,15846301,"Oyewale Oyewunmi","2026-05-04 08:11:54",0.80143,1,oyewaleoyewunmi
825,15855898,xuxiaoxiao099,"2026-05-06 11:59:40",0.80143,12,xuxiaoxiao099
826,15862694,"Enes Can","2026-05-11 19:38:53",0.80143,18,enescan297
827,15876982,"Catalina #2","2026-05-06 15:45:44",0.80143,1,catalinakohlhaas
828,15769083,"Nhat Luu Dinh","2026-05-06 17:01:09",0.80143,8,nhatluudinh
829,15879989,"Wosheng Deng","2026-05-06 23:52:01",0.80143,1,woshengdeng
830,15880097,wayne612618,"2026-05-07 08:23:38",0.80143,9,wayne612618
831,15109186,"Kiza #2","2026-05-07 13:47:39",0.80143,4,kiza123123
832,15893578,LIUZHENGTING,"2026-05-08 06:00:07",0.80143,6,liuzhengting
833,15649396,"Mauro Martins #2","2026-05-09 00:01:23",0.80143,62,mauromartins
834,5844397,nilochan,"2026-05-09 02:41:38",0.80143,3,nilochan
835,14161984,"umang jain26","2026-05-09 07:53:07",0.80143,1,umangjain26
836,15908749,"Szymon Kieruk","2026-05-09 11:53:08",0.80143,4,szymonkieruk
837,15905911,"Артем Хунгуреев","2026-05-09 14:14:48",0.80143,2,zener1
838,15874203,denesty,"2026-05-09 14:58:47",0.80143,8,denesty
839,765842,"XU YiZhi","2026-05-10 07:41:47",0.80143,8,spalxyz13
840,15918648,RichSteve,"2026-05-10 16:07:01",0.80143,2,richsteve
841,14485012,"Diego Portillo","2026-05-10 23:27:03",0.80143,5,diegoportillo
842,15919975,"Tomasz Okraszewski","2026-05-11 16:04:13",0.80143,20,tomaszokraszewski
843,15924721,"Qudratillo Xamidjonov","2026-05-11 06:34:26",0.80143,1,qudratilloxamidjonov
844,15925866,"cyz curry","2026-05-12 07:27:04",0.80143,5,cyzcurry
845,15927572,"Choesang Lothritsang","2026-05-11 11:59:06",0.80143,2,choesanglothritsang
846,5373267,"SHIN JINUK","2026-05-11 14:05:59",0.80143,1,shinjinuk
847,15927950,"Berken Güreş","2026-05-11 23:21:43",0.80143,3,berkengre
848,15938368,"Влад Кривошеин","2026-05-12 12:12:30",0.80143,6,wefewf2132
849,15394459,"Joycelyn Adjekum","2026-03-13 12:49:43",0.79904,1,adjekumjoycelyn
850,15389614,"Thea David","2026-03-15 05:47:13",0.79904,20,theadavid
851,14252963,Jackylw,"2026-03-14 03:18:11",0.79904,4,jackylw
852,11802917,"Kernel Miguel Llanes","2026-03-14 13:53:28",0.79904,9,kernelmiguelllanes
853,15404522,"Shivam Pawaskar","2026-04-02 15:36:43",0.79904,9,shivampawaskar
854,15386319,"Althea David","2026-03-15 05:17:22",0.79904,14,altheadavid
855,15407857,xu0614,"2026-03-16 09:49:35",0.79904,7,xu0614
856,13029757,xiaofei1108,"2026-03-16 12:59:15",0.79904,7,xiaofei1108
857,15413579,lyl1108,"2026-03-16 13:01:03",0.79904,1,lyl1108
858,15413638,Boletb,"2026-03-16 13:12:35",0.79904,1,boletb
859,15414673,"宋 2253027","2026-03-17 05:23:34",0.79904,8,sohatin
860,15414957,2252962,"2026-03-16 16:41:33",0.79904,4,zzhou233
861,10872435,RockingMat,"2026-03-17 16:08:34",0.79904,12,rockingmat
862,3541176,theworldtraveller,"2026-03-17 01:31:47",0.79904,3,worldtraveller678
863,15417587,"Joon Hwan Suh","2026-03-17 04:22:27",0.79904,10,joonhwansuh
864,15421170,"Sherif Azeema","2026-03-17 23:40:46",0.79904,2,sherifazeema
865,15385991,"Ivan Suay","2026-03-18 13:49:28",0.79904,10,ivansuay
866,15422344,EasonZzzZzz,"2026-03-18 14:33:29",0.79904,20,easonzzzzzz
867,15356185,Yama0815,"2026-03-24 12:08:26",0.79904,20,yama0815
868,15461569,"Chen yang","2026-03-22 10:24:15",0.79904,10,chenyang111777
869,8016966,"Shon Meckfessel","2026-03-22 18:10:59",0.79904,4,shonmeckfessel
870,15471123,"Jakob Schirdewahn","2026-03-23 14:43:06",0.79904,4,jakobschirdewahn
871,15357908,iamgqr,"2026-03-29 06:38:08",0.79904,1,iamgqr
872,15511114,allenryzen2025,"2026-03-29 08:42:28",0.79904,6,allenryzen2025
873,15516540,Arkweedy,"2026-03-30 10:04:59",0.79904,6,arkweedy
874,1713977,Nanki_Rhie,"2026-04-02 09:10:24",0.79904,24,kanon93
875,15545742,z1west,"2026-04-03 09:41:45",0.79904,2,z1westumang
876,15553622,"Lequan Zhang","2026-04-06 15:30:10",0.79904,7,lequanzhang
877,15555813,EAI090890,"2026-04-05 19:54:48",0.79904,7,eai090890
878,15567320,"James Adcock","2026-04-06 20:52:13",0.79904,1,jamesadcock
879,15566065,magicpapa,"2026-04-07 07:28:40",0.79904,8,magicpapa
880,15573294,"Георгий Васьков","2026-04-07 20:03:34",0.79904,10,georgiiguskov
881,15556989,yangqingqingOUC,"2026-04-09 06:32:34",0.79904,32,yangqingqingouc
882,15591057,"Silouane Chouteau","2026-04-10 15:31:47",0.79904,10,silouanechouteau
883,15592533,"Jake Peterson #2","2026-04-10 20:24:29",0.79904,10,jakepete29
884,15595697,"Мухамбетали Жумалы","2026-04-15 09:28:44",0.79904,12,mukhambetali
885,15582161,3209박도연,"2026-05-06 00:14:30",0.79904,35,miaewq
886,15515000,"Lucas Gottdenker","2026-04-17 23:54:56",0.79904,7,lucasgottdenker
887,15672470,"AVANTIKA TRIPATHI","2026-04-21 18:16:25",0.79904,7,a1tika
888,15697829,Psyche618,"2026-04-22 14:25:20",0.79904,5,psyche618
889,15696640,"issei nomura","2026-04-23 02:42:34",0.79904,11,isseinomura
890,15704005,J432212312,"2026-04-24 07:12:59",0.79904,14,j432212312
891,15731656,"Fernando #16","2026-04-24 18:43:14",0.79904,3,fernandobastiasc
892,15727641,"Xinyang Jiang","2026-04-25 02:25:37",0.79904,13,xyjiangzju
893,15736501,"Rayan tan","2026-04-25 15:31:53",0.79904,10,rayantan
894,15736466,siveci,"2026-04-25 12:51:11",0.79904,6,siveci
895,15736779,javawen,"2026-04-28 03:07:43",0.79904,3,javawen
896,15752403,anna1314,"2026-04-27 16:06:19",0.79904,10,anna1314
897,15753349,"Sagar Pal","2026-04-27 16:43:21",0.79904,4,sagarpal
898,15755909,"yasser benna","2026-04-27 20:25:50",0.79904,5,yasserbenna
899,15768757,Manky0,"2026-04-28 20:34:31",0.79904,10,manky0
900,15698426,"Daniel Munyiri","2026-05-07 19:59:12",0.79904,45,danielmunyiri
901,15789168,BrendanMaskaa,"2026-04-30 02:36:14",0.79904,1,brendanmaskaa
902,15796519,"Siyuan Yangss","2026-04-30 15:10:44",0.79904,7,siyuanyangss
903,15731630,"Varun #13","2026-05-01 20:42:28",0.79904,3,ui7tfdrxytt7r6t
904,15850340,"yuki #12","2026-05-06 13:41:47",0.79904,4,yukiiii
905,9424507,たかゆき,"2026-05-07 00:49:50",0.79904,10,takayuki0127
906,15894755,"Suvom Sonal Pati","2026-05-08 11:37:13",0.79904,9,suvomsonalpati
907,15907474,yeyunxiao,"2026-05-09 08:11:07",0.79904,3,yeyunxiao
908,15915599,"Yawen Zuo","2026-05-10 05:25:52",0.79904,4,yawenzuo
909,15743558,"Resul Özkale","2026-05-11 11:00:37",0.79904,22,resulzkaledsw
910,15938716,"yuan tx","2026-05-12 13:09:57",0.79904,4,yuantx
911,15397773,"Teytey David","2026-03-13 15:09:25",0.79665,10,teyteydavid
912,9529880,AndrewWt,"2026-04-08 05:54:04",0.79665,17,antflying
913,15403107,"Kristina Shcheglova","2026-03-27 21:28:35",0.79665,10,levellan
914,15404367,Kaumil,"2026-03-18 05:05:18",0.79665,5,kaumil
915,15408139,bkwjk11,"2026-03-15 16:28:14",0.79665,1,bkwjk11
916,15426307,Dinozawrik,"2026-03-18 00:29:52",0.79665,2,dinozawrik
917,15427017,oruka00,"2026-03-18 02:46:14",0.79665,10,oruka00
918,15133561,taglat,"2026-05-05 13:00:26",0.79665,37,taglat
919,15421477,TakiThun,"2026-03-19 15:57:12",0.79665,5,takithun
920,15445657,"manyu ika","2026-03-21 08:56:37",0.79665,11,manyuika
921,15449588,JiyuanXiao,"2026-03-20 13:25:54",0.79665,4,jiyuanxiao5778
922,15338258,晞Lnx121915,"2026-03-21 15:08:49",0.79665,4,lnx121915
923,15272444,"Lamis Chaieb","2026-03-23 22:06:29",0.79665,6,lamischaieb
924,15459378,KD02,"2026-04-03 01:45:09",0.79665,27,kdtdao
925,15457318,"Yogesh Kardile","2026-03-23 16:49:18",0.79665,16,yogeshkardile
926,15440000,giwonb612,"2026-03-25 01:23:52",0.79665,54,giwonb612
927,753208,"Edward 6","2026-03-25 09:13:19",0.79665,12,naohirokimura
928,15483788,"Siddharth Jagadale","2026-03-27 11:11:25",0.79665,17,siddharthjagadale
929,15494116,"Narsing Mundhe","2026-03-27 12:52:51",0.79665,7,narsingmundhe
930,15519137,"Sami Frih","2026-03-30 16:16:20",0.79665,3,samifrih
931,15519529,"stefan hromada","2026-03-30 18:54:47",0.79665,10,stefanhromada
932,12626942,"i Ilo RANDRIANATOANDRO","2026-03-31 08:03:05",0.79665,33,iilorandrianatoandro
933,15517908,"Gorkov Anton","2026-03-31 10:00:34",0.79665,13,gorkovanton
934,13194075,Ahmadooof,"2026-04-07 05:14:21",0.79665,26,ahmadooof
935,14991252,"Stas Chereshkevich","2026-04-02 17:32:50",0.79665,7,staschereshkevich
936,15550828,"Sunny Ying","2026-04-06 20:39:07",0.79665,7,ysunnyying
937,15155077,"Giovanni Persio","2026-05-05 20:07:36",0.79665,70,giovannipersio
938,15558197,"Naviya- C","2026-04-05 08:26:44",0.79665,10,naviyac
939,14170127,tanwtl,"2026-04-05 08:34:10",0.79665,4,tanwtl
940,15559440,Shirakawa,"2026-04-05 15:13:59",0.79665,5,shirakawa22
941,15484334,Setlok,"2026-04-06 10:05:31",0.79665,49,setlok
942,15484348,Harshal_Ug,"2026-04-06 10:20:43",0.79665,13,harshalug
943,15547305,"Jacob Beskow","2026-04-07 09:51:58",0.79665,13,jacobbeskow
944,15369258,"Enzo Ramirezz","2026-04-09 14:57:13",0.79665,58,enzoramirezz
945,15557830,iiitoeyyy,"2026-05-03 14:31:35",0.79665,77,iiitoeyyy
946,15587592,"Marcus C","2026-04-10 22:47:32",0.79665,2,yeye17
947,15297720,"Esteban Fonseca","2026-04-10 03:46:42",0.79665,1,estebanfonseca
948,15553404,"Abdoul NCUTI","2026-04-10 12:08:54",0.79665,3,abdoulncuti
949,15590758,Ansarsky,"2026-04-10 13:46:34",0.79665,1,ansarsky
950,15343904,"Artem Ligai","2026-04-14 07:09:05",0.79665,6,artemligai
951,15578424,hamachi_cha,"2026-04-12 12:36:56",0.79665,22,hamachicha
952,15570169,"Matt Belcher85","2026-04-11 14:38:15",0.79665,9,mattbelcher85
953,15572127,"Mathieu Sibeoni","2026-04-11 18:34:51",0.79665,33,mathieusibeoni
954,15606132,"Quentin Maucher #2","2026-04-13 03:19:18",0.79665,2,quentinmaucher2
955,15610068,"Bishal Acharya","2026-04-13 16:14:02",0.79665,6,bishalacharya45
956,15414320,"Quentin Maucher","2026-04-14 14:33:45",0.79665,34,quentinmaucher
957,15599480,Nazarov_Mikhail,"2026-04-19 20:22:35",0.79665,42,mikhail84
958,15608730,"Asliddin Abdurakhimov","2026-04-15 03:58:52",0.79665,5,asliddinabdurakhimov
959,15622992,"Tùng Hoàng Lâm","2026-04-29 03:50:58",0.79665,25,tnghonglm
960,15628580,"jed puttt","2026-04-18 12:50:07",0.79665,30,jedputtt
961,15627294,"jed put","2026-04-18 14:03:13",0.79665,19,jedput
962,15637216,"guanyu wu","2026-04-24 02:38:00",0.79665,12,iwuocoi
963,15658759,"Mike Tianyi HE","2026-04-20 11:56:48",0.79665,5,miketianyihe
964,15626702,"Jedsa Put","2026-05-03 13:57:25",0.79665,51,jedsaput
965,15653408,"Paulo C. Pereira","2026-04-20 21:23:35",0.79665,8,paulocpereira
966,15654946,YOUBYOUNG,"2026-04-22 06:44:27",0.79665,6,youbyoung
967,15658848,"Merve Uçan","2026-04-22 15:50:56",0.79665,13,merveucan
968,15703891,"Fabrizio Rocha","2026-04-23 20:35:35",0.79665,5,fabriziorocha
969,15731781,"Amber Fisher #4","2026-04-24 14:22:24",0.79665,10,sta629project
970,15734494,"Abdellah Bensalem","2026-04-24 22:42:19",0.79665,4,abdellahbensalem
971,15634506,nori8774,"2026-04-26 12:07:31",0.79665,38,norimasayamamoto
972,14600248,kabynks,"2026-04-28 07:42:52",0.79665,8,kabynks
973,15745836,"Kamil Boussaha","2026-04-28 14:23:18",0.79665,6,kamilboussaha
974,15768861,"Célestin-Mattéo-Tom Ensimag","2026-04-28 16:43:35",0.79665,1,celestinm
975,15771367,"Carlos Engler","2026-04-28 21:42:58",0.79665,6,carlosengler
976,15738611,"Chocolate Technology","2026-05-06 10:43:09",0.79665,24,chocolatetechnology
977,3936757,"Vecheslav Eremeev","2026-05-12 01:26:42",0.79665,89,lorddiablo74
978,15513156,久原祐輝,"2026-04-29 13:24:53",0.79665,34,yuki0524
979,15735050,"Chris Scott","2026-04-29 17:44:35",0.79665,43,chrissscottt
980,15821864,"Melvin LeeWT","2026-05-02 02:28:54",0.79665,6,melvinleewt
981,15831547,rrc1052,"2026-05-02 20:48:21",0.79665,10,rrc1052
982,15845859,"Adarsh Anshuman","2026-05-07 14:40:26",0.79665,7,adarshanshuman
983,15862370,Mist000000,"2026-05-06 12:46:01",0.79665,14,mist000000
984,14797739,Marina_LM08,"2026-05-11 11:56:38",0.79665,64,marinalm08
985,15895563,"Evgenii Kovrov","2026-05-08 09:27:05",0.79665,10,evgeniikovrov
986,15909979,xuanyang001,"2026-05-09 12:34:06",0.79665,2,xuanyang001
987,15924137,"Aruno Sai","2026-05-11 06:05:51",0.79665,10,arunosai
988,15888270,"Michael Romeo A","2026-05-12 12:29:20",0.79665,27,michaelromeoa
989,15933546,Tadanobonsai,"2026-05-12 05:19:02",0.79665,10,tadanobonsai
990,15877781,"Alper Tunga Güven","2026-05-12 13:13:29",0.79665,26,alpertungagven
991,15938631,"Valerie Kurniawan","2026-05-12 12:38:31",0.79665,2,valeriekurniawan
992,15396939,"Santana Merrell ","2026-03-13 11:46:29",0.79425,1,santanamerrell
993,15399026,Sierraki,"2026-03-13 20:13:20",0.79425,2,sierraki
994,11087999,"Vaibhav Si6465","2026-03-14 12:53:25",0.79425,11,vaibhavsi6465
995,15404451,Karlern,"2026-03-14 22:11:05",0.79425,1,karlern
996,14069205,"John D Reynolds","2026-03-30 12:09:37",0.79425,7,johndreynolds
997,15390885,"Tey David","2026-03-15 07:29:50",0.79425,17,teydavid
998,13109066,Blacklist,"2026-03-15 07:16:34",0.79425,1,samsagar
999,15405747,小杨不困,"2026-03-15 08:15:55",0.79425,1,serenabell
1000,15371288,"Nastya Sivko","2026-03-15 16:32:26",0.79425,26,nastyasivko
1001,15402713,"An Sivko","2026-03-20 08:09:58",0.79425,16,ansivko
1002,15379125,w4nn4b3M4ST3R,"2026-03-16 05:55:59",0.79425,1,litrntr
1003,15352748,RybaFM,"2026-03-16 19:06:18",0.79425,1,rybafm
1004,15389496,Nataliepasnatalie,"2026-03-17 11:00:27",0.79425,21,nataliepasnatalie
1005,15415957,jantramos,"2026-03-18 03:31:05",0.79425,24,jantramos
1006,15419031,Baba_Is_Here,"2026-03-17 08:35:40",0.79425,2,babaishere
1007,15419263,zzgn0882,"2026-03-17 09:27:26",0.79425,10,chuanzhaoli
1008,15419951,"marque orient","2026-03-22 13:53:20",0.79425,2,marqueorient
1009,15420897,"Christian Uaje","2026-03-17 12:19:49",0.79425,3,christianuaje
1010,15424824,"Bảo Huỳnh Gia","2026-03-18 05:45:25",0.79425,6,nhoxb1205
1011,13212438,"Tim Cao","2026-03-18 06:37:45",0.79425,25,timcao
1012,15379300,HoangTimothy,"2026-03-18 05:01:01",0.79425,4,hoangtimothy
1013,15431247,"Ajneya Lal","2026-03-18 13:05:30",0.79425,10,ajneyalal
1014,15431177,"Alena Demysheva","2026-03-19 20:55:11",0.79425,12,alenademysheva
1015,15318680,yeee6280,"2026-03-19 02:24:37",0.79425,7,yeee6280
1016,15435351,mkrvnst,"2026-03-18 21:31:47",0.79425,10,mkrvnst
1017,15413521,"BNBU wangziye","2026-03-19 02:32:14",0.79425,2,bnbuwangziye
1018,15431453,"Анастасия Макарова","2026-03-19 14:02:16",0.79425,20,makarovanastia
1019,15443703,"Timothy Puthukkeril","2026-03-19 18:52:14",0.79425,10,timothyputhukkeril
1020,15442709,"Anna Kuznetsova 2306","2026-03-19 19:44:33",0.79425,10,annakuznetsova2306
1021,15444887,"Полина Климова","2026-03-19 23:01:37",0.79425,8,polinaklimova55
1022,15458521,Fus2005,"2026-03-21 16:30:46",0.79425,5,fus2005
1023,15455044,Tanmoy_Das044,"2026-03-21 19:14:07",0.79425,6,tanmoydas044
1024,15465710,Norace2002,"2026-03-22 21:22:26",0.79425,10,norace2002
1025,15466205,dubedubedu,"2026-03-23 00:43:14",0.79425,12,dubedubedu
1026,15466420,dubedubeduu,"2026-03-23 01:12:58",0.79425,10,dubedubeduu
1027,15393207,"Phillip Nandin","2026-04-21 19:15:06",0.79425,7,phillipnandin
1028,15355264,"Andreas Wallnöfer","2026-03-26 14:01:34",0.79425,30,andreaswallnfer
1029,15440903,"Andreas W12131","2026-03-23 18:53:32",0.79425,20,andreasw12131
1030,15444651,AndreasW12121,"2026-03-23 19:16:59",0.79425,21,andreasw12121
1031,7205423,Omoniyi,"2026-03-24 21:02:24",0.79425,4,horreyneeyo
1032,15421296,"ilhami ","2026-03-24 13:48:54",0.79425,27,ilvisne
1033,15476453,sandeshp289,"2026-03-24 23:12:15",0.79425,7,sandeshp289
1034,15327007,"nuray visne","2026-03-30 16:18:07",0.79425,91,nurayvisne
1035,15468405,"Nuray V","2026-03-25 09:33:21",0.79425,19,nurayv
1036,15501476,Mango3s,"2026-03-27 11:35:42",0.79425,1,mango3s
1037,15301352,BastiKoe,"2026-03-27 17:46:36",0.79425,9,bastikoe
1038,15509068,"Somesh Nema","2026-03-28 19:16:14",0.79425,1,someshnema
1039,15500673,HiImHa,"2026-03-29 09:19:11",0.79425,9,hiimha
1040,15463929,ChrisMathew549,"2026-03-29 13:29:07",0.79425,20,chrismathew549
1041,15466052,"Christopher Chellakudam","2026-03-29 21:21:13",0.79425,11,cchaustrohealth
1042,15465783,"Mine Sungur","2026-03-29 22:48:17",0.79425,20,minesungur
1043,15516962,wangyingpei,"2026-03-30 08:43:14",0.79425,2,wangyingpei
1044,14213321,TomaszBoguslawski,"2026-04-01 19:26:40",0.79425,13,tomaszboguslawski
1045,6877833,AC,"2026-04-05 04:52:46",0.79425,30,ameyachaudhari
1046,15551154,"Nathan Chiu","2026-04-04 04:13:24",0.79425,20,applestew
1047,15208911,NKTHXL,"2026-04-06 13:10:55",0.79425,29,nkthxl
1048,4898538,"Robbie Deegan","2026-04-30 04:27:37",0.79425,29,galwaybob
1049,15558148,新米エンジニア十一号,"2026-04-06 11:21:03",0.79425,14,newriceengineer11th
1050,6527557,"Pablo Daniel Martin","2026-04-06 00:38:14",0.79425,9,pablodanielmartin
1051,13410287,"Damir Kyzyr","2026-04-06 10:21:32",0.79425,12,damirkyzyr
1052,15567685,Kay67,"2026-04-06 23:51:06",0.79425,3,kai6767
1053,15566492,"Ayauly Chayakova","2026-04-07 04:56:26",0.79425,16,ayaulychayakova
1054,15575167,IEEM26_112034027,"2026-04-08 06:58:34",0.79425,8,claire62131
1055,15536216,"Liam Raphael Lumanlan","2026-04-10 07:30:34",0.79425,40,liamraphaellumanlan
1056,15556017,hongyi121,"2026-04-14 13:36:24",0.79425,38,hongyi121
1057,15163724,"Karl Markus Konstabel","2026-04-08 12:48:56",0.79425,2,karlmarkuskonstabel
1058,15577651,qingfeng121,"2026-04-14 13:22:12",0.79425,29,qingfeng121
1059,15484002,"Hitesh Sonawane","2026-04-09 04:47:52",0.79425,25,hiteshsonawane20
1060,15391453,"Caleb L Blumofe","2026-04-09 14:33:33",0.79425,4,caleblblumofe
1061,15578449,Maus_au_Chocoloat,"2026-04-10 12:15:30",0.79425,5,mausauchocoloat
1062,15525150,"Aroon Kang","2026-04-10 14:53:25",0.79425,4,aroonkang
1063,15471242,"Morris Lichtenstein","2026-04-10 15:43:50",0.79425,19,morrislichtenstein
1064,15593843,Mawenjie,"2026-04-11 05:15:57",0.79425,10,mawenjie1233221
1065,15596624,"Sachdev Kumar ","2026-04-11 11:01:10",0.79425,1,sachdevkumar
1066,15598720,"Arvin Muafiq","2026-04-11 19:33:21",0.79425,4,arvinmuafiq
1067,15605208,QuentinMaucher,"2026-04-13 01:41:01",0.79425,20,qmaucher
1068,15612408,"Nobu store","2026-04-14 03:55:46",0.79425,7,nobustore
1069,15616019,hongyi121121,"2026-04-14 14:03:44",0.79425,6,hongyi121121
1070,15620989,yumai66,"2026-04-15 09:51:00",0.79425,4,yumai66
1071,15614692,Gaurica,"2026-04-17 14:52:09",0.79425,11,gaurica
1072,15629568,MUYI,"2026-04-16 09:31:18",0.79425,1,muyiyouyouning
1073,15648610,"Xiaoyan Zhang","2026-04-19 00:02:53",0.79425,1,xingdafuq
1074,15648977,chyonek,"2026-04-19 03:02:33",0.79425,4,chyonek
1075,15651415,Jy050429,"2026-04-19 11:44:34",0.79425,1,jy050429
1076,15633994,"Randall Ramnarain","2026-04-26 19:01:36",0.79425,17,randallramnarain
1077,15656008,Serendipity_28.,"2026-04-20 05:52:00",0.79425,2,serendipity28
1078,15526299,"Lucy Mendez","2026-04-20 21:06:06",0.79425,7,lucymendez
1079,15670501,"Nima Toqiri","2026-04-21 12:19:25",0.79425,4,nimatoqiri
1080,15609592,"xz c-666","2026-04-21 14:24:17",0.79425,7,xzc666
1081,15659625,nsvaresa,"2026-04-21 14:17:36",0.79425,6,nsvaresa
1082,13891684,"Adesh Boudh","2026-04-21 16:58:42",0.79425,1,adeshboudh
1083,15720501,"Кирилл Шереметов","2026-04-23 15:20:30",0.79425,4,nipponi
1084,15724749,"jitendra patel","2026-04-24 17:12:39",0.79425,9,jp580005
1085,15690893,"Shunsuke Jozawa","2026-04-24 06:14:08",0.79425,6,shunsukejozawa
1086,15734255,"Amber #12","2026-04-25 23:14:41",0.79425,11,amber5510587
1087,15739607,Samir10050,"2026-04-25 18:01:55",0.79425,8,samir10050
1088,15705981,"Abhishek Dhaygude","2026-04-26 06:28:34",0.79425,20,abhishekdhaygude
1089,15720301,"Aude LABAT","2026-04-25 21:52:49",0.79425,14,audelabat
1090,15744151,tiff.kimono.60,"2026-04-26 14:52:15",0.79425,10,tiffkimono60
1091,15744770,Ivan.Vanya.Durak,"2026-04-26 15:47:24",0.79425,8,ivanvanyadurak
1092,15746309,"Lucas Veloso Almeida","2026-04-30 00:17:05",0.79425,14,lucasvelosoalmeida
1093,15749199,ItzKynan,"2026-05-04 09:09:04",0.79425,15,itzkynan
1094,15740102,"Myla Cathey","2026-05-04 03:25:34",0.79425,24,mylacathey
1095,15757196,"JJ Weber","2026-04-30 01:03:46",0.79425,8,jjweber55
1096,15618273,"Letisha Rhoden","2026-04-29 13:25:32",0.79425,42,letisharhoden
1097,15758245,"Dimas Hendrico","2026-04-30 03:36:50",0.79425,12,dimashendrico
1098,15743266,"Houda Rachidi","2026-04-28 21:22:52",0.79425,6,houdarachidi
1099,15170243,NIIKAYO,"2026-05-06 03:11:08",0.79425,16,niikayo
1100,13581786,"Arda Baran Baytar","2026-04-29 08:40:57",0.79425,10,ardabaranbaytar
1101,15731021,"AI Gardian","2026-04-29 15:46:20",0.79425,18,aigardian
1102,15706464,"Rutuja Toraskar","2026-04-30 03:03:49",0.79425,22,rutujatoraskar
1103,15787287,"Shruti Srivathsan #2","2026-04-29 22:43:11",0.79425,5,srivs03
1104,15786868,Raikira,"2026-04-30 00:16:46",0.79425,12,raikira
1105,15755705,"Shruti Srivathsan","2026-04-30 01:23:03",0.79425,14,shrutisrivathsan
1106,15788495,caimiaoliang,"2026-04-30 01:39:58",0.79425,1,caimiaoliang
1107,15787245,"Abhisar Anand","2026-04-30 03:02:02",0.79425,5,abhisaranand21
1108,15734659,miokiso,"2026-05-01 05:31:33",0.79425,14,miokiso
1109,15791431,wAmAsitA1,"2026-05-01 06:54:01",0.79425,12,wamasita1
1110,15808946,"039 #venkat","2026-05-01 07:35:48",0.79425,10,venky1347
1111,15686258,José_Sotomayor,"2026-05-06 04:00:38",0.79425,11,jsotomayor
1112,15821185,JRosas99,"2026-05-01 22:41:08",0.79425,2,jrosas99
1113,3643219,"bioinfo data","2026-05-07 18:38:47",0.79425,5,mcpf55
1114,15786488,"Zelev 13","2026-05-03 08:31:43",0.79425,17,zelev13
1115,15837582,"Rishik Bejjanki","2026-05-03 10:40:00",0.79425,1,rishikrani
1116,12167794,"Mário Santana","2026-05-08 21:09:35",0.79425,5,mriosantana
1117,10785404,Junlaii,"2026-05-04 08:19:50",0.79425,10,junlaii
1118,15565491,dwadas111,"2026-05-05 13:31:05",0.79425,19,dwadas111
1119,15641174,"Aditya Kalla","2026-05-04 17:20:31",0.79425,5,adityakallac
1120,14039191,"Mostafa Elsheshtawy","2026-05-05 00:14:12",0.79425,1,mostafaelsheshtawy
1121,13784347,"Dulguun Gantulga","2026-05-05 05:56:05",0.79425,2,dulguungantulga
1122,15863308,"Joshua Jessee","2026-05-10 17:21:04",0.79425,7,joshuajessee
1123,15801747,"Marcos André Spiess","2026-05-05 18:55:07",0.79425,10,marcosspiess
1124,14991671,"HarshVardhan #2","2026-05-06 07:03:21",0.79425,16,harshvardhane
1125,15442872,"Duy Thái2424","2026-05-06 08:34:42",0.79425,22,duythi2424
1126,15884578,"Marine Cadet","2026-05-07 13:52:44",0.79425,5,marinecadet
1127,15894308,"Vivi Huang","2026-05-08 06:59:34",0.79425,4,vivihuang208
1128,4948356,"Harsh Jain #2","2026-05-08 19:00:41",0.79425,18,harshjain123
1129,15889919,Albian,"2026-05-09 08:14:59",0.79425,14,albian
1130,15822618,Sun123456,"2026-05-11 05:40:39",0.79425,42,sun101608
1131,15920419,"Anirudh Mehra #2","2026-05-10 16:03:31",0.79425,1,anirudhmehra12
1132,15932946,"Jinhyun An","2026-05-12 01:43:03",0.79425,9,jinhyunan
1133,15398508,Wkdk00,"2026-03-13 17:06:38",0.79186,1,wkdk00
1134,15377333,"Salman Khamis","2026-03-15 20:27:23",0.79186,2,salmankhamis
1135,15400095,CitizenKorea,"2026-03-14 03:35:26",0.79186,1,citizenkorea
1136,15386483,"Virginia Lakewood","2026-03-14 04:28:48",0.79186,1,virginialakewood
1137,15401065,Kei_chi,"2026-03-30 04:57:11",0.79186,9,keichisasano
1138,15385940,"Althea Therese David","2026-03-15 04:51:39",0.79186,15,altheatheresedavid
1139,15406592,PENNY,"2026-03-15 11:14:35",0.79186,1,penny1275
1140,15407605,"Sleep Wel1","2026-03-16 08:43:52",0.79186,2,sleepwel1
1141,15377700,"Sophia Tercenio","2026-03-16 10:06:40",0.79186,25,sophiatercenio
1142,15410400,"Brian Juan123","2026-03-19 09:38:38",0.79186,2,brianjuan123
1143,15385995,Redddd143,"2026-03-18 12:33:00",0.79186,46,redddd143
1144,15411498,jinzejia,"2026-03-16 07:05:26",0.79186,1,jinzejia
1145,15406201,adascdise,"2026-03-16 15:04:12",0.79186,15,adascdise
1146,15412634,"Rachel Dei","2026-03-16 15:03:19",0.79186,2,choray
1147,15413679,Hawkinssss,"2026-03-16 13:23:43",0.79186,3,hawkinssss
1148,15417674,"trabelsi israa","2026-03-24 23:55:21",0.79186,2,israatrabelsi
1149,15306369,"Stephen David111","2026-03-17 03:46:12",0.79186,2,stephendavid111
1150,11628803,"Darshan Kedare","2026-03-21 15:12:12",0.79186,8,darshankedare
1151,15332696,"Hoàng Nguyễn Tấn","2026-03-17 09:42:40",0.79186,5,chimkun
1152,15423151,"Samuel #14","2026-03-19 12:00:30",0.79186,4,shuminghao666
1153,15424120,"Nino Reil","2026-03-22 20:15:10",0.79186,26,ninoreil
1154,14105357,"Aryan Das #2","2026-03-17 19:02:16",0.79186,1,aryandas29
1155,15427481,"Tham Kai Wei","2026-03-18 03:51:24",0.79186,5,thamkaiwei
1156,15411878,Dovia,"2026-03-18 12:38:42",0.79186,4,doviaernest
1157,15431093,martinproblems,"2026-03-18 12:49:34",0.79186,10,martinproblems
1158,15431402,martindela,"2026-03-18 12:57:31",0.79186,2,martindela
1159,15394637,"Natalia Bonilla V.","2026-03-18 16:31:09",0.79186,5,nbonillav12
1160,15440189,Aliff02,"2026-03-19 09:15:06",0.79186,2,aliff02
1161,15440013,ZhengJiayi,"2026-03-19 15:33:07",0.79186,8,zjybnbu
1162,15437557,"Talgat Tokayev","2026-05-08 11:43:57",0.79186,24,talgattokayev
1163,15443578,"T T (UEF)ghhh","2026-03-19 17:41:17",0.79186,1,ttuefghhh
1164,15365369,ANIRUDH_YADAV,"2026-03-19 19:57:17",0.79186,11,raoanirudhyadav
1165,15444406,"Kuznetsova Anna 6","2026-03-19 20:27:18",0.79186,10,kuznetsovaanna6
1166,15444519,"Дмитрий #5","2026-03-19 20:27:35",0.79186,3,ertfyghujkl
1167,15444283,"Шилоносова Анна","2026-03-20 06:40:07",0.79186,3,annaannash
1168,15378451,dnaaaa1587,"2026-03-20 17:19:46",0.79186,13,dnaaaa1587
1169,15432923,Eggg123,"2026-03-20 17:31:08",0.79186,8,eggg123
1170,15453388,vininizzi,"2026-03-20 20:29:39",0.79186,8,vininizzi
1171,15391233,"Jerry Dong05","2026-03-21 03:20:10",0.79186,2,jerrydong05
1172,15455250,zidan-ruan,"2026-03-21 06:54:10",0.79186,1,zidanruan
1173,15455941,"Dhruv Kumar #4","2026-03-21 10:21:17",0.79186,8,dhruvkumar11
1174,15456530,White33445,"2026-03-21 12:13:14",0.79186,1,white33445
1175,15364278,cbe1046286010,"2026-03-22 06:02:56",0.79186,20,cbe1046286010
1176,15466217,kstrlow,"2026-03-23 00:46:40",0.79186,12,kstrlow
1177,15466511,"Stefaan Molenaar","2026-03-25 22:55:38",0.79186,9,stefaanmolenaar
1178,15468566,"ashley Kim","2026-03-24 00:00:14",0.79186,11,ashleykim920913
1179,15472511,"Andrey Lysenko","2026-03-23 18:55:50",0.79186,9,andreeeyyyy
1180,15478440,"Alice Smith11111","2026-03-24 12:49:24",0.79186,1,alicesmith11111
1181,15473984,"Gia Han Dinh Tran","2026-03-24 15:39:31",0.79186,18,giahandinhtran
1182,15480134,"[Deleted] f103ba75-32fb-41fa-b5cb-6ecb3277bab6","2026-03-24 18:47:12",0.79186,6,del=5d8124fc69406fe9
1183,15182051,"Abbas Zaidi","2026-03-25 09:22:05",0.79186,20,abbaszaidi0101
1184,15483787,Qiyongxu,"2026-03-25 11:51:19",0.79186,7,qiyongxu
1185,15485032,"Vishesh Chavhan","2026-03-26 14:31:24",0.79186,8,visheshchavhan
1186,15493947,"DŨNG HỒNG ANH","2026-03-26 14:42:17",0.79186,5,dnghnganh
1187,15487337,"Aditya Khopade","2026-03-26 14:29:41",0.79186,2,adiiiiiii765
1188,15495694,"Adam Zeynalyan","2026-03-26 15:11:36",0.79186,3,adamzeynalyan
1189,14801562,LuCarpentier83,"2026-03-26 15:39:10",0.79186,1,lucarpentier83
1190,15499643,"Akshiya Raveendiran ","2026-03-27 07:38:12",0.79186,4,akshiyaraveendiran
1191,15503636,ch101634,"2026-03-28 00:46:47",0.79186,14,ch101634
1192,5455707,"Hironobu Higuchi","2026-03-28 07:14:33",0.79186,9,hironobuhiguchi
1193,15505986,sym132137,"2026-03-28 07:52:11",0.79186,4,sym132137
1194,15510174,"Aathil Ahamed A","2026-03-29 11:07:35",0.79186,2,aathil1
1195,15512357,"Eric Xiang","2026-03-29 13:26:52",0.79186,3,ericxiang0314
1196,15512707,"Chris Mathew123","2026-03-29 15:00:14",0.79186,10,chrismathew123
1197,15512935,zhirok,"2026-03-29 14:39:54",0.79186,8,zhirok
1198,7143168,"Miron Baratelia","2026-03-29 17:42:06",0.79186,10,mironbaratelia
1199,15446053,"VadimYmka ","2026-03-29 20:51:13",0.79186,20,vadimymka
1200,15518073,"Jack Pritchard","2026-04-07 15:57:37",0.79186,3,jackpritchard1
1201,15526076,"Nafees Al Mahadi","2026-03-31 17:49:02",0.79186,1,nafeesalmahadi
1202,15508572,"RubbEr Sou1","2026-04-01 14:42:58",0.79186,10,rubbersou1
1203,15530660,"Armindo SIlva","2026-04-21 09:05:04",0.79186,12,armindosilva
1204,15514929,simoen,"2026-04-16 13:41:25",0.79186,16,simoenll
1205,15533884,"mok tese","2026-04-01 23:11:08",0.79186,8,moktese
1206,15536993,"Melvin Salvius","2026-04-02 07:08:23",0.79186,1,melsal10
1207,15525124,Ouc_yanyuhan,"2026-04-02 13:51:26",0.79186,10,oucyanyuhan
1208,15533640,"Hassan Metwally","2026-04-03 17:06:16",0.79186,14,hassanmetwally2009
1209,15541094,"Karly Klaer","2026-04-07 14:20:33",0.79186,16,karlyklaer
1210,15545073,JohnYu_2025,"2026-04-03 08:21:26",0.79186,2,johnyu2025
1211,15548339,"Gururaj Krishna Sharma","2026-04-03 16:47:51",0.79186,3,gururajsharma
1212,15507564,"404 Not found","2026-04-03 20:37:43",0.79186,29,notfound04
1213,11301922,DavidJPatrishkoff,"2026-04-05 02:05:39",0.79186,9,davidjpatrishkoff
1214,15556609,"Nicolas Lavalle","2026-04-07 20:25:56",0.79186,13,nicolaslavalle
1215,15508680,"Aslı Nur Aksakal","2026-05-12 12:59:50",0.79186,22,aslnuraksakal
1216,15541411,"Violeta Carvalho","2026-04-06 15:31:29",0.79186,11,violetacarvalho
1217,15538264,曾二二二,"2026-04-07 15:56:29",0.79186,14,zeee123
1218,15565360,"Jovan Kulezic","2026-04-07 11:32:07",0.79186,9,jovankulezic
1219,15570610,IEEM26_111021114,"2026-04-07 11:57:34",0.79186,5,acnologia1115
1220,12387426,Sofia_Gilka,"2026-04-08 10:51:11",0.79186,7,sofiagilka
1221,15548531,"Anis BENAICHA","2026-04-28 15:02:11",0.79186,65,anisaba79
1222,15541748,"Олег Петров","2026-04-10 21:31:15",0.79186,31,oleg28716
1223,15515490,"NANF HUO","2026-04-10 05:45:14",0.79186,16,nanfhuo
1224,15582066,3607나동현,"2026-05-05 15:52:34",0.79186,22,nadonghyun
1225,15583557,d945s4,"2026-04-09 10:22:38",0.79186,1,d945s4
1226,15588172,Hoai0312phong@,"2026-04-10 05:07:10",0.79186,10,hoai0312phong
1227,15594637,lulu1011-pro,"2026-04-11 06:23:10",0.79186,7,lulu1011pro
1228,15598588,"Damak Karim","2026-04-11 17:53:36",0.79186,3,damakkarim
1229,15600332,WWWFU123,"2026-04-12 03:37:46",0.79186,1,wwwfu123
1230,15589305,Kaito,"2026-04-15 16:50:33",0.79186,28,barelystemkun
1231,9124252,"Slava O.","2026-04-12 20:40:56",0.79186,1,slavao
1232,15577939,"Peter Findley","2026-04-13 11:06:28",0.79186,24,raist321
1233,15605517,ThemiyaDeem,"2026-04-13 01:10:18",0.79186,10,themiyadeem
1234,15594525,mam4182,"2026-04-15 00:52:26",0.79186,10,mam4182
1235,15611384,"Felipe Valcarcel","2026-04-13 23:03:03",0.79186,10,felipevalcarcel
1236,15570238,"yuming hu","2026-04-23 18:40:14",0.79186,46,anzhuomengyan
1237,14369967,SvenPéry,"2026-04-14 17:54:19",0.79186,7,svennnnnn
1238,15616353,孟丙先生,"2026-04-16 07:54:55",0.79186,18,maosir
1239,15619721,MissMaomb,"2026-04-15 08:46:35",0.79186,10,missmaomb
1240,15623377,alahmami01EDU_oujda_04_2026,"2026-04-15 18:22:24",0.79186,10,alahmami
1241,15624011,"Lx Team","2026-04-27 11:55:52",0.79186,7,lxteam
1242,15627390,"Mazen Mustapha","2026-04-16 05:13:11",0.79186,5,mazinmustapha
1243,15615464,"Mihai Grigorescu","2026-04-27 13:55:53",0.79186,13,mihaigrigorescu
1244,15635951,"Tzu Huan Tseng.","2026-04-17 06:38:50",0.79186,1,tzuhuantseng
1245,13143185,"[Deleted] 2b4111b6-d67a-49be-9c3b-a222b0dd75f9","2026-04-17 09:27:39",0.79186,17,del=2851d4b20d0506b5
1246,15639906,"FABIAN VALERO","2026-04-17 17:37:34",0.79186,3,fabianvalero
1247,15533281,"joseph valencia","2026-04-17 17:43:38",0.79186,6,josephvalencia27
1248,15647342,"Youssif Khaled","2026-04-18 17:56:21",0.79186,8,youssifkhaled17
1249,15643619,Nateee1,"2026-04-20 14:04:10",0.79186,16,nateee1
1250,15606161,luyaorui1,"2026-04-20 03:10:36",0.79186,6,luyaorui1
1251,11508876,"Jakrin S","2026-04-20 06:40:26",0.79186,18,jakrins
1252,12409921,"Raphael Barbosa Oliveira da Silva","2026-04-20 19:37:23",0.79186,1,raphaelbosilva
1253,15663841,"Minghao Pang","2026-04-21 03:18:06",0.79186,3,minghaopang
1254,15671805,ㅣㅣㅣㅣ,"2026-04-21 15:37:43",0.79186,10,dfdfdfdfdfdfdfdfdfdf
1255,15544715,"Brennan O'Banion","2026-04-22 06:37:57",0.79186,26,brennanobanion
1256,15658398,unicorn2580,"2026-04-22 09:30:28",0.79186,28,unicorn2580
1257,15702036,"mariela apaza","2026-04-23 21:24:40",0.79186,15,marielaapaza
1258,15661921,"Brittany Watters","2026-05-04 00:09:28",0.79186,46,brittanywatters
1259,15707333,"Priti Gawade","2026-04-28 04:52:32",0.79186,3,pritigawade11
1260,15732163,InsooYuns,"2026-04-24 15:44:12",0.79186,5,insooyuns
1261,15702601,"Mauro M. Kaggle","2026-04-26 01:06:31",0.79186,17,mauromkaggle
1262,15738316,"JINNAN CHEN","2026-04-25 13:43:59",0.79186,1,tuoshupi
1263,15738175,EngF,"2026-04-25 16:39:01",0.79186,8,bronzef
1264,15739179,KaviDesh6,"2026-04-25 16:20:33",0.79186,1,kavidesh6
1265,15314534,"Luca Lullo","2026-04-26 10:02:03",0.79186,16,lucalullo
1266,15742945,"float Castillo","2026-04-26 12:17:09",0.79186,10,floatcastillo
1267,15719727,"Sanju Saini 123","2026-04-27 12:29:01",0.79186,14,sanjusaini123
1268,15521517,"yakhaldy MA_03_2026","2026-04-26 23:08:55",0.79186,15,yakhaldyma032026
1269,15746553,vicmcorrea,"2026-04-27 00:07:07",0.79186,10,vicmcorrea
1270,15747826,Meng_F,"2026-04-27 05:40:45",0.79186,2,meng1fir
1271,15749795,"Alex Grom","2026-04-27 10:23:10",0.79186,1,farxida
1272,15750320,wzkjbjbj,"2026-04-27 12:09:34",0.79186,2,wzkjbjbj
1273,15750267,DanielReininger09,"2026-04-27 13:24:07",0.79186,8,danielreininger09
1274,15753268,CHAIMAELA,"2026-04-27 19:06:48",0.79186,6,chaimaela
1275,15759209,"Harshit Sharma #14","2026-04-29 09:41:40",0.79186,9,harshitsharma201205
1276,15641728,"Brandon Sande - Zimbabwe11","2026-04-29 09:49:41",0.79186,29,brandonsande
1277,15775765,"fanyang shisi","2026-04-29 05:25:35",0.79186,1,fanyangshisi
1278,15736961,DanzTheDeadly,"2026-05-01 18:20:18",0.79186,63,danzthedeadly
1279,15162209,"YASSINE HAMDOUNI","2026-04-29 12:58:24",0.79186,1,hamdouniyassine
1280,15199143,"YASSINE BAHBIB","2026-04-29 13:28:15",0.79186,9,yassinebahbib
1281,15789302,schanitater,"2026-04-30 05:57:28",0.79186,4,schanitater
1282,15790227,"Tomoharu Sakakura","2026-04-30 08:49:53",0.79186,4,tomoharusakakura
1283,8252151,Laszlore,"2026-04-30 17:10:04",0.79186,1,laszlore
1284,15811649,Sunlin05,"2026-05-01 09:05:50",0.79186,1,sunlin05
1285,13569517,"Ruslan Shaidullin","2026-05-02 08:13:43",0.79186,23,ruslanshaidullin
1286,15801814,"Alicia Alcántara Troncoso","2026-05-01 15:39:25",0.79186,3,aliciaalcantarat
1287,15824450,"Krishna Singh Rathaur","2026-05-02 07:37:12",0.79186,10,krishnasinghrathaur
1288,1333963,"Thawatchai Rangsihiranrat","2026-05-02 15:01:26",0.79186,5,thawatchai2018
1289,15833538,zhanyongkang1233,"2026-05-03 02:37:39",0.79186,1,zhanyongkang1233
1290,15840838,"Sophie Sd","2026-05-03 17:21:39",0.79186,1,sophiemjs
1291,15852471,"Alp Arıduman","2026-05-07 08:14:23",0.79186,22,alparduman
1292,15223965,Ray-Man05,"2026-05-04 18:03:09",0.79186,1,rayman05
1293,15855226,CHREALVIN,"2026-05-05 02:52:03",0.79186,4,chrealvin
1294,13789395,"Erdenebayar Maygmarsuren","2026-05-05 05:48:20",0.79186,5,aerooooo
1295,15859383,"Alpi Arıduman","2026-05-05 09:26:58",0.79186,10,alpiarduman
1296,15859159,babywade,"2026-05-05 09:41:57",0.79186,2,babywade
1297,15859624,"Ek Hesap","2026-05-05 09:57:40",0.79186,6,ekhesap
1298,15862912,zzh563638240,"2026-05-05 14:40:24",0.79186,1,zzh563638240
1299,15872864,öpertdums,"2026-05-06 09:06:35",0.79186,6,pertdums
1300,15873146,"Hoàng Long Trần","2026-05-07 01:10:48",0.79186,14,haonglongtran
1301,15875253,"Ozan Tutkun","2026-05-06 14:17:48",0.79186,6,helvetia
1302,15875813,"dumb fuc","2026-05-06 14:11:55",0.79186,10,dumbfuc
1303,15875941,"svd svd","2026-05-08 14:01:54",0.79186,13,svdsvd
1304,15876589,zynpert,"2026-05-06 15:08:37",0.79186,4,zynpert
1305,15864370,"Valentin AUPLAT","2026-05-10 09:59:03",0.79186,11,valentinauplat
1306,15881962,"GAYOUNG #2","2026-05-07 07:11:26",0.79186,6,lgy010011
1307,15869007,poor_shown,"2026-05-11 08:51:23",0.79186,6,poorshown
1308,15907264,"Mo Ultra","2026-05-10 01:03:50",0.79186,13,moultra
1309,15829830,"Andrey Daletsky","2026-05-09 17:24:05",0.79186,24,andreydaletsky
1310,15907203,Rio4431,"2026-05-10 05:12:44",0.79186,20,rio4431
1311,15918548,Blackdaydream,"2026-05-10 12:16:37",0.79186,1,blackdaydream
1312,15886816,Zhouxiao,"2026-05-11 12:28:18",0.79186,22,zhouxiaosis
1313,15920362,"Ali Oladimeji","2026-05-10 17:16:34",0.79186,7,alioladimeji
1314,15920675,"Omar Chenine","2026-05-10 17:19:27",0.79186,5,omarchenine
1315,12845304,"Jasiek Zurek","2026-05-10 17:42:09",0.79186,3,jasiekzurek
1316,15922017,"Yash Lunawat","2026-05-10 20:40:06",0.79186,3,yashlunawat121
1317,15926058,Jana.Ilic2,"2026-05-11 09:20:13",0.79186,7,janailic2
1318,15926787,jesus,"2026-05-11 11:03:17",0.79186,7,jesus54
1319,15926864,"Григорий Махов","2026-05-11 11:30:14",0.79186,8,grisha06
1320,15927843,"Timo Polzer","2026-05-11 13:07:10",0.79186,10,timopolzer
1321,15872775,zeyRGN,"2026-05-12 08:38:56",0.79186,30,zeyrgn
1322,15851628,"bajady jamal","2026-05-12 09:57:23",0.79186,57,jamalbajady
1323,15397616,"mkheirkh aland_03_2026","2026-03-16 11:57:07",0.78947,14,mkheirkhaland032026
1324,15366445,"Gian Ruiz Macasaet","2026-03-16 03:01:41",0.78947,30,gianruizmacasaet
1325,15398486,Wcappuccino,"2026-03-13 17:40:25",0.78947,2,wcappuccino
1326,15375027,"Anastasiya Sivko","2026-03-14 13:02:31",0.78947,10,anastasiyasivko
1327,15377721,"Jan Alexi Tan","2026-03-14 16:27:17",0.78947,10,janalexitan
1328,15403484,"Jan Alexi Tan #2","2026-03-14 16:51:10",0.78947,2,alexitan
1329,15404139,eparon,"2026-03-14 20:08:28",0.78947,2,eparon
1330,14307688,"Khôi Kim","2026-03-18 02:31:20",0.78947,11,khikim
1331,15395212,SophiaNicolasT,"2026-03-15 11:47:01",0.78947,15,sophianicolast
1332,15406795,"Salvy Commissioner","2026-03-15 12:46:22",0.78947,10,salvycommissioner
1333,15385792,"Miguel Montinola","2026-03-18 12:54:02",0.78947,39,montinola
1334,13168172,"Dai Fujimoto","2026-03-16 09:13:20",0.78947,4,daifujimoto
1335,15414011,2252975,"2026-03-16 14:11:45",0.78947,2,elysianastra1381
1336,15415281,"Junhao Wu","2026-03-17 20:11:12",0.78947,14,haooooooooooooo
1337,15415588,"begoal shereen","2026-03-17 09:45:57",0.78947,17,begoalshereen
1338,15417635,"Angela Mae Santos","2026-03-17 03:48:14",0.78947,2,angelamaesantos
1339,15417851,rhys3873,"2026-03-17 06:41:29",0.78947,10,rhys3873
1340,15418718,atreidyes,"2026-03-17 14:04:01",0.78947,10,atreidyes
1341,15419117,BNBU-zw,"2026-03-21 10:30:10",0.78947,4,bnbuzw
1342,15420203,"Baoli Zhu","2026-03-17 11:30:39",0.78947,9,baolizhu
1343,15420261,"Courage Genito","2026-03-17 11:50:07",0.78947,10,couragegenito
1344,11459056,2253022,"2026-03-17 11:53:15",0.78947,8,rashran
1345,15420359,Abenee,"2026-03-17 12:46:21",0.78947,10,abenee
1346,15097650,"Karina Sthefania Sanabria Cabrera","2026-03-17 12:09:26",0.78947,4,karinasanabria
1347,15377548,"Anna Marcella Cabrera","2026-03-17 14:52:18",0.78947,9,annamarcellacabrera
1348,15421176,AbbyMir,"2026-03-17 14:08:34",0.78947,10,abbymir
1349,15421752,Miriam85,"2026-03-17 14:47:08",0.78947,10,miriam85
1350,15421739,ieezha,"2026-03-17 14:46:51",0.78947,4,ieezha
1351,15421940,KWHalili,"2026-03-17 15:12:07",0.78947,10,kwhalili
1352,15422014,"ean Aminsey","2026-03-17 15:25:12",0.78947,3,eanaminsey
1353,15377744,"Aiden Paculanan","2026-03-17 15:53:01",0.78947,14,aidenpaculanan
1354,15425794,"özlem koç","2026-03-17 22:27:15",0.78947,3,zlemko
1355,15400969,"Kelly Tendongkeng","2026-03-18 04:06:33",0.78947,23,kellytendongkeng
1356,15422156,"Mustafa Imran","2026-03-19 02:12:26",0.78947,7,mustafaimran56
1357,15429928,"Khalid Ahammed Uzzal","2026-03-18 09:11:09",0.78947,1,khalidahammeduzzal
1358,15429386,"Pablo Garcia Santos","2026-03-18 12:27:58",0.78947,5,pablogarciasantos
1359,15385780,"Gino Sangalang","2026-03-18 13:53:19",0.78947,20,ginosangalang
1360,15421117,"My Name","2026-03-18 11:41:45",0.78947,12,myname1003
1361,15385776,"Ivan Suaybaguio","2026-03-18 13:24:49",0.78947,10,ivansuaybaguio
1362,15431616,"Kirill Korenkov","2026-03-18 13:56:05",0.78947,10,kirillkorenkov
1363,13064454,"Renn Comms","2026-03-18 15:27:41",0.78947,7,renncomms
1364,15036230,swapping5175,"2026-04-03 05:17:19",0.78947,2,swapping5175
1365,15435097,"Анна Ольховская","2026-03-19 10:47:47",0.78947,11,annroza
1366,15442771,moerzi,"2026-03-21 11:22:53",0.78947,18,moerzi
1367,15337438,PhilippAi25,"2026-03-19 17:47:59",0.78947,22,philippai25
1368,15444366,"Diana Sozinova","2026-03-19 20:09:42",0.78947,3,dianasozinova
1369,15444292,"G Fghdsadsadasd","2026-03-19 20:18:00",0.78947,10,gfghdsadsadasd
1370,15426841,"yasmine askri","2026-03-21 20:06:12",0.78947,25,yasmineaskri
1371,15445453,"Vlad Stesh","2026-03-29 20:13:45",0.78947,20,vladstesh
1372,15427472,Vlad2023,"2026-03-29 21:20:32",0.78947,36,vlad2023
1373,15447618,"Jirapong ice","2026-03-20 08:17:20",0.78947,1,jirapongice
1374,4560755,"Gong Chunzhu Claire","2026-03-20 08:56:11",0.78947,3,bamboogong
1375,15444977,"Александр Тагиров","2026-04-02 19:48:08",0.78947,12,amtagirov
1376,15139845,"Arnav Yashlaha","2026-03-20 18:13:35",0.78947,7,arnavyashlaha
1377,15435974,"Walter Berrios","2026-03-21 03:13:33",0.78947,10,walterberrios
1378,15363485,rainy7658,"2026-03-21 11:37:02",0.78947,15,rainy7658
1379,15456457,"BNBU Diao Yule","2026-03-21 11:44:37",0.78947,1,bnbudiaoyule
1380,15463115,"Huang jiar","2026-03-30 11:13:42",0.78947,5,huangjiar
1381,15464173,kiritosabrina,"2026-03-22 14:09:33",0.78947,2,kiritosabrina
1382,15464614,"Chris Chellakudam","2026-03-22 16:41:24",0.78947,10,chrischellakudam
1383,15465675,ccfeodos,"2026-03-22 22:10:45",0.78947,10,ccfeodos
1384,15466122,"Aidan Hartman04","2026-03-23 05:12:13",0.78947,10,aidanhartman04
1385,15466287,schoolescape08,"2026-03-23 01:11:48",0.78947,10,schoolescape08
1386,15448359,"Manya Jain","2026-03-23 07:24:40",0.78947,32,manyajain3133
1387,14554865,Henry2128080,"2026-03-23 15:16:43",0.78947,7,henry2128080
1388,15474030,"Pavel Nikolov","2026-03-30 16:12:32",0.78947,12,pavelnikolov
1389,15272554,"Annabel Smith","2026-03-23 23:17:09",0.78947,1,annabelsmith
1390,15478451,HAnuui,"2026-03-24 12:53:30",0.78947,1,hanuui
1391,15469798,"[Deleted] 0651ba73-3b7f-428e-8159-c3f62f25441c","2026-03-27 18:50:05",0.78947,41,del=14739ae2bacfb616
1392,15480595,"Alexis Pospelov","2026-03-25 09:05:23",0.78947,7,alexispospelov
1393,15483049,Aswanggggggg,"2026-03-25 07:46:57",0.78947,1,aswanggggggg
1394,15484710,"Алексей ","2026-03-25 12:50:55",0.78947,3,logan456789
1395,15484922,"Andro Hazem","2026-03-25 13:01:56",0.78947,1,androhazem
1396,15476900,kqqklq,"2026-04-05 05:29:17",0.78947,37,kqqklq
1397,15485997,"Maura Vaughn","2026-04-16 02:15:10",0.78947,53,mauravaughn
1398,15487801,"Isaac Dan Zhao","2026-03-27 22:11:15",0.78947,14,isaacdanzhao
1399,15415901,"Ruben Rystedt","2026-03-26 20:06:45",0.78947,15,rubenrystedt
1400,15494661,"Arsen Barseghyan","2026-03-26 12:38:38",0.78947,2,arsenbarseghyan
1401,12513082,"KARTIK SHINGATE","2026-04-09 14:13:52",0.78947,21,kartikshingate
1402,15459814,Insomnia,"2026-03-27 17:47:57",0.78947,22,kapasovamir
1403,15497169,"Айкумус Бектасова","2026-03-27 17:01:56",0.78947,13,aikumus
1404,15497940,UOM_230651C,"2026-03-26 23:23:07",0.78947,4,uom230651c
1405,15448020,"kaneri dalvadi","2026-03-28 12:47:09",0.78947,4,kaneridalvadi29
1406,15481104,"Dani Pham","2026-03-28 19:55:37",0.78947,18,daniphamasd
1407,15480790,"Duong Nguyen Binh","2026-03-28 20:13:06",0.78947,20,duongnguyenbinh
1408,15509326,"Kieran Hughes","2026-03-28 20:48:24",0.78947,2,kieranhughes147
1409,11727055,Big-smoke,"2026-03-28 21:03:22",0.78947,2,ambuj1964
1410,15510083,"yang guoke","2026-03-29 03:44:20",0.78947,6,yangguoke
1411,15510828,mj17853173977,"2026-03-29 06:52:33",0.78947,1,mj17853173977
1412,15394322,"Ayomide Oraegbu","2026-04-11 18:33:09",0.78947,17,oraegbuayomide
1413,15512090,ML1bra,"2026-03-29 16:09:20",0.78947,7,ml1bra
1414,15354926,"Peng Wang #4","2026-05-10 04:12:20",0.78947,9,aaa31416666
1415,15514151,"Siddartha P","2026-03-29 19:04:45",0.78947,1,siddartha4
1416,15454947,"Antony Fung","2026-03-30 05:22:35",0.78947,17,antonyfung
1417,15520301,"Артем Тамбовцев","2026-03-31 10:32:20",0.78947,13,amixxo
1418,15520508,"DVA NGUYEN","2026-03-30 20:21:59",0.78947,2,dvanguyen
1419,15520557,"Carlos Furlan","2026-04-13 12:28:44",0.78947,7,carlosfurlan
1420,15412169,motamotan,"2026-04-04 15:00:23",0.78947,33,motamotan
1421,15525995,"Victor SanchezVal","2026-03-31 18:26:13",0.78947,3,victorsanchezval
1422,15168695,Engels,"2026-04-01 07:44:08",0.78947,7,"antoniarosash,bernardobueno,domenicarevelo,sescobarherrera"
1423,15529009,fengyie007,"2026-04-02 06:51:57",0.78947,14,fengyie007
1424,15521639,"Yoon Sen","2026-04-03 02:11:07",0.78947,3,yoonsen
1425,15531185,lycl123,"2026-04-01 13:45:49",0.78947,1,lycl123
1426,15531382,"Matthew 6Duncan","2026-04-02 10:17:01",0.78947,7,matthew6duncan
1427,15538556,"Maria Kuznetsova","2026-04-02 11:39:10",0.78947,1,megiosetsuki
1428,15535189,"Moss Westmoreland","2026-04-26 04:07:33",0.78947,70,mosswestmoreland
1429,10983671,"Yutaka Murota #2","2026-04-03 07:18:04",0.78947,3,ymurota
1430,15512702,"hiroshi #2","2026-04-03 08:40:38",0.78947,4,hiroshi80
1431,15540153,BrieleGa,"2026-04-03 09:55:23",0.78947,4,brielega
1432,15545289,"Li Xiaoran","2026-04-03 13:19:28",0.78947,9,leexiaoran
1433,15546121,yslsml,"2026-04-04 06:51:47",0.78947,3,yslsml
1434,15542756,"Shira Segal","2026-04-03 21:45:41",0.78947,10,shirasegal16
1435,15551082,"Saniya Bekova","2026-04-03 22:55:41",0.78947,1,saniyabekova1
1436,15552041,"Solan K","2026-04-04 09:36:21",0.78947,8,solank
1437,15554314,shusk31,"2026-04-04 12:40:52",0.78947,1,shusk31
1438,15550843,"Dhruv Chudasama","2026-04-04 14:21:56",0.78947,9,dhruv603
1439,15494321,joinus,"2026-04-04 16:23:34",0.78947,7,joinus2003
1440,15545294,Pujimpujim,"2026-04-05 05:08:25",0.78947,2,pujimpujim
1441,15553774,KoYokoyama,"2026-04-14 11:00:54",0.78947,17,koyokoyama
1442,15558947,"Samuel Billing","2026-04-05 10:58:05",0.78947,1,samuelbilling
1443,15558962,"Abhay Murali M","2026-04-05 11:02:30",0.78947,1,abhaymuralim
1444,15559648,"Krittin Chaisuvirat","2026-05-03 20:10:45",0.78947,9,krittinchaisuvirat
1445,15562117,fuji0-0,"2026-04-06 02:48:01",0.78947,2,fuji00
1446,15562333,"John Lorenz Recto","2026-04-06 02:55:13",0.78947,1,jolorecto
1447,15519609,"Plinio Bicalho","2026-04-06 05:09:21",0.78947,17,pliniobicalho
1448,15563238,24011103017snuc,"2026-04-09 07:10:51",0.78947,20,jashwanthsr1
1449,15563335,"Polar Xiong","2026-04-07 02:34:24",0.78947,14,polarxiong
1450,15564296,"MIHIR DIWAN","2026-04-06 10:08:58",0.78947,1,mihirdiwan
1451,15565715,hjnjeon,"2026-04-07 11:09:26",0.78947,6,hjnjeon
1452,15536491,wgyzzz,"2026-04-07 02:48:24",0.78947,14,wgyzzz
1453,15569197,Inori277,"2026-04-07 07:01:44",0.78947,3,inori277
1454,15569654,jeonghanhee,"2026-04-07 08:07:07",0.78947,1,jeonghanhee
1455,15570445,112034059劉育昇,"2026-04-07 10:26:50",0.78947,3,nthu112034059
1456,15364832,"Atul Afre","2026-04-11 17:59:24",0.78947,17,atulku
1457,15513291,schoko123,"2026-04-08 14:14:19",0.78947,20,schoko123
1458,15567299,"Marcus Vann","2026-04-08 20:03:24",0.78947,13,marcusv5108
1459,15567289,unkown.123456,"2026-04-08 20:06:59",0.78947,16,unkown123456
1460,15567826,"nabin neupane","2026-04-09 04:16:10",0.78947,15,nabinneupane2001
1461,15578383,"Ngo Duc Hung","2026-04-09 06:46:10",0.78947,5,hungngo1
1462,15576152,Jor8132,"2026-04-10 00:51:46",0.78947,13,jor8132
1463,15534954,chanshaohan,"2026-04-10 08:07:12",0.78947,32,chanshaohan
1464,15369297,"Muhtasim Haq","2026-04-10 15:22:01",0.78947,60,muhtasimhaq
1465,15369316,"Sifat Rahman Sagar","2026-04-09 15:34:30",0.78947,22,sifatrahmansagar
1466,15416160,kaleab_46,"2026-04-09 15:22:31",0.78947,12,kaleab46
1467,15586409,Elowry,"2026-05-11 12:34:25",0.78947,11,elowry
1468,15587272,bumbumchiuchiu,"2026-04-10 01:03:35",0.78947,1,bumbumchiuchiu
1469,15587152,"Micah Petersen","2026-04-10 01:26:57",0.78947,6,micahpetersen
1470,15567932,"ghimire asmita","2026-04-10 03:26:52",0.78947,21,ghimireasmita
1471,15589310,chenerdong,"2026-04-10 11:20:53",0.78947,10,chenerdong123
1472,15589692,"Yahia Baamara","2026-04-10 10:39:43",0.78947,2,yahiabaamara
1473,15590120,erdong123,"2026-04-10 13:30:58",0.78947,10,erdong123
1474,15471178,"Tibor Haehn","2026-04-10 14:44:22",0.78947,6,tiborhaehn
1475,15572730,"Jocelyn Oertel","2026-04-10 17:12:51",0.78947,5,jocelynoertel
1476,15590613,"PERPETUA NNABUENYI","2026-04-12 12:09:52",0.78947,22,perpetuannabuenyi
1477,15596253,xenatown810,"2026-04-11 11:00:00",0.78947,5,xenatown810
1478,15553830,"Сергей Денисович","2026-05-04 16:36:55",0.78947,25,denisovich1407
1479,15565013,"[Deleted] 71f5b890-e94c-432e-8e05-e7a0d8902a41","2026-04-13 11:46:59",0.78947,40,del=68cd7305234b87d4
1480,15597639,"DFGHJ ","2026-04-11 14:16:29",0.78947,1,dfghjfghd
1481,15599932,"Prakhar #8","2026-04-12 13:15:30",0.78947,6,aero123
1482,15589238,"Dom Helder","2026-04-12 08:23:21",0.78947,4,domhelder
1483,15604690,"Garrison Romac","2026-04-12 20:13:06",0.78947,10,garrisonromac
1484,13989813,Angelll,"2026-04-13 05:37:58",0.78947,1,hny20030429
1485,15606591,nokuihekodo,"2026-04-15 03:51:02",0.78947,19,nokuihekodo
1486,15608134,"Adhiraj Shekhawat","2026-04-16 15:07:51",0.78947,3,adhirajshekhawat
1487,15609288,tsaadsal01EDUOUJDA,"2026-04-29 11:51:44",0.78947,6,tsaadsal01eduoujda
1488,15602971,"denis kashulin","2026-04-13 15:38:05",0.78947,11,deniskashulin
1489,15371609,"Zhordan Ravi Paleva","2026-04-14 02:43:05",0.78947,10,zhordanravipaleva
1490,15587454,"Jakub Śniegocki","2026-05-12 03:59:11",0.78947,25,jakubniegocki
1491,15616191,Lzy1130,"2026-04-24 06:46:19",0.78947,12,lzy1130
1492,15627547,zalhaj01EDUBahrain_04_2026,"2026-04-16 05:51:10",0.78947,5,zahraalhaj
1493,15618856,3522홍승재,"2026-04-16 06:24:32",0.78947,10,nialaseohaesibal
1494,15582113,yuju,"2026-04-22 03:24:29",0.78947,28,mt241617
1495,15632891,"Anel Bayanova","2026-04-20 17:15:01",0.78947,11,anelbayanova
1496,15156973,"朝瑞奈 夕立","2026-04-16 20:12:15",0.78947,1,m1ssanemone
1497,15624437,"Barry Jin","2026-04-19 00:38:28",0.78947,35,barryjin95
1498,15572497,iiitoey,"2026-04-17 07:16:41",0.78947,32,iiitoey
1499,15631023,"Chris Healey","2026-04-22 11:41:33",0.78947,8,healey2120
1500,15637397,"Saran Akula","2026-04-19 14:10:35",0.78947,6,saranakula
1501,15634316,GeorgeKvartskhava,"2026-04-19 00:26:40",0.78947,12,georgekvartskhava
1502,15637878,"Arya Kashyap","2026-04-18 11:08:02",0.78947,3,aryakashyap03
1503,15631050,Medo9160,"2026-04-19 13:33:32",0.78947,27,medoahmed9160
1504,15605212,"Mahmoud Ibrahim #3","2026-05-10 20:33:47",0.78947,80,phagewave
1505,15639570,白鸽子子,"2026-04-18 03:44:25",0.78947,11,ark1332331
1506,15608375,sayyx5,"2026-04-19 13:10:18",0.78947,9,sayyx5
1507,3155844,ankbz1988,"2026-05-10 12:33:43",0.78947,11,ankbz1988
1508,15648778,Rain331,"2026-04-19 01:18:31",0.78947,1,rain331
1509,15568717,Florian5775,"2026-05-09 13:49:20",0.78947,21,florian5775
1510,15649189,TienTHM,"2026-04-19 15:41:02",0.78947,5,tienthm
1511,15650915,FLcl_yx,"2026-04-19 13:09:25",0.78947,2,flclyx
1512,15647552,"Savannah Werner","2026-04-21 20:29:45",0.78947,14,savwerner
1513,15653605,LFCoelho,"2026-04-26 13:15:10",0.78947,14,lfcoelho
1514,11179131,"eric #9","2026-05-02 14:04:49",0.78947,21,ericjame
1515,15626726,3710号室,"2026-04-20 12:41:12",0.78947,13,room3710
1516,15659006,"Lucca Faas","2026-04-20 13:32:18",0.78947,3,hanneswintermeier
1517,15403241,"fkheirkh aland_03_2026","2026-04-22 15:14:43",0.78947,48,fkheirkhaland032026
1518,13936895,"Chris Snyder","2026-04-21 16:47:31",0.78947,9,chrissnyder1326
1519,15658680,"Linus Janning","2026-04-21 09:34:39",0.78947,13,linusjanning
1520,15611306,"Himanshu Yadav #5","2026-04-21 16:52:58",0.78947,16,himanshu007205
1521,15634527,"Joyce Xie0615","2026-04-21 18:03:57",0.78947,9,joycexie0615
1522,15639419,inka01EDUmh_04_2026,"2026-04-24 14:12:05",0.78947,24,inka01edumh042026
1523,15680336,"Marwa Moahmmed","2026-04-21 22:23:14",0.78947,1,marwamoahmmed
1524,15399466,zantetsu,"2026-04-23 00:38:55",0.78947,46,zantetsu
1525,15584648,"Inka Säävuori","2026-04-22 12:15:33",0.78947,45,inkasvuori
1526,15636536,"Qingwen123 Zeng","2026-04-23 07:20:07",0.78947,13,qingwen123zeng
1527,15710224,"Sudhanshu Gupta #2","2026-04-24 09:22:02",0.78947,12,sudhanshu5533
1528,15718888,"Espen Aakre Sjo","2026-04-23 12:43:00",0.78947,6,espenaakresjo
1529,15720156,"мария назарова","2026-04-23 14:31:33",0.78947,1,igirlt
1530,15720147,shufflelet,"2026-04-24 14:19:38",0.78947,11,shufflelet
1531,15719524,"Martin Suzanne Thibault","2026-04-26 20:11:16",0.78947,20,martinlain
1532,15702994,"Aditya Surapaneni","2026-04-24 00:42:35",0.78947,18,adityasurapaneni
1533,15724765,"Maitsa Luthfiyyah","2026-04-24 09:34:38",0.78947,6,maitsaluthfiyyah
1534,15735957,GPO_EMIS_2003,"2026-04-25 08:53:04",0.78947,3,gpoemis2003
1535,15658427,Vincent647,"2026-04-25 09:26:07",0.78947,21,vincent647
1536,15738606,kotanosuke,"2026-04-25 15:59:53",0.78947,10,kotanosuke
1537,15739105,Frenchiehl2,"2026-04-25 16:07:57",0.78947,1,frenchiehl2
1538,15739466,joshuanumberguan85,"2026-04-25 17:17:02",0.78947,1,joshuanumberguan85
1539,15739387,"Romain #6","2026-04-27 14:09:23",0.78947,11,legouxr
1540,15740109,"Romain ","2026-04-25 20:00:18",0.78947,5,legouxrr
1541,15738318,ivan.durak,"2026-04-26 13:49:24",0.78947,16,vanyadurak
1542,15745596,"Venkata Neti aiml","2026-04-26 21:45:29",0.78947,5,venkatanetiaiml
1543,15746469,SAM12302,"2026-05-06 19:31:47",0.78947,16,sam12302
1544,15746815,"Ruyun Shun","2026-04-27 02:59:43",0.78947,5,ruyunshun
1545,15748565,Haoming111,"2026-04-27 07:12:11",0.78947,3,haoming111
1546,15724030,"Akito Kikuchi","2026-04-30 06:41:23",0.78947,14,akitokikuchi0655
1547,15741786,"TMP NFT","2026-04-28 05:43:16",0.78947,25,tmpnft
1548,15752521,Cyanel,"2026-04-27 16:16:53",0.78947,2,cyanel
1549,15754561,"Shaurya Beriwala","2026-04-27 18:34:21",0.78947,6,shauryaberiwala
1550,15743965,"Mohammed-Amine JELLIL","2026-04-27 19:53:42",0.78947,3,mohammedaminejellil
1551,15549803,"Faical EL GOUIJ","2026-04-27 20:39:15",0.78947,16,faicalelgouij
1552,15739603,"Mauro Pagnez","2026-04-27 23:36:19",0.78947,13,mauropagnez
1553,15730043,Roberto-HOB,"2026-04-29 09:54:28",0.78947,7,robertohob
1554,15770936,giocunha,"2026-04-28 20:23:19",0.78947,4,giocunha
1555,15752094,"Farhodjon Ergashov","2026-05-03 12:45:34",0.78947,20,farhodjonergashov
1556,15779373,"Đặng Anh Quân","2026-04-29 11:49:10",0.78947,6,namchinhhoathanh
1557,15651963,Samuel-0101,"2026-05-02 08:50:28",0.78947,15,samuel0101
1558,15672270,"xuanqin chen","2026-04-30 03:46:57",0.78947,15,xuanqinchen
1559,15740724,lvxunhui,"2026-04-29 16:44:11",0.78947,9,lvxunhui
1560,15758160,iPrakharV,"2026-04-30 01:50:20",0.78947,4,iprakharv
1561,15757848,ZAKIRAI,"2026-04-30 02:22:54",0.78947,16,peachspade
1562,15788471,WXDYYDS,"2026-04-30 02:13:57",0.78947,8,wxdyyds
1563,15791618,"pj ebiq","2026-04-30 11:12:04",0.78947,2,pjebiq
1564,15792961,hbqasd,"2026-04-30 14:01:40",0.78947,3,hbqasd
1565,15810343,"Shahzaib Ali","2026-05-01 07:33:16",0.78947,1,shahzaibalyy
1566,15811608,Lumincode,"2026-05-01 10:47:51",0.78947,6,lumincode
1567,14351008,"RYUYA KAWASAKI","2026-05-01 11:07:40",0.78947,2,ryuyakawasaki
1568,15815726,JihunKweon,"2026-05-05 13:30:56",0.78947,4,jihunkweon
1569,15750812,"daanouni bilal","2026-05-09 14:16:52",0.78947,22,bdaanoun
1570,15549234,"Matias Calma","2026-05-03 20:52:07",0.78947,11,matiascalma
1571,15835918,xxxlf123,"2026-05-03 07:26:20",0.78947,1,xxxlf123
1572,7932213,"Roshan Buddabathuni","2026-05-03 14:23:35",0.78947,10,busaro
1573,15834202,"ZERO HQR","2026-05-04 02:41:16",0.78947,10,zerohqr
1574,15840888,"Миша Алексеев","2026-05-03 17:38:45",0.78947,2,lancer224
1575,15851285,dhbxaod,"2026-05-05 16:09:13",0.78947,11,dhbxaod
1576,15854511,leomares,"2026-05-08 12:25:34",0.78947,4,leompires
1577,15859418,"Nivedita Desai","2026-05-05 09:12:36",0.78947,2,niveditadesai
1578,15859674,wangkaikainksut,"2026-05-05 09:49:03",0.78947,3,wangkaikainksut
1579,14662897,"Brian Hersh","2026-05-05 14:29:19",0.78947,2,brianhersh
1580,15831104,"Parisa Rahimi","2026-05-05 20:19:15",0.78947,26,prahimialand042026
1581,14341714,"Rafael Cunha #2","2026-05-05 23:44:33",0.78947,3,rnascunha
1582,15872270,player1919,"2026-05-06 07:40:03",0.78947,1,player1919
1583,15875522,Pingucraft,"2026-05-06 13:53:55",0.78947,10,pingucraft
1584,15878234,"Josh Chau","2026-05-06 18:08:38",0.78947,1,joshcpl
1585,15879310,"Sairam Chari","2026-05-06 23:03:40",0.78947,3,sairamchari
1586,15880373,Hikar1zz,"2026-05-11 09:08:55",0.78947,5,hikar1zz
1587,15881336,Minssss,"2026-05-10 15:06:19",0.78947,9,minssssaajaa
1588,15846085,"Xu Liuzhuojian","2026-05-11 04:11:14",0.78947,16,xuliuzhuojian
1589,15881072,zhzihaha,"2026-05-07 09:12:45",0.78947,2,zhzihaha
1590,15885553,서민영1,"2026-05-07 11:43:43",0.78947,10,fpahsfp
1591,15798633,"RiccardoB Lavoro","2026-05-08 07:40:58",0.78947,16,riccardoblavoro
1592,15886444,"Quang Minh Phan Hồ","2026-05-07 17:03:40",0.78947,4,quangminhphanh
1593,15895070,"Ayush Kandwal","2026-05-08 08:06:47",0.78947,10,ayushkandwal5
1594,15895828,peakyguy,"2026-05-08 10:08:14",0.78947,2,peakyguy
1595,15888472,"Joseph Ojehumen","2026-05-09 17:06:58",0.78947,13,josephojehumen
1596,15899231,rustyYU,"2026-05-08 16:04:56",0.78947,7,rustyyu
1597,15907986,hyob,"2026-05-09 09:08:44",0.78947,10,hyobbb
1598,15910418,rubdown,"2026-05-09 13:10:34",0.78947,1,rubdown
1599,8455020,shi-ma_kaggle,"2026-05-09 15:58:33",0.78947,10,shimakaggle
1600,15914133,"Ангелина #3","2026-05-10 19:25:00",0.78947,9,adeffftt
1601,15915037,"Jiale Du","2026-05-10 03:00:28",0.78947,2,dujialeee
1602,15916292,小y..,"2026-05-10 06:47:39",0.78947,1,ylikej
1603,15585365,"Karim Mansi","2026-05-12 11:45:55",0.78947,58,aflowai
1604,15919484,"Ebrar Sevgili","2026-05-10 20:10:48",0.78947,5,ebrarsevgili
1605,15913789,dtragoud,"2026-05-11 08:25:13",0.78947,27,dtragoud
1606,15925181,rhodonzhou,"2026-05-11 07:28:29",0.78947,1,rhodonzhou
1607,15916452,renzudadigtq,"2026-05-11 12:37:36",0.78947,9,renzudadigtq
1608,15378879,ALWAYSWANNAFARM,"2026-05-12 08:25:02",0.78947,11,alwayswannafarm
1609,15929141,TatsuroBac,"2026-05-11 14:34:31",0.78947,1,tatsurobac
1610,15896777,"Omar El haouch","2026-05-12 01:57:34",0.78947,6,omarelhaouch
1611,15937494,"atakan akgün #2","2026-05-12 12:26:51",0.78947,4,atakanakg
1612,15937536,primordialelo,"2026-05-12 10:56:45",0.78947,2,primordialelo
1613,15706654,"Nayan Salekar","2026-05-12 12:09:03",0.78947,37,nayansalekar
1614,15931717,ramble02,"2026-05-12 12:11:12",0.78947,13,ramble02
1615,15909225,"Melike #2","2026-05-12 14:26:34",0.78947,28,melikesoygullucu
1616,15939198,"Paul Streifeneder","2026-05-12 13:39:46",0.78947,1,paulstreifeneder
1617,15396687,"MICKY LUI","2026-03-13 11:50:36",0.78708,2,mickylui
1618,14312119,"Phạm Trần Minh Trí","2026-03-13 14:51:38",0.78708,3,phamtranminhtri
1619,15365958,JoseJHF,"2026-03-14 09:27:45",0.78708,15,josejhf
1620,11144591,"Polaris Callisto","2026-03-14 05:00:10",0.78708,13,polariscallisto
1621,15399966,"Eulo Meneses","2026-03-14 02:55:10",0.78708,10,eulomeneses
1622,15400093,"SHENGYI YU52","2026-03-14 04:22:17",0.78708,6,tttracy
1623,15400215,"Taunya Gislason","2026-03-14 04:31:06",0.78708,2,taunyagislason
1624,15400685,"Yash Tulshyan","2026-03-14 10:46:19",0.78708,8,yashtulshyan
1625,15400176,bingshaocui,"2026-03-14 08:20:33",0.78708,7,bingshaocui
1626,15363780,"Ahmad Bin Zia","2026-03-14 10:38:49",0.78708,4,ahmadbinzia
1627,15402417,"Jose Marcial Cello","2026-03-14 12:20:24",0.78708,3,josemarcialcello
1628,15367162,"Seth Alain Callos","2026-03-14 15:38:58",0.78708,10,sethalaincallos
1629,15403326,DenMassive,"2026-03-14 17:07:04",0.78708,8,denmassive
1630,15362257,"Wilson Barrera","2026-03-16 03:14:45",0.78708,11,wilsonbarrera
1631,15305295,"Francis Mabayag","2026-03-26 01:36:20",0.78708,18,francismabayag
1632,15335500,"Mohamed Salah736","2026-03-16 05:50:04",0.78708,11,mohamedsalah736
1633,15402412,Loong,"2026-03-15 10:07:52",0.78708,7,fullname852
1634,14082201,"khaki #2","2026-03-15 09:53:52",0.78708,1,askeng
1635,15037561,Yuriii12345,"2026-03-15 13:12:18",0.78708,1,yuriii12345
1636,15377800,"Clea Karyl Atienza","2026-03-17 13:32:54",0.78708,26,cleakarylatienza
1637,15405634,"karar bahar","2026-03-15 20:31:09",0.78708,5,kararbahar
1638,15409144,MaksymChekhun,"2026-03-15 20:37:17",0.78708,2,maksymchekhun
1639,15377771,"Bennett Benedicto","2026-03-16 07:20:45",0.78708,18,bennettbenedicto
1640,15409884,"Tracy Hotchkiss","2026-03-16 01:31:04",0.78708,10,tracyhotchkiss
1641,15396068,2253061liang,"2026-03-16 05:02:36",0.78708,2,liang2253061
1642,15225759,"chie hachisuka","2026-03-23 00:41:48",0.78708,4,chiehachisuka
1643,15412664,Yukihiraxxx,"2026-03-16 10:28:44",0.78708,2,yukihiraxxx
1644,15413078,2252917,"2026-03-16 11:29:53",0.78708,1,aaaaa4568
1645,15413129,qwee,"2026-03-16 12:09:45",0.78708,6,getspring
1646,15397029,cohkitoda,"2026-03-18 11:32:59",0.78708,39,cohkitoda
1647,15413869,merewinds,"2026-03-16 13:49:35",0.78708,1,merewinds
1648,15411504,zzm2253010,"2026-03-16 14:46:25",0.78708,3,zzm2253010
1649,15414611,Karthik120304,"2026-03-16 15:38:26",0.78708,1,karthik120304
1650,15383727,"Fu Wing Chi","2026-03-16 19:18:56",0.78708,4,fuwingchi
1651,15200568,"Full Chaos","2026-03-19 11:38:17",0.78708,14,fullchaos
1652,12634514,shem476,"2026-03-21 20:04:33",0.78708,4,shem476
1653,15416844,"carlos bottinelli","2026-03-17 17:23:00",0.78708,9,carlosbottinelli
1654,15418205,Cola_Xuebi,"2026-03-17 05:16:08",0.78708,1,colaxuebi
1655,15377683,"Neil Patrick Portales","2026-03-17 07:30:29",0.78708,1,neilpatrickportales
1656,13955069,"Jivan Divate","2026-03-18 05:03:30",0.78708,8,jivandivate
1657,15413741,patrick_1612,"2026-03-17 12:00:45",0.78708,18,patrick1612
1658,15420952,"BNBU SichenWANG","2026-03-17 13:18:04",0.78708,3,bnbusichenwang
1659,15425969,DhyanPatel1,"2026-03-18 20:12:09",0.78708,8,dyn1234
1660,15426468,zyc0925,"2026-03-18 00:40:59",0.78708,1,zyc0925
1661,15426183,"Sreekar Reddy Aparacherla","2026-03-23 17:49:56",0.78708,11,sreekarreddyapa
1662,14840134,uwasyou,"2026-03-19 05:50:19",0.78708,4,uwasyou
1663,15428880,"Trang Bùi Thị Thanh","2026-03-18 07:57:19",0.78708,5,trangbiththanh
1664,15400509,TVD,"2026-03-18 08:03:24",0.78708,20,vnhdngtrn
1665,15429247,"Cecilia Effendi","2026-03-18 08:27:26",0.78708,6,ceciliaeffendi
1666,15429398,"oscar olano","2026-03-20 21:47:41",0.78708,12,oscarolano
1667,15251721,"james #6","2026-05-06 07:31:03",0.78708,10,james47
1668,15429695,DataViego,"2026-03-20 06:37:24",0.78708,3,dataviego
1669,15422795,BMGongsg14396,"2026-03-18 10:42:50",0.78708,8,bmgongsg14396
1670,15430457,MaTuRe,"2026-03-18 13:15:53",0.78708,10,mature
1671,15431213,"Fedua FFafaf","2026-03-18 17:36:05",0.78708,10,feduaffafaf
1672,15431310,"nemo k1rr9","2026-03-18 13:15:02",0.78708,10,nemok1rr9
1673,15417682,"Bnbu WangJiayi","2026-03-19 05:41:52",0.78708,13,bnbuwangjiayi
1674,15391955,"Aigerim Ongalbayeva","2026-04-23 16:12:40",0.78708,10,aigerimongalbayeva
1675,15432254,"Павел Целищев","2026-04-01 15:47:24",0.78708,5,plovchik321
1676,15408460,sphere07,"2026-03-18 17:35:09",0.78708,11,sphere07
1677,15433850,"Ajayi Samuel","2026-03-20 11:52:13",0.78708,2,trex2121
1678,13064478,赵蕊婷天,"2026-03-19 01:32:06",0.78708,1,wrtwrtwrt2006
1679,13018504,Xxy123456789,"2026-03-19 01:32:24",0.78708,1,xxy123456789
1680,13064216,马跃mymy,"2026-03-19 01:35:22",0.78708,1,mymymy2005
1681,13064066,wxlwxl2005,"2026-03-19 13:25:19",0.78708,4,wxlwxl2005
1682,15436961,"Ajay Varma #3","2026-03-19 01:45:44",0.78708,10,ajayvarmaramineni
1683,15354207,zhaozihan,"2026-03-19 08:56:26",0.78708,7,zhaozihan666
1684,15439939,Jamuna.k,"2026-03-19 08:23:41",0.78708,1,jamunamano
1685,15440628,"Kajal S. Dadas","2026-03-19 10:15:58",0.78708,1,kajalsdadas
1686,15441456,"Su Sandar Win","2026-03-19 13:06:01",0.78708,5,susandarwin9
1687,15441223,Quoriel,"2026-03-19 13:06:09",0.78708,6,quoriel
1688,15417196,"Wei Gao #2","2026-03-19 13:49:59",0.78708,17,villadora
1689,15442450,"Michael Angelo","2026-03-19 15:36:22",0.78708,6,themichaelangelo
1690,15413613,"Ряпосов Николай Юрьевич","2026-03-19 20:42:06",0.78708,8,nikolayryaposov
1691,15443779,"Susan Elizabeth Chang","2026-03-20 21:17:54",0.78708,3,susanelizabethchang
1692,4765695,"Yuehai Li","2026-03-20 02:11:48",0.78708,6,yuehaili
1693,15436560,"Jack Shi","2026-03-20 04:53:39",0.78708,12,jackshi8888
1694,15446434,"Madhu Mb","2026-03-20 05:43:20",0.78708,6,madymbm
1695,15338705,"Norman Ender","2026-03-20 06:57:51",0.78708,7,normanender
1696,15356127,"Ashraf A","2026-03-20 06:55:40",0.78708,1,ashraf1903
1697,11328653,"Alexander Bosikov #2","2026-03-23 09:04:13",0.78708,13,alexanderbosikov
1698,15394681,"Queen Cuihua","2026-03-20 14:32:03",0.78708,1,queencuihua
1699,15441146,VIIm7b5,"2026-03-20 18:25:53",0.78708,7,viim7b5
1700,15399225,Shearks,"2026-03-20 20:36:45",0.78708,7,shearks
1701,15403577,"Edilson Joao Chipanela","2026-03-20 20:49:14",0.78708,2,edilsonjoaochipanela
1702,13317610,joaomesa2,"2026-04-09 22:28:48",0.78708,2,joaomesa2
1703,15455296,infrabar,"2026-03-21 07:04:29",0.78708,1,infrabar
1704,15455925,"Berry Chen28","2026-03-21 09:32:44",0.78708,1,berrychen28
1705,15432270,"Bnbu HavenChen","2026-03-21 10:29:02",0.78708,6,bnbuhavenchen
1706,15409163,griffin07,"2026-03-21 16:01:36",0.78708,6,griffin07
1707,15458332,MoreAIai,"2026-03-21 16:10:01",0.78708,2,moreaiai
1708,15459710,jglee0325,"2026-03-21 19:42:50",0.78708,4,jglee0325
1709,15455427,"Subhan Miriyev","2026-03-22 08:19:28",0.78708,11,subhanmiriyev
1710,15433252,"AMIT PARAKH 45","2026-03-29 11:18:15",0.78708,17,amitparakh45
1711,15461338,"Plabon Sarkar","2026-03-22 20:46:54",0.78708,7,plabonsarkards
1712,15406491,"jane yee wang","2026-03-22 07:15:09",0.78708,8,janeyeewang
1713,15456224,ZHAOYANQI,"2026-03-22 10:58:23",0.78708,11,zhaoyanqi
1714,15463191,taichiiiiiiiiii,"2026-03-22 13:46:01",0.78708,9,taichiiiiiiiiii
1715,15198670,"Iman Jebira","2026-03-24 17:34:51",0.78708,12,imanjebira
1716,15465404,"Toma Ana Steliana","2026-03-22 18:39:34",0.78708,1,tomaanasteliana
1717,15426546,HarukaYAO,"2026-03-23 01:16:07",0.78708,5,harukayao
1718,15466236,hws081123,"2026-03-23 01:07:43",0.78708,11,hws081123
1719,15466234,kimtaekyungktk,"2026-03-23 00:45:11",0.78708,12,kimtaekyungktk
1720,15466247,"shiki #3","2026-03-23 00:57:05",0.78708,10,shiki111
1721,15466554,"Danh Nguyen He He","2026-03-23 01:55:04",0.78708,4,danhnguyen211
1722,15468356,Cccyyy325,"2026-03-23 08:09:10",0.78708,2,cccyyy325
1723,15468399,YunGaYeon,"2026-03-23 08:50:16",0.78708,9,yungayeon
1724,15468914,"Gao Khalil","2026-03-23 10:07:46",0.78708,9,gaokhalil
1725,15471040,"Ramsay Goldberg","2026-04-09 15:05:31",0.78708,8,ramsaygoldberg
1726,15431318,"Natan Chuchmar","2026-03-23 14:59:40",0.78708,8,colbick
1727,15468582,Seoeon,"2026-03-27 08:43:32",0.78708,15,seoeon
1728,15475637,YeonghunKi,"2026-03-24 05:02:26",0.78708,6,yeonghunki
1729,15480886,"Dương Nguyễnasdsad","2026-03-24 21:43:48",0.78708,10,dngnguynasdsad
1730,15481026,"Thao Bui","2026-03-24 22:06:31",0.78708,10,thaobuisdfsf
1731,15481725,"Ng Longg","2026-03-25 03:11:09",0.78708,1,nglongg
1732,15448394,"Done #2","2026-03-25 06:17:26",0.78708,31,yanghaitao2023
1733,14072279,AZacharegkas,"2026-03-25 21:09:40",0.78708,8,azacharegkas
1734,15484141,"Yoican Shan","2026-03-25 11:46:11",0.78708,9,yoicanshan
1735,15484944,"[Deleted] e63ad9fb-48b4-4120-bdea-e81253f632c3","2026-03-25 13:08:37",0.78708,2,del=05ec846425e4c168
1736,15432964,"Anna S #2","2026-03-26 18:03:17",0.78708,14,annas222
1737,15203371,"keqin li","2026-04-29 06:21:29",0.78708,89,keqinli
1738,15403396,k0k0aa,"2026-04-03 13:22:39",0.78708,9,k0k0aa
1739,15486576,"FERNANDO PIVA MENDES","2026-03-25 17:31:32",0.78708,4,fernandopm28
1740,15487581,UOM_230101R,"2026-03-26 06:35:49",0.78708,6,uom230101r
1741,15482670,RichardYAO2006,"2026-03-26 04:13:26",0.78708,10,richardyao2006
1742,15488709,mmath2,"2026-03-29 06:10:51",0.78708,28,mmath2
1743,15494868,"Aryan Raj Ayush","2026-04-07 07:02:17",0.78708,4,aryanrajayush
1744,15495161,UOM_230112C,"2026-03-26 13:49:58",0.78708,4,uom230112c
1745,12441034,"CODING MASTER 24","2026-05-12 03:11:32",0.78708,487,codingmaster24
1746,15496697,"Siranuysh Margaryan","2026-03-26 17:48:56",0.78708,1,siranuyshmargaryan
1747,15496805,"Aida Hovhannisyan","2026-03-26 18:11:41",0.78708,1,aidahovhannisyan
1748,15499810,"Batholomeo Syoko","2026-03-27 06:18:21",0.78708,5,batholomeosyoko
1749,15494156,awarse,"2026-03-27 06:08:40",0.78708,4,awarse
1750,15123055,hijoshhowyoudoin,"2026-03-27 10:02:48",0.78708,23,hijoshhowyoudoin
1751,15397698,"Ryan Sutthoff-Peña","2026-04-10 15:44:56",0.78708,22,ryansutthoffpea
1752,15503751,asetovvich,"2026-03-27 18:12:00",0.78708,3,asetovvich
1753,15504182,adnanahmed@786,"2026-03-27 20:49:49",0.78708,3,adnanahmed786
1754,15493653,azusa63,"2026-03-28 06:39:45",0.78708,3,azusa63
1755,15509604,"Denis Varlamov","2026-03-29 01:01:29",0.78708,5,denisvarlamov
1756,15511473,yu20212021,"2026-03-29 09:35:28",0.78708,2,yu20212021
1757,15502407,"Pedro Henrique de Sousa Prestes","2026-03-29 12:50:32",0.78708,4,phprestes
1758,15512666,huss257,"2026-03-29 15:18:47",0.78708,9,huss257
1759,15514992,"Vlad #7","2026-03-30 01:28:38",0.78708,10,vladvjope
1760,15515156,"sergo #2","2026-03-30 02:44:24",0.78708,10,sergowww
1761,15515424,redddy,"2026-03-30 03:35:16",0.78708,10,redddyclen
1762,15466897,dasw13,"2026-03-30 04:54:15",0.78708,16,dasw13
1763,15466588,PirUla78,"2026-03-30 05:40:05",0.78708,20,pirula78
1764,14822015,"Hayato Matsuzawa","2026-04-01 12:07:49",0.78708,9,matsuzawahayato
1765,15516094,GlaubenSie,"2026-03-30 06:12:22",0.78708,10,glaubensie
1766,15516122,fsdsgsgsgsfgs,"2026-03-30 05:56:30",0.78708,1,fsdsgsgsgsfgs
1767,15516209,FordFiat12,"2026-03-30 06:28:16",0.78708,10,fordfiat12
1768,15509178,Sea_Simon,"2026-04-03 21:59:28",0.78708,23,seasimon
1769,15520094,"Robert #26","2026-03-30 19:22:19",0.78708,10,robertososalii
1770,15520340,reginsa,"2026-03-30 21:22:22",0.78708,8,reginsa
1771,672177,"Sreeni Jilla","2026-04-27 07:18:39",0.78708,26,jillas
1772,15511550,"TIM HAN","2026-03-31 03:06:13",0.78708,20,simple2026
1773,15522292,liaojj666,"2026-03-31 05:16:51",0.78708,7,liaojj666
1774,15496705,"Angel igl","2026-03-31 15:08:15",0.78708,6,angeligl
1775,15525198,"Prabin Panta","2026-03-31 16:41:05",0.78708,5,prabinpanta
1776,15476715,keqlll,"2026-04-16 08:08:51",0.78708,47,keqlll
1777,15425757,"Rodrigo #8","2026-04-03 03:46:54",0.78708,15,apocgod
1778,12597604,"Arkat Khassanov","2026-04-01 08:21:16",0.78708,7,arkatkhasanov
1779,15459991,"Guillermo Garcia Deniz","2026-04-01 21:16:09",0.78708,14,guillermogarciadeniz
1780,15527159,"yahya khaldy","2026-04-01 22:34:38",0.78708,14,yahyakhaldy
1781,14762414,"Yusei Mori","2026-04-02 04:57:59",0.78708,20,moriys
1782,13306791,"Justin Z.","2026-04-02 11:51:25",0.78708,10,zjm271441
1783,15536320,"yokoi shunichi","2026-04-02 08:47:27",0.78708,8,yokoishunichi
1784,15535569,Alex_ChenZ,"2026-04-02 09:28:25",0.78708,4,rookiechenz
1785,15538670,sloth619,"2026-04-02 12:15:30",0.78708,3,sloth619
1786,15503003,"MANCHALA JASHWANTH SAI","2026-04-14 13:38:56",0.78708,7,manchalajashwanthsai
1787,11321696,JoelTPatterson,"2026-04-10 15:34:57",0.78708,9,joeltpatterson
1788,15543734,anzhenzhen123,"2026-04-03 05:01:30",0.78708,5,anzhenzhen123
1789,15543937,MaxQ12,"2026-04-03 05:40:50",0.78708,5,maxq12
1790,15545132,"Dina Gaga","2026-04-03 08:29:32",0.78708,6,dinagaga
1791,15449710,PhantasmT,"2026-04-11 18:10:16",0.78708,17,phantasmt
1792,15547243,MRudorf,"2026-04-05 05:15:46",0.78708,10,mrudorf
1793,15551340,"Caua Borges","2026-04-04 03:22:16",0.78708,2,cauaborges
1794,15552921,"Harmanpreet Dhiman","2026-04-04 07:47:42",0.78708,1,harmanpreetdhiman
1795,15553855,"Tuan Hung 28","2026-04-04 10:59:21",0.78708,1,tuanhung28
1796,15554447,kagglexry,"2026-04-04 13:08:27",0.78708,1,kagglexry
1797,15545269,sadatch,"2026-04-22 02:52:14",0.78708,14,sadatch
1798,15556416,Mohamed_Ahmad_Allam,"2026-04-05 16:19:00",0.78708,5,mohamedahmadallam
1799,15524897,新山陽里,"2026-04-13 06:51:42",0.78708,16,newmountain7
1800,15557681,"Shounak Velip","2026-04-05 18:33:35",0.78708,10,shounakvelip
1801,15558624,"Kane Shang","2026-04-05 14:39:15",0.78708,3,kaneshang
1802,15557453,"Sam Moor-Smith","2026-04-05 21:36:08",0.78708,8,sammoorsmith
1803,15519969,"Gregory Lam","2026-04-06 00:59:27",0.78708,6,gregorylam
1804,15562165,"Zichen He","2026-04-06 02:15:02",0.78708,1,zichenhe99
1805,15562508,RyotaFujishima,"2026-04-06 07:18:02",0.78708,4,ryotafujishima
1806,15562939,Carson787,"2026-04-06 05:05:39",0.78708,1,carson787
1807,15564430," Đăng Khúc Khánh","2026-04-06 11:19:57",0.78708,3,ngkhckhnh
1808,15476733,kqllll,"2026-04-06 12:01:15",0.78708,38,kqllll
1809,15565464,juk11325,"2026-04-06 14:12:53",0.78708,1,juk11325
1810,15560796,Harshwardhan_56,"2026-04-06 14:35:16",0.78708,1,harshwardhan56
1811,15555354,minhnn205,"2026-04-06 15:21:49",0.78708,14,minhnn205
1812,15553655,Momo1917,"2026-04-13 07:07:57",0.78708,26,momo1917
1813,15456828,"Shreesha Rai","2026-04-06 17:45:18",0.78708,2,shreesharai
1814,15566759,linjack123te'r'y,"2026-04-06 18:33:22",0.78708,1,linjack123tery
1815,13602007,"ali cihan bilgi","2026-04-10 14:44:44",0.78708,6,alicihanbilgi
1816,15567652,"adam h9uyitu","2026-04-08 00:48:43",0.78708,5,adamh9uyitu
1817,15568835,"[Deleted] 091f946a-31fc-42d7-ba0a-9204466f580d","2026-04-07 07:18:03",0.78708,7,del=f3be35ffe1a5408a
1818,15569592,"Tatsuya Homma","2026-04-07 07:57:18",0.78708,1,tatsuyahomma
1819,15031485,IEEM26_112034014,"2026-04-07 08:44:08",0.78708,4,tsaohsuanyu
1820,15569813,IEEM26_112034007,"2026-04-07 08:34:58",0.78708,1,huangikai
1821,15569438,day260407,"2026-04-07 08:47:20",0.78708,10,day260407
1822,15569222,IEEM26_111034072,"2026-04-07 09:38:45",0.78708,7,linzssss
1823,15569706,IEEM26_112034008,"2026-04-07 09:06:18",0.78708,4,leeyukuan10
1824,15564412,"Shubh Shrivastava","2026-04-10 07:44:32",0.78708,18,deadinsidebro
1825,15571283,IEEM26_112034046,"2026-04-07 15:43:55",0.78708,7,wuwenchen112034046
1826,15572181,"B. HEMASHREE","2026-04-07 15:46:31",0.78708,2,bhemashree
1827,15573090,"Jincan Zhu","2026-04-07 19:01:49",0.78708,2,jz5102
1828,15052271,"Aditya Khanna","2026-04-07 19:25:23",0.78708,1,adityak16
1829,3935560,"Yun Shin Lee","2026-04-08 01:05:15",0.78708,2,yunshinlee
1830,15572049,murashou,"2026-04-10 10:13:12",0.78708,9,murashou
1831,15575347,"Aldi Saladin","2026-04-08 10:15:51",0.78708,9,aldisaladin
1832,15576324,嘤嘤樱,"2026-04-08 09:16:41",0.78708,2,wujilau
1833,15577493,Alptwo,"2026-04-08 13:06:20",0.78708,1,alptwo
1834,15513163,Galvania,"2026-04-08 13:35:49",0.78708,21,galvania
1835,14125602,Yoyo0125,"2026-04-08 22:43:34",0.78708,1,yoyo20120125
1836,15561202,ItzLin,"2026-04-09 02:46:20",0.78708,16,itzlin
1837,15574443,Zainab,"2026-04-09 02:49:56",0.78708,2,zainabb749
1838,15581247,"Asher Schroeder","2026-04-09 04:04:01",0.78708,9,asherschroeder
1839,15525993,"Johnna Schroeder","2026-04-09 04:16:03",0.78708,19,johnnaschroeder4
1840,15582064,cheat_when_I_was_young,"2026-04-14 16:59:02",0.78708,19,cheatwheniwasyoung
1841,15584111,"Dohyun Yun #2","2026-04-09 12:35:22",0.78708,3,finsternis
1842,15584645,"Miguel Barrigón","2026-04-09 14:00:58",0.78708,1,miguelbarrign
1843,15422110,"Cecilia Prasanna","2026-04-10 15:43:15",0.78708,22,ceciliasprasanna
1844,15585021,"Hema hareni","2026-04-16 17:12:18",0.78708,4,hemahareni
1845,15126825,"Yash Khillare09","2026-04-09 19:42:40",0.78708,1,yashkhillare09
1846,15579593,"zain bahara","2026-04-09 21:03:53",0.78708,8,zainbahara
1847,15586732,"Chaman Agrawal","2026-04-28 11:54:02",0.78708,5,chamanag
1848,15578798,"Juan Vazquez #4","2026-04-17 00:44:44",0.78708,13,ysjuan
1849,15583483,"zhouzhou xiao","2026-04-10 01:29:04",0.78708,3,zhouzhouxiao
1850,15587529,"Sudarshan Krishnan","2026-04-10 03:02:44",0.78708,7,sudarshan2904
1851,15580079,"Spencer Russell","2026-04-10 02:58:13",0.78708,14,spencerrussell4
1852,15587927,"Ian Bobrus","2026-04-10 04:19:13",0.78708,1,ianbobrus
1853,15400668,gzyellowmoon,"2026-04-10 04:59:42",0.78708,15,gzyellowmoon
1854,15589831,"GGGG #2","2026-04-10 10:26:00",0.78708,1,ggggzhiyuan
1855,15590857,Yash_Meshram,"2026-04-10 14:10:21",0.78708,1,yashm1536
1856,15590768,erdon123,"2026-04-10 14:48:02",0.78708,8,erdon123
1857,15265241,liulichiwen,"2026-04-12 14:17:01",0.78708,9,liulichiwen
1858,15509400,"Yan Leite","2026-04-10 18:35:35",0.78708,13,santtyan
1859,15267299,Adameus,"2026-04-10 18:27:47",0.78708,10,whiteguy123
1860,15550290,"Mamadou Seck","2026-04-25 20:25:36",0.78708,72,doudouseck
1861,4373741,"MORITA JUNKO","2026-04-12 00:38:48",0.78708,13,moritajunko
1862,15591205,"Dor Aviv","2026-04-11 15:12:31",0.78708,4,doraviv
1863,15597451,"Jaime Garcia #2","2026-04-11 14:51:55",0.78708,7,jaimegarcia5
1864,14756995,"Ochir Erdembileg","2026-04-13 13:40:01",0.78708,9,ochirerdembileg
1865,15576335,"Chia-Han Kuo","2026-04-29 06:03:13",0.78708,9,ruckuo
1866,15602730,"Bidisha Bhaduri #2","2026-04-12 12:41:26",0.78708,1,bidiiii
1867,15592413,"Bidisha Bhaduri","2026-04-12 12:44:59",0.78708,3,bidishabhaduri1
1868,15360624,"Romnis Arias","2026-04-12 13:39:41",0.78708,12,romnisarias
1869,15605856,OkudaAkihiro,"2026-04-13 02:23:49",0.78708,6,okudaakihiro
1870,5866237,ryanfu890907,"2026-04-13 15:38:12",0.78708,3,ryanfu890907
1871,15612542,"Gao Wenjiang","2026-04-14 03:19:25",0.78708,1,gaowenjiang
1872,15559854,Masakaz.I,"2026-04-14 07:01:22",0.78708,11,masakazishigai
1873,15615263,"Oghenetano Oromena","2026-04-14 11:38:07",0.78708,1,oghenetanooromena
1874,15615342,"Ned Lockwood","2026-04-14 17:11:40",0.78708,6,nedlockwood
1875,15615580,superDff,"2026-04-14 12:56:22",0.78708,4,superdff
1876,15538631,zhaohaozhea,"2026-04-14 13:28:27",0.78708,2,zhaohaozhea
1877,15606613,"Daiki Fukuda","2026-04-14 14:35:03",0.78708,11,daikifukuda
1878,15615989,"Boyuan Lu","2026-04-14 15:02:35",0.78708,5,ssybl4
1879,15607078,mohasaeed,"2026-04-14 14:10:42",0.78708,17,mohasaeed
1880,14792751,"Liubomyr Bielov","2026-04-15 09:46:49",0.78708,4,liubomyrbielov
1881,15620905,"Карим Багауов","2026-04-15 14:18:55",0.78708,4,karimbagauov
1882,14647723,"table spoonful","2026-04-15 13:55:45",0.78708,2,tablespoonful
1883,15623976,MonoBerc,"2026-04-15 18:51:54",0.78708,2,monoberc
1884,15624053,"Jason Barnes100","2026-04-15 19:11:23",0.78708,1,jasonbarnes100
1885,15616699,"James Newbould","2026-04-15 21:07:15",0.78708,12,jamesnewbould
1886,15628944,"luo jing xian","2026-04-16 08:10:22",0.78708,2,luojingxian
1887,15629140,"Usiobaifoh Victor ","2026-04-17 12:47:39",0.78708,7,usiobaifohvictor
1888,15611476,"Maks Voloshyn","2026-05-10 14:32:48",0.78708,13,maksvoloshyn
1889,15635479,"Olga #11","2026-05-06 03:51:47",0.78708,5,awwwwwlya
1890,15635483,kaga36,"2026-04-17 07:52:43",0.78708,3,kaga36
1891,15635982,una0216,"2026-04-17 06:52:30",0.78708,3,una0216
1892,15635999,"E O7086","2026-04-17 06:43:15",0.78708,1,eo7086
1893,15636007,"Peng Chieh Jou","2026-04-17 06:43:39",0.78708,1,pengchiehjou
1894,15636023,liao_bing_yu,"2026-04-17 06:46:30",0.78708,1,liaobingyu
1895,15633024,lennon056,"2026-04-17 11:08:20",0.78708,3,lennon056
1896,15632907,"Tomar Mcoc","2026-04-29 17:48:00",0.78708,6,tomarmcoc
1897,15503500,"YAJAT PAWAR","2026-04-25 13:51:15",0.78708,46,yajatpawar
1898,15639929,"VIJAYA LAKSHMI #2","2026-04-17 17:36:37",0.78708,2,bollapallivijaya
1899,15640227,"Alejandro Florez","2026-04-17 17:45:50",0.78708,1,al3j4ndr0flor3z
1900,15640264,"Mateo Beltran Chávez ","2026-04-17 17:52:20",0.78708,2,mateobeltranchvez
1901,15640286,"Yeffersson Stiven ","2026-04-17 17:52:19",0.78708,1,yefferssonstiven
1902,15641952,"Andrew Kadish","2026-04-18 02:07:28",0.78708,2,andrewkadish
1903,15635662,CuteMu,"2026-04-18 07:21:09",0.78708,2,cutemu
1904,15644694,bp9988,"2026-04-18 10:06:12",0.78708,1,bp9988
1905,15646832,"Viswanath Reddy","2026-04-19 12:08:22",0.78708,11,viswanathreddyt
1906,15648433,"Brajesh Kumar Sethi","2026-04-18 22:51:30",0.78708,1,brajeshkumarsethi
1907,15644439,啊苏格玄,"2026-04-19 02:32:35",0.78708,4,asgx1224
1908,15653329,"Fadi Bassous","2026-04-19 17:54:06",0.78708,1,fadibassous2004
1909,15606059,ltiun123,"2026-04-20 03:17:11",0.78708,11,ltiun123
1910,15606081,cw051127,"2026-04-20 03:12:58",0.78708,9,cw051127
1911,15657229,Mastermind,"2026-04-20 07:46:14",0.78708,1,sutkaew
1912,15659872,"Rhys Bloomfield","2026-04-20 14:33:32",0.78708,1,rhysbloomfield
1913,15616634,"Connor Rowan","2026-04-22 19:31:22",0.78708,7,connorrowan
1914,14266745,下世大治,"2026-04-25 15:21:25",0.78708,6,shimodas
1915,15660163,dmdrmfod,"2026-04-20 17:20:51",0.78708,9,dmdrmfod
1916,15661518,e.zakharoff,"2026-04-20 19:14:28",0.78708,1,ezakharoff
1917,15662662,"Владислав Орбан","2026-04-20 22:32:51",0.78708,1,perhaps3
1918,15665857,"Pape Youssou Sarr","2026-04-21 08:09:35",0.78708,2,papeyoussousarr
1919,15666668,"sivan #2","2026-04-21 08:49:41",0.78708,1,sivan20
1920,15610479,Blameee,"2026-04-21 16:08:28",0.78708,15,blameee
1921,15678386,"Andrea Albertazzi","2026-04-21 21:42:33",0.78708,7,andreaalbertazzi
1922,15682481,Hanyuuuuu,"2026-04-22 00:19:25",0.78708,2,hanyuuuuu
1923,15656158,"Brenda Rodriguez","2026-04-22 02:49:05",0.78708,9,brendathegreatt
1924,15586059,dzire13,"2026-04-22 02:50:39",0.78708,24,dzire13
1925,15693392,"Polyakova Elizaveta","2026-04-22 07:52:11",0.78708,1,polyakovaelizaveta
1926,15675086,Eclipse-Dirol,"2026-04-22 08:53:13",0.78708,7,monolitberi
1927,15694225,lolkaggleer,"2026-04-27 09:14:11",0.78708,17,lolkaggleer
1928,15698754,"Gaeth Omari","2026-04-22 15:00:37",0.78708,8,gaethomari
1929,15704466,"JokeBear The Bot","2026-04-23 03:28:45",0.78708,7,jokebearthebot
1930,15706665,"Yashwant Solanke","2026-04-30 06:53:38",0.78708,28,yashwantsolanke
1931,15579092,mat420,"2026-04-23 13:48:27",0.78708,22,mat420
1932,15720543,"Archana chezhiyan","2026-04-23 15:37:53",0.78708,2,archanachezhiyan
1933,15719147,Superwarden,"2026-04-28 08:11:28",0.78708,10,superwarden
1934,15726683,"Sahra Barkadle","2026-04-24 06:28:43",0.78708,1,sahrabarkadle
1935,15729212,"Aryan Rathor8","2026-04-24 08:42:59",0.78708,8,aryanrathor8
1936,15724834,"Amber Fisher #3","2026-04-25 03:53:40",0.78708,20,amber5510
1937,15734388,"Jayesh Manani","2026-04-24 22:02:28",0.78708,5,jayeshmanani
1938,15723312,Stangev,"2026-05-06 19:53:44",0.78708,9,stangev
1939,15735139,"SAMEER GANDHI PCE23CA046","2026-04-25 03:45:55",0.78708,10,sameerpce23ca046
1940,15658671,Ramicko,"2026-04-25 08:48:23",0.78708,2,ramicko
1941,985648,GANESHCHANDRA,"2026-04-25 09:35:08",0.78708,1,ganeshchandra015
1942,14237452,MinPlu,"2026-04-25 11:17:01",0.78708,27,minplu
1943,15739051,"Sophie Leech","2026-04-26 05:55:53",0.78708,2,sophieleech
1944,15739654,"Артём Чехлов","2026-04-25 17:55:42",0.78708,2,artemchekhlov
1945,15739538,"Masum Abbas","2026-04-25 18:09:59",0.78708,6,masumabbas
1946,15740157,"Mathias M","2026-04-27 20:13:16",0.78708,7,mathiasmlr
1947,15724716,"Amber Fisher #2","2026-04-25 23:12:27",0.78708,20,machinelearner5510
1948,15733048,chodrii_priyanshu,"2026-04-27 00:39:58",0.78708,17,parishadevi
1949,15742161,"Bradly Carp","2026-04-26 06:52:13",0.78708,1,bradlycarp
1950,15736335,Swathi_Pillai,"2026-04-26 07:18:40",0.78708,1,swathipillai0607
1951,15743404,D1533,"2026-04-26 14:24:44",0.78708,9,d1533m
1952,15745029,"Juni #3","2026-04-26 16:32:54",0.78708,1,codeblockkkk
1953,15744857,Xinn123456,"2026-04-27 22:37:54",0.78708,12,xinn123456
1954,15745248,xx123987,"2026-04-27 02:38:23",0.78708,5,xx123987
1955,15740494,"Hüseyin Enes Duran","2026-05-11 10:36:15",0.78708,7,hseyinenesduran
1956,15707155,"Riku Kishida","2026-04-30 06:28:43",0.78708,5,rikukishida
1957,15747049,"Ujjwal Paul","2026-04-30 21:31:47",0.78708,23,ujjwalpaul2
1958,15747832,HaomingYan435,"2026-04-27 06:57:40",0.78708,10,haomingyan435
1959,15747041,"Alex Klos","2026-04-27 07:52:23",0.78708,4,klosalex
1960,15748873,Zimirgh,"2026-04-27 07:47:21",0.78708,1,zimurgh
1961,15749515,"Kailiang PENG","2026-04-27 09:36:32",0.78708,6,kailiangpeng
1962,2911872,"L. Miguel Martins","2026-05-08 10:13:59",0.78708,2,lmmartins
1963,15751008,"Zirui Pan USTC","2026-04-27 15:10:57",0.78708,10,ziruipanustc
1964,13180237,picha,"2026-04-27 15:05:58",0.78708,1,pichaachuu
1965,15755266,"McKinley Coleman","2026-04-28 15:48:20",0.78708,2,mckinleycoleman
1966,15618520,"Carlie Lubin","2026-04-29 13:43:50",0.78708,23,carlielubin
1967,15754713,"Ke Yaoa","2026-04-27 20:39:09",0.78708,6,keyaoa
1968,15758528,"Lil Panda Fighter","2026-04-30 02:25:16",0.78708,17,srina01
1969,15763127,"Sandra Faina","2026-04-29 06:43:50",0.78708,12,sandrafaina
1970,15746368,"Nathan Dreuille","2026-04-28 19:46:41",0.78708,7,nathandreuille
1971,15766743,"xuandao #2","2026-04-28 14:14:01",0.78708,4,xuandaoinhk
1972,15768669,SVestaM,"2026-04-28 16:49:31",0.78708,9,svestam
1973,15703224,JacksonNBauer,"2026-04-29 00:45:12",0.78708,10,jacksonnbauer
1974,11521944,"Lutfillo Abdukhamidov","2026-04-29 04:24:43",0.78708,5,lutfilloabdukhamidov
1975,15775157,"Jessica Hsieh #2","2026-04-29 04:50:34",0.78708,4,jessicahsieh1023
1976,15743641,SZG12138,"2026-04-29 12:51:21",0.78708,6,szg12138
1977,15768384,Altheaaaa,"2026-04-30 09:51:44",0.78708,8,altheaaaa
1978,15777217,firegunlns,"2026-05-01 15:20:26",0.78708,20,firegunlns
1979,15778284,"Im Just CPM","2026-04-29 15:24:09",0.78708,2,imjustcpm
1980,15783522,"Talha Meraj","2026-04-29 16:05:38",0.78708,1,talha15
1981,15785605,"[Deleted] 8b8a2a82-ecb1-4d83-a276-71ed7117366e","2026-04-29 19:40:21",0.78708,7,del=c1b2c49c1f6aee59
1982,15786406,"[Deleted] dce05844-0ccd-4f97-b37b-96d2ded8b18e","2026-04-30 01:59:35",0.78708,9,del=e311a37b9c7aa2a8
1983,15786571,"Gustavo Biaso","2026-04-29 23:04:24",0.78708,2,gustavobiaso
1984,15766984,"Arnav Madavaram","2026-04-29 20:56:13",0.78708,13,arnavmadavaram
1985,13663439,dayuh,"2026-05-04 10:59:03",0.78708,13,dayuh0926
1986,15787751,"Erwin Alcantara","2026-04-30 01:51:17",0.78708,6,erwinalcantara
1987,15738696,redscorbunny,"2026-05-06 03:19:09",0.78708,7,redscorbunny
1988,15706499,"swikar barkale","2026-05-06 08:25:39",0.78708,5,swikarbarkale
1989,15795530,"Omolade Falade","2026-04-30 12:26:13",0.78708,5,omoladefalade
1990,15800129,"Raj Singh #7","2026-04-30 17:03:06",0.78708,1,soulhunter06
1991,15800523,Psyche,"2026-05-01 17:52:10",0.78708,19,projnaparomita42
1992,15801279,"Jose Vidi Imanuel","2026-04-30 18:29:59",0.78708,1,josevidiimanuel
1993,15816919,"Dezhi Zhang","2026-05-01 16:55:39",0.78708,10,dezhizhang
1994,6657391,"Plus Pals","2026-05-02 04:17:58",0.78708,1,pluspals
1995,15826166,Moxigul,"2026-05-02 18:00:41",0.78708,8,moxigul
1996,15826633,"Sanjivini Chougule","2026-05-03 09:42:53",0.78708,4,sanjivinichougule
1997,14109341,"Đăng khoa Nguyễn Võ","2026-05-02 12:47:07",0.78708,2,ngkhoanguynv
1998,15829053,HuoHanDu,"2026-05-03 06:24:07",0.78708,8,huohanduyang
1999,15740096,"Hannah Lauer","2026-05-03 05:05:58",0.78708,51,hannahlauer
2000,15834510,"Hannah Grace Lauer","2026-05-03 05:38:47",0.78708,5,hannahgracelauer
2001,15836907,xiechanyi,"2026-05-03 09:33:32",0.78708,6,xiechanyi
2002,15823766,"Alex V.","2026-05-03 20:34:00",0.78708,17,atuba1
2003,15839996,"Никита Никита","2026-05-03 22:36:14",0.78708,3,nikitaaaaaaaaaatikin
2004,14008334,qboodp,"2026-05-03 19:23:47",0.78708,4,qboodp
2005,14153742,CaptainLee,"2026-05-04 10:22:44",0.78708,1,captainleelearning
2006,15852094,"Zihao Fan","2026-05-04 17:30:23",0.78708,6,fzh0919
2007,15206982,"Beebo Aziz","2026-05-05 01:13:54",0.78708,2,beeboaziz
2008,5040519,"Ajitesh #2","2026-05-05 07:24:01",0.78708,1,ajiteshshukla
2009,15857922,wangxiii,"2026-05-05 10:26:33",0.78708,5,wangxiii
2010,15847072,"hiroya mutou","2026-05-10 00:27:26",0.78708,9,hmutou
2011,15863282,"[Deleted] 5c769764-d3cc-41ea-8deb-11f5a41d7cef","2026-05-06 13:43:22",0.78708,20,del=220752ee7319e9a1
2012,15325217,"Rashan Shamsher","2026-05-05 17:08:12",0.78708,11,rashanshamsher
2013,15864201,"Walid Laf","2026-05-05 17:31:41",0.78708,10,walidlaf
2014,15864440,"mod gov","2026-05-05 17:54:23",0.78708,8,modgov
2015,15869269,fwj0242,"2026-05-06 03:13:30",0.78708,3,fwj0242
2016,15871404,mtastan01EDU_location_04_2026,"2026-05-06 06:30:54",0.78708,1,magzhantastan
2017,15865821,eirejfgo,"2026-05-06 07:09:33",0.78708,9,eirejfgo
2018,15792136,"khwaja Moula'Ali","2026-05-07 07:51:34",0.78708,58,khwajamoulaali
2019,15871644,Hikari_3311,"2026-05-06 10:30:53",0.78708,2,hikari3311
2020,15875464,hdy0320,"2026-05-07 11:07:38",0.78708,5,hdy0320
2021,15362597,"zhenming guo","2026-05-06 15:58:58",0.78708,9,zhenmingguo
2022,15879618,"Fábio Amaral","2026-05-06 22:17:07",0.78708,1,fabioaa
2023,15880783,"User #3","2026-05-07 02:47:14",0.78708,5,user0912
2024,15881307,NIkikik,"2026-05-07 03:47:55",0.78708,3,nikikik
2025,15881399,LEECHAEHYUN,"2026-05-12 03:48:10",0.78708,18,leechaehyun26
2026,15881378,byungunho,"2026-05-07 04:49:23",0.78708,5,byungunho
2027,15881332,HeoGeonWoo,"2026-05-09 10:02:44",0.78708,20,heogeonwoo
2028,15883278,"HeoGeonWoo #2","2026-05-09 10:35:09",0.78708,16,woo6629058
2029,15884066,Yank233,"2026-05-07 08:34:38",0.78708,2,yank233
2030,15806547,"waka #2","2026-05-12 10:09:09",0.78708,12,wakamoon
2031,15876756,skoh26,"2026-05-07 19:52:00",0.78708,16,skoh26
2032,15865169,"João Antônio Astolfi Gonçalves","2026-05-08 18:27:31",0.78708,19,jooantnioastolfi
2033,15352890,"kou Sak","2026-05-11 05:37:06",0.78708,10,kousak
2034,15892598,"mohammed javvad kt","2026-05-08 03:50:03",0.78708,3,mohammedjavvadkt
2035,15893213,Barieaa,"2026-05-08 07:07:58",0.78708,10,barieaa
2036,15880614,"Kwangsoo Kim #3","2026-05-08 08:05:04",0.78708,6,kwangsookim4
2037,15880617,"Ae Ri Cha","2026-05-08 07:57:17",0.78708,13,crongcrong222
2038,15895371,jrxvvv,"2026-05-08 08:32:13",0.78708,1,jrxvvv
2039,15877260,"NWANNA EBUKA JOFAITH","2026-05-08 10:42:49",0.78708,4,nwannaebukajofaith
2040,15881067,"AI Ferret","2026-05-11 22:45:25",0.78708,21,aiferret
2041,15903967,Ghlxavier,"2026-05-09 00:56:43",0.78708,2,ghlxavier
2042,15905432,"Aman Prasad 7","2026-05-09 04:11:39",0.78708,1,amanprasad7
2043,15908235,choihyobee,"2026-05-09 09:36:41",0.78708,10,hbeeeeeeee
2044,15873131,"Salman677 s","2026-05-10 09:53:42",0.78708,31,salman677s
2045,14871304,"winder sa","2026-05-09 13:58:18",0.78708,6,windersa
2046,15911928,"M.Khurram Shahzad","2026-05-09 16:26:01",0.78708,3,mkhurramshahzad33
2047,15604006,"Yassine Hawari","2026-05-09 18:23:34",0.78708,3,yassinehawari
2048,15913645,Shubhhhdz,"2026-05-09 20:05:28",0.78708,1,shubhhhdz
2049,15306962,"chutian Chen","2026-05-10 04:40:06",0.78708,8,chutianchen123
2050,15914760,"Reuben James Loquinario","2026-05-10 05:58:39",0.78708,10,reuben9027
2051,15916487,"panharith chea","2026-05-10 07:16:56",0.78708,1,panharithchea
2052,15917365,保迪di,"2026-05-10 09:18:10",0.78708,2,absoluking
2053,15779637,"Elif Yavuz","2026-05-10 09:29:49",0.78708,17,kelifyavuz
2054,15917611,danbural,"2026-05-10 10:52:36",0.78708,8,danbural
2055,15859233,"Alperen Manas","2026-05-10 12:43:58",0.78708,17,lprnmns
2056,15920068,chouette,"2026-05-10 15:17:38",0.78708,1,fukudakeiichiro
2057,15778182,"ekrem fidan","2026-05-11 06:10:19",0.78708,27,ekremfidan
2058,15925018,lixinyue@429,"2026-05-11 07:08:17",0.78708,1,lixinyue429
2059,15925355,lyttc0811,"2026-05-11 08:06:39",0.78708,2,lyttc0811
2060,15924935,Wangxiaoxin12,"2026-05-11 08:31:11",0.78708,9,wangxiaoxin12
2061,15925815,"周骇浪_my godokde","2026-05-11 08:33:27",0.78708,1,mygodokde
2062,15781611,"Burçak Demirel","2026-05-11 11:32:45",0.78708,19,burcakdemmirel
2063,15916441,dsdfdffg,"2026-05-11 16:44:46",0.78708,11,dsdfdffg
2064,15930134,"Rasul Hajili","2026-05-11 17:42:24",0.78708,9,rasulhajili
2065,15931061,cdietz,"2026-05-12 13:57:06",0.78708,9,cdietz
2066,15922358,DataNuss,"2026-05-11 22:47:13",0.78708,7,datanuss
2067,15934305,zhaozixiang111,"2026-05-12 14:28:29",0.78708,5,zhaozixiang111
2068,15931207,"Macari Nicolae","2026-05-12 05:33:27",0.78708,15,macarinicolae
2069,15932969,ZxA3LMI,"2026-05-12 05:59:07",0.78708,7,zxa3lmi
2070,15926558,"Daniel Sacy","2026-05-12 10:03:24",0.78708,9,danielsacy
2071,15613385,taka_ml,"2026-05-12 12:59:00",0.78708,19,takaml
2072,15885806,"Ernest Kiruchi","2026-05-12 12:26:38",0.78708,3,ernestkiruchi
2073,15388073,"Adam Alexy","2026-03-21 14:02:26",0.78468,4,adamalexy
2074,15397112,"Chin Felin","2026-03-13 12:33:58",0.78468,4,chinfelin
2075,15388680,HappyCh0i,"2026-03-14 02:17:03",0.78468,8,longhochoi
2076,8742167,"Oleksandra Al","2026-03-13 15:53:53",0.78468,7,oleksandraal
2077,15396934,NagibatorBobrov,"2026-03-13 17:47:37",0.78468,3,nagibatorbobrov
2078,15384079,Rossi,"2026-03-20 00:29:08",0.78468,6,rossioescaleragarcia
2079,15399116,"Ayşe Kıllı","2026-03-13 19:42:23",0.78468,2,ayekll
2080,15046049,牛蒼蠅,"2026-05-11 21:17:30",0.78468,60,oxgadfly
2081,15396444,KentLee1999,"2026-03-14 05:53:18",0.78468,8,kentlee1999
2082,15366504,"Kacey Andrea Javier","2026-03-14 07:26:53",0.78468,10,kaceyandreajavier
2083,15401186,Kimseongssoo,"2026-03-14 07:39:32",0.78468,1,kimseongssoo
2084,15401868,"Aaron Mark Gregorio","2026-03-14 11:29:39",0.78468,10,aaronmarkgregorio
2085,15402560,wqh2253074,"2026-03-14 12:29:13",0.78468,1,wqh2253074
2086,15400948,"Mahdi Kheirkhah","2026-03-14 14:19:18",0.78468,10,mahdikheirkhah
2087,10129165,"Muhammed Tausif","2026-05-11 16:18:24",0.78468,61,muhammedtausif
2088,15366105,"Aarhon Chiel Klauss Viernes","2026-03-15 18:44:46",0.78468,20,aarhonviernes
2089,14626181,"abdallah abuamara","2026-03-14 21:32:30",0.78468,1,ab8d06
2090,15404576,"Girayhan Çakıroğlu","2026-03-14 23:24:18",0.78468,1,girayhanakrolu
2091,15378497,miyatama,"2026-03-16 22:28:19",0.78468,5,miyatama
2092,15387695,"Therese David","2026-03-15 06:24:13",0.78468,20,theresedavid
2093,15405551,swj2252986,"2026-03-15 09:31:18",0.78468,5,weijunshi
2094,15327477,"Leon Liju","2026-03-25 20:04:23",0.78468,8,leonliju
2095,12662988,Frelldan13,"2026-03-17 18:03:39",0.78468,9,frelldan13
2096,13764516,"Dmitry Goncharov","2026-04-01 20:03:37",0.78468,10,dmitrygoncharov312
2097,15409085,newbie003,"2026-03-15 20:29:28",0.78468,4,newbie003
2098,15409184,divye.mahajan,"2026-03-15 20:36:16",0.78468,1,dmahajanbe23
2099,15409989,"Ziheng WANG8989","2026-03-16 01:12:47",0.78468,5,zihengwang8989
2100,15256169,"Yousef Khalaf","2026-03-16 01:28:59",0.78468,1,yousefkhalaf03
2101,15410060,wiyuwwww,"2026-03-16 02:40:03",0.78468,10,wiyuwwww
2102,15410083,Suandada,"2026-03-16 02:45:28",0.78468,9,suandada
2103,15405150,"Junze Xie","2026-03-16 03:22:08",0.78468,5,xiejunze
2104,15410088,"David #70","2026-03-16 03:42:44",0.78468,4,vulcan555
2105,15409902,"Bruno Nieves","2026-03-16 04:16:01",0.78468,7,brunonieves
2106,15405003,Evemist,"2026-03-20 06:46:53",0.78468,13,evemist
2107,15411456,H4GP2C,"2026-03-16 07:21:31",0.78468,7,h4gp2c
2108,15412573,Akikonata,"2026-03-17 08:47:49",0.78468,6,akikonata
2109,15412998,jewel3r,"2026-03-16 12:18:51",0.78468,7,jewel3r
2110,15413697,FanChou,"2026-03-16 13:48:14",0.78468,5,finnianchou
2111,15265268,"Aymeric Molager","2026-04-10 10:00:19",0.78468,5,aymericmolager
2112,15414087,Molager_Aymeric,"2026-04-10 10:15:33",0.78468,4,molageraymeric
2113,15306731,"Tim Neel","2026-03-17 09:34:58",0.78468,11,timneel
2114,15414499,"Kumar Gaurav #6","2026-03-16 15:19:41",0.78468,1,kgaurav3257
2115,15415090,"Arda Eren","2026-03-16 17:01:38",0.78468,1,ardaeren2401
2116,15392994,"Leonard Kraege ","2026-03-16 18:45:43",0.78468,1,leonardkraege
2117,13120798,"Mike #30","2026-03-26 20:19:25",0.78468,5,tron1276060
2118,15340818,"Yaroslav #7","2026-04-16 17:19:08",0.78468,27,ryzhy1
2119,15401344,"[Deleted] 670108f1-dcf8-4020-95ac-016210a58bfb","2026-03-17 06:06:15",0.78468,3,del=063b991a1316173e
2120,15418529,huanghaiping2252895,"2026-03-17 06:14:29",0.78468,1,huanghaiping2252895
2121,15418520,2253076王祺,"2026-03-17 06:43:22",0.78468,2,fffffdd
2122,15411566,2253054谢小龙,"2026-03-17 06:55:36",0.78468,2,gypsophilaxxl
2123,15385815,dr1b15,"2026-03-17 07:23:48",0.78468,9,dr1b15
2124,15419414,zyd-2253060,"2026-03-17 08:34:23",0.78468,1,zyd2253060
2125,15420661,shuang2026,"2026-03-17 11:42:58",0.78468,1,shuang2026
2126,15420803,"Courage Genit0","2026-03-17 12:39:23",0.78468,10,couragegenit0
2127,15419569,"Yu Su #2","2026-03-17 13:11:05",0.78468,3,sugarrrrrrr5656
2128,15421362,lailaibaby,"2026-03-17 13:22:24",0.78468,1,lailaibaby
2129,15423275,"Kazi Akaid","2026-03-17 18:15:18",0.78468,3,kaziakaid
2130,15425884,"Franco Mecca","2026-03-17 22:28:07",0.78468,1,francomp3
2131,15426123,nous,"2026-03-17 23:19:33",0.78468,1,nouskernel
2132,15410005,fiber1,"2026-03-18 00:21:08",0.78468,12,fiber1
2133,15427547,aventurinee,"2026-03-18 03:22:20",0.78468,1,aventurinee
2134,15428825,"abc #2","2026-03-18 07:12:17",0.78468,10,dngtrnvnh
2135,7223565,"zora liu","2026-03-19 05:43:47",0.78468,12,zoraliu
2136,15427639,ZzzXinyuu,"2026-03-20 01:31:08",0.78468,5,zzzxinyuu
2137,15403837,"Ng Yu Fei","2026-03-18 09:19:46",0.78468,9,meetaimak1
2138,15429704,jingpingli1986,"2026-03-18 09:04:37",0.78468,10,jingpingli1986
2139,10832183,"RAJPUT CHIRAG SINGH27","2026-03-18 11:05:57",0.78468,10,rajputchiragsingh27
2140,15430732,Ajoy,"2026-03-19 20:05:55",0.78468,5,ajsaha
2141,14527997,"Satyajit Chakraborty","2026-03-18 12:47:23",0.78468,4,satyagm
2142,15432301,"Максим Садков","2026-03-18 15:00:13",0.78468,1,mkssdk
2143,15432693,KUJO_ISO,"2026-03-22 16:18:44",0.78468,8,d6dqvw7rvqmxv
2144,15432325,"ANTONIO DE ALBUQUERQUE LENZ CESAR","2026-03-18 22:15:47",0.78468,2,antonioalcesar
2145,15437177,"Amanda López","2026-03-21 00:19:42",0.78468,10,amandalpez
2146,15432027,jasmine0420190,"2026-03-19 03:18:36",0.78468,1,jasmine0420190
2147,15440069,"Jeevan N","2026-03-20 08:27:31",0.78468,2,jeevang11
2148,15439724,"Janice Jianuo SHI","2026-03-19 09:11:18",0.78468,4,janicejianuoshi
2149,15440034,"Valeria Ponosova","2026-03-19 09:37:27",0.78468,10,valeriaponosova
2150,15440429,"Ponosova Valera","2026-03-19 09:55:59",0.78468,5,ponosovavalera
2151,15440879,"Thuy Le Nghiem Thanh","2026-03-19 13:32:17",0.78468,9,thuylenghiemthanh
2152,15441451,"Кристина Чекрыгина","2026-03-19 13:54:23",0.78468,10,kristina11042
2153,15441789,"Flurin Yenigün","2026-03-19 14:58:06",0.78468,10,flurinyenign
2154,15442641,"[Deleted] e773f110-6d8f-49cc-b0c2-2a83614db513","2026-03-19 19:08:27",0.78468,10,del=cf3b8935f263eb46
2155,15352066,StefanHro,"2026-03-30 16:31:41",0.78468,38,stefanhro
2156,15443985,"irina ilyashenko","2026-03-19 19:31:42",0.78468,10,irinailyashenko
2157,15444032,"Георгий Федотов","2026-03-19 20:58:12",0.78468,7,fedgeo
2158,15444988,"Alvaro Anaya 01","2026-03-20 21:58:55",0.78468,2,alvaroanaya01
2159,15427359,"Vadim Stesh","2026-03-29 23:10:06",0.78468,33,vadimstesh
2160,6776703,"Masashi AK","2026-03-20 02:53:58",0.78468,5,masashiak
2161,15427350,rodriec,"2026-03-20 23:43:37",0.78468,14,rodriec
2162,15428196,"José Pineda","2026-03-20 21:58:14",0.78468,11,jospineda23
2163,15445548,yusukeNabeta,"2026-03-20 11:23:38",0.78468,9,yusukenabeta
2164,15445789,violet11213,"2026-03-20 08:16:40",0.78468,2,violet11213
2165,12288830,Varsha199,"2026-03-26 15:38:57",0.78468,39,varsha199
2166,1595150,致Great,"2026-03-22 05:54:27",0.78468,9,quincyqiang
2167,15442458,"Tianze Luo","2026-03-20 12:24:03",0.78468,17,tianzeluo
2168,15449732,姜家悦（棂浮辞）,"2026-03-20 13:14:11",0.78468,1,lfc159
2169,15450152,superidolchenhua,"2026-03-20 13:52:53",0.78468,1,superidolchenhua
2170,15451256,"Maximilien MULLER","2026-03-20 15:52:22",0.78468,2,maximilienmuller
2171,15445941,py0420807,"2026-03-20 17:41:18",0.78468,1,py0420807
2172,15377085,whuwuc,"2026-03-20 19:01:51",0.78468,25,whuwuc
2173,15452933,huangjiaxuan,"2026-03-20 23:14:13",0.78468,7,huangjiaxuna
2174,15406511,"Zoltan Bek","2026-03-29 10:32:39",0.78468,17,zoltanbek
2175,15454300,RodrigoLobo09,"2026-03-21 03:59:23",0.78468,3,rodrigolobo09
2176,15338960,arosecond,"2026-03-21 03:20:18",0.78468,1,arosecond
2177,15329641,"Wei Cui #2","2026-03-21 06:03:45",0.78468,1,weicui0
2178,15440095,"Sarthak #7","2026-03-30 13:42:35",0.78468,21,sarthakkkkk167
2179,15455519,"Himank Kanojia","2026-03-21 08:11:51",0.78468,2,himankkanojia
2180,15388708,"guang hua","2026-03-21 09:00:35",0.78468,3,guanghuaasfe
2181,15110541,"Alan J #2","2026-03-21 12:24:10",0.78468,5,alanj123
2182,15458454,Fusayaka,"2026-03-21 16:26:22",0.78468,10,fusayaka
2183,15459721,"Ezequiel Pereyra","2026-03-25 14:13:13",0.78468,24,ezeperey
2184,15436043,"Xiaoqing Song","2026-03-22 02:17:19",0.78468,11,xiaoqingsong1
2185,15460282,JonLpz,"2026-03-22 03:33:22",0.78468,3,jonlpz
2186,15460746,TCY111,"2026-03-22 04:21:00",0.78468,2,tcy111
2187,15446460,"Abderrahman Addi","2026-03-22 04:42:29",0.78468,5,abderrahmanaddi
2188,15460785,"VIỆT HUỲNH NGUYỄN QUỐC","2026-03-22 16:48:30",0.78468,10,vithunhnguynquc
2189,15460844,YellowPsyduck,"2026-03-22 05:47:06",0.78468,4,yellowpsyduck
2190,15461122,"Mary Jofina Jose","2026-03-22 06:18:39",0.78468,1,maryjofinajose
2191,15461802,"Atharva Chudappa","2026-04-06 04:34:37",0.78468,2,atharvachudappa
2192,15300772,tromatized,"2026-04-08 18:06:07",0.78468,44,tromatized
2193,13860132,ChannnWoooo,"2026-03-22 15:13:53",0.78468,9,uovvon
2194,15465235,"Dev Rishi Sharma","2026-03-22 19:04:21",0.78468,2,devrishisharma
2195,15422696,"Victor Berlisconi","2026-04-09 10:24:20",0.78468,23,victorberlisconi
2196,15465996,"[Deleted] c22e6ac2-47b6-4092-b8b2-449e59e4bece","2026-03-22 22:24:56",0.78468,10,del=765536979e9dba64
2197,15460364,Justin1071,"2026-03-24 01:36:22",0.78468,7,justin1071
2198,15466222,Angela02424,"2026-03-23 00:40:59",0.78468,13,angela02424
2199,15466485,"asdf #5","2026-03-23 01:16:04",0.78468,4,yuseang2
2200,14999796,"Suyog Verma","2026-03-23 02:21:27",0.78468,1,suyogverma
2201,15471002,RDeenz,"2026-05-08 11:17:27",0.78468,25,rdeenz
2202,15470909,"Martin Fyz","2026-03-23 15:01:37",0.78468,4,martinfyz
2203,15235868,"Sunzidah Choudhury","2026-04-15 02:56:43",0.78468,15,sunzidahchoudhury
2204,15472388,nemophist,"2026-03-23 17:09:54",0.78468,1,nemophist
2205,15425501,"Md. Abdulla Al Nishat","2026-03-24 03:52:10",0.78468,23,abdullaalnishat
2206,15473175,Kysiu,"2026-03-23 18:57:53",0.78468,1,mrystequ
2207,15473765,LeftPaul,"2026-03-23 20:39:25",0.78468,1,leftpaul
2208,15468818,keqinll,"2026-04-19 15:44:10",0.78468,54,keqinll
2209,15476015,"Amarjeet Jha","2026-03-24 06:01:31",0.78468,2,amarjeetjha
2210,15476636,yujia_ge777,"2026-04-09 06:16:05",0.78468,5,yujiage777
2211,15472920,GurpreetSingh171717,"2026-03-24 09:20:06",0.78468,3,gurpreetsingh171717
2212,15469337,"Amin Nami","2026-03-25 12:33:11",0.78468,6,aminnami
2213,15477493,"Alaa Arees (Phoenix)","2026-03-26 16:19:34",0.78468,8,alaaareesphoenix
2214,15331754,B1chenG,"2026-03-24 12:26:24",0.78468,15,b1cheng
2215,15369776,"Вячеслав Олюнин","2026-03-24 16:42:40",0.78468,9,olyuninvyacheslav
2216,15369452,Herovi4,"2026-04-01 15:05:53",0.78468,11,herovi4
2217,15478851,"Martik Piloyan","2026-03-24 14:12:32",0.78468,3,martikpiloyan
2218,15479647,GONGMINGLI123,"2026-03-24 16:02:53",0.78468,1,gongmingli123
2219,12715934,"Gandharv Kulkarni","2026-03-25 17:16:23",0.78468,3,gandharvk422
2220,15480778,Grinko,"2026-03-24 20:39:06",0.78468,1,grinko
2221,15467491,"Ahmad Alahunov","2026-03-25 05:34:38",0.78468,3,ahmadalahunov
2222,15483404,辛斯繁繁,"2026-03-25 11:05:40",0.78468,2,sifanxin
2223,15484277,"Nakul Naiwal","2026-03-25 11:29:31",0.78468,2,nakulnaiwal
2224,15482257,"su hang77","2026-03-26 04:12:31",0.78468,11,suhang77
2225,1536299,qiancheng,"2026-03-25 16:28:31",0.78468,3,democq
2226,15486432,"Carina Domat","2026-03-25 17:20:02",0.78468,3,carinadomat
2227,15486877,"Александр Поваров 10Б","2026-03-25 18:08:36",0.78468,1,imperator177
2228,15491407,TAKAHASHI　YYY,"2026-03-26 05:01:17",0.78468,4,takahashiyyy
2229,15486392,Kirnau17,"2026-03-26 09:49:38",0.78468,12,kirnau17
2230,15494227,"Matheus Nascimento","2026-03-26 14:18:10",0.78468,4,mateusvent
2231,15494446,RaDiO_AcTiVe8970,"2026-03-31 01:21:58",0.78468,2,radioactive8970
2232,15494725,"Walter Lewin","2026-03-26 12:48:41",0.78468,1,walterlewin7
2233,15494749,"Giacomo Boschi","2026-03-26 12:52:20",0.78468,1,giacomoboschi
2234,15486050,"Conor Ford","2026-03-26 14:42:19",0.78468,8,conorford
2235,15416690,Kalyankkr,"2026-05-10 18:43:44",0.78468,33,kalyankkr
2236,15495487,Seherran,"2026-04-04 13:18:03",0.78468,3,seherran
2237,15168780,"Cajita Medieval Feliz","2026-04-01 00:10:35",0.78468,16,"fiorellaalemn,ivannacoralcisneros,pauuujimenez,victoriacarbonell"
2238,15497310,"Nathan Stettler","2026-03-29 20:14:43",0.78468,30,nathanstettler
2239,15484828,"Shin Tomura","2026-03-26 22:58:04",0.78468,10,shintomura
2240,15499159,"Zaid Minhas","2026-03-27 03:37:03",0.78468,1,zaidminhas
2241,15499376,TJrabo,"2026-03-27 05:09:44",0.78468,4,tjrabo
2242,15499586,"Khachiwan B.","2026-03-27 05:01:02",0.78468,1,khachiwanb
2243,15493867,"Tanishka Shinde","2026-03-27 07:20:48",0.78468,4,tanishkashinde29
2244,15484704,"Saloni Tambe","2026-03-27 11:48:22",0.78468,7,salonitambe
2245,12608369,Vanlalhmangaihsanga,"2026-03-27 12:09:27",0.78468,1,vanlalhmangaihsanga
2246,15501653,"Omer Varol","2026-03-27 12:23:58",0.78468,7,omervarol
2247,15501685,Qiansui,"2026-03-27 12:19:30",0.78468,1,qiansui
2248,15501672,TristanGds,"2026-03-27 13:12:17",0.78468,2,tristangds
2249,15504099,"Eric Taylor","2026-04-06 21:58:14",0.78468,22,ericfromspringfield
2250,15399485,"JOSHUA JARA MUÑOZ","2026-03-28 00:46:35",0.78468,2,joshuajaramuoz
2251,15505857,"M.Mubashar Ameen","2026-03-28 07:06:26",0.78468,1,mmubasharameen
2252,15508356,"NiuBi Fairy","2026-03-28 16:56:59",0.78468,3,niubifairy
2253,15508858,ItzPekay,"2026-03-28 19:28:30",0.78468,8,itzpekay
2254,15280673,"Aakash Mandal","2026-03-28 20:41:19",0.78468,2,akki135
2255,15481881,NullFrame,"2026-03-29 00:17:11",0.78468,11,nullframe
2256,15483044,"Michael Boyd #3","2026-04-23 19:52:23",0.78468,8,michaelboyd9999
2257,15512115,dlrkdnjs,"2026-03-29 12:00:10",0.78468,1,dlrkdnjs
2258,15508015,"Raffaele Passaro","2026-03-29 13:14:10",0.78468,8,raffaelepassaro
2259,15512809,"RASYA ACHMAD AL BAIHAQI","2026-03-29 14:11:31",0.78468,2,rasyaachmadalbaihaqi
2260,15513473,"Nidhi Nair","2026-03-29 16:07:00",0.78468,1,nidhinair24
2261,15513512,Ahan,"2026-03-29 16:23:16",0.78468,2,lqlu0017
2262,15513636,OhHyeSeong03,"2026-03-30 19:19:16",0.78468,7,ohhyeseong03
2263,15509728,"Artemyi Menshikov","2026-03-30 23:52:45",0.78468,14,artemyimenshikov
2264,2414963,amitds1997,"2026-03-29 20:47:28",0.78468,5,amitds1997
2265,15514731,"Anya_rex Doroshenko","2026-03-30 01:07:05",0.78468,20,anyarexdoroshenko
2266,15516322,Loalas,"2026-03-30 06:55:00",0.78468,10,loalas
2267,15516440,HogoSas,"2026-03-30 07:30:33",0.78468,5,hogosas
2268,15517251,"R Raghava","2026-04-21 16:16:14",0.78468,4,rraghava
2269,15518064,"masha sadiq","2026-03-30 12:13:01",0.78468,1,mashasadiq
2270,15485925,"Jakub Barcinski","2026-03-30 14:23:36",0.78468,16,jakubbarcinski
2271,4793356,"Lambert Yves","2026-03-30 14:49:12",0.78468,1,lambertyves
2272,15519117,"Pranav Dawara","2026-03-30 15:31:55",0.78468,3,pranavdawara
2273,15520913,"Hansen Winata","2026-03-30 23:13:24",0.78468,4,hansenwinata
2274,15504234,"Rutvik Jani","2026-03-31 00:35:48",0.78468,4,rutvikjani2801
2275,15522905,"Keerthi APIT","2026-03-31 07:07:00",0.78468,3,keerthialliancepro
2276,15523346,"Shunta Ohshima","2026-03-31 08:27:39",0.78468,1,sohshima
2277,15523703,秘偶agi,"2026-03-31 10:24:43",0.78468,10,miouagi
2278,15525065,Arvindan.S,"2026-04-01 14:29:18",0.78468,4,arvind236
2279,15522045,"Joseph Dominguez","2026-03-31 15:48:37",0.78468,6,josephdominguez1
2280,5640314,"Prabhanshu Khare","2026-03-31 15:40:04",0.78468,1,prabhanshukhare
2281,15525495,sreejadamodara,"2026-03-31 15:45:57",0.78468,1,sreejadamodara
2282,15526180,Kuronya,"2026-03-31 18:09:47",0.78468,1,kuronya7
2283,15527153,CyberHuman,"2026-04-01 01:18:52",0.78468,5,cyberhuman
2284,15527268,"Boris Mirković","2026-04-01 00:14:20",0.78468,1,borismirkovi
2285,15374655,"artem artem","2026-04-01 14:19:21",0.78468,5,delm0n
2286,15531921,Xujie1997,"2026-04-01 16:00:48",0.78468,1,xujie1997
2287,15531940,wekey,"2026-04-01 16:04:11",0.78468,1,wekey6
2288,15533458,_Kiruru,"2026-04-01 21:02:08",0.78468,2,kirurupoko
2289,15533819,"Mohamed Soliman #3","2026-04-01 22:31:32",0.78468,1,mohamedso
2290,15286574,"Alcenir Beling","2026-04-03 13:58:30",0.78468,5,alcenirbeling
2291,14650435,cofsana,"2026-04-02 00:29:13",0.78468,10,cofsana
2292,15526145,"Oleg Pugach","2026-04-03 05:55:04",0.78468,35,olegpugach
2293,15535948,"Dipika Bohara","2026-04-09 02:51:22",0.78468,41,dipikabohara
2294,15536470,niokawa,"2026-04-02 08:34:42",0.78468,3,niokawa
2295,14949810,GoingWheat,"2026-04-02 07:28:49",0.78468,2,goingwheat
2296,15524045,iise2xqyz,"2026-04-02 09:52:48",0.78468,4,iise2xqyz
2297,15538041,"C. S.","2026-04-02 09:58:18",0.78468,2,csch271
2298,15509970,LYan-Zero,"2026-04-02 11:20:17",0.78468,5,lyanzero
2299,15538482,yamanobeFXD,"2026-04-13 01:49:16",0.78468,22,yamanobefxd
2300,15538490,"Arpit Ghosh 0","2026-04-02 11:25:39",0.78468,1,arpitghosh0
2301,7201789,"Zesheng Chen","2026-04-02 15:22:06",0.78468,2,zeshengchen
2302,15526023,"Nguyễn Đạt 1001","2026-04-02 17:27:48",0.78468,11,nguynt1001
2303,15507956,"said myra ","2026-04-02 22:44:26",0.78468,5,saidmyra
2304,15508613,atnichols20,"2026-04-03 00:44:09",0.78468,8,atnichols20
2305,15542632,tanishFyq,"2026-04-03 01:10:42",0.78468,1,tanishfyq
2306,15542597,"Alexis Enríquez","2026-04-03 02:03:08",0.78468,9,alexisenriquezl
2307,15539398,1emonade,"2026-04-03 01:54:38",0.78468,3,fe1ixx
2308,15545205,K-Mukesh,"2026-04-03 08:09:37",0.78468,2,kmukesh1209
2309,4819820,"Hermes Brito","2026-04-03 16:31:21",0.78468,9,hermesbrito
2310,15550635,"Tracy Lewellyn","2026-04-03 21:36:56",0.78468,5,tracylewellyn
2311,15522612,"Hana Goto","2026-04-04 05:48:38",0.78468,5,hanagoto
2312,15537422,"Casey Winarto","2026-04-11 08:36:23",0.78468,14,caseywinarto
2313,15553238,"Laraki Rayane","2026-04-04 08:51:40",0.78468,1,larakirayane
2314,15551695,lveeee,"2026-04-05 13:39:07",0.78468,4,y1yy1yy1y1y1
2315,15554145,"Shriya hr1234","2026-04-22 21:30:39",0.78468,2,shriyahr1234
2316,14412510,"Kailash Senthil","2026-04-04 13:58:17",0.78468,9,horsestone1198
2317,15554533,"Prajin Singh","2026-04-04 13:39:52",0.78468,2,prajinsingh
2318,15555287,sengokuastray,"2026-04-04 16:19:09",0.78468,6,sengokuastray
2319,15478781,"Louis Vadet","2026-04-04 18:52:10",0.78468,2,louisvadet
2320,15555825,"Никита Корнилов","2026-04-22 18:57:14",0.78468,16,nikinka
2321,4927101,athlonk7,"2026-04-09 06:19:05",0.78468,21,isenhart
2322,15556527,"Ahmed Ben yahia","2026-04-07 19:01:17",0.78468,7,amsbred24
2323,12709128,zeke_yeager18,"2026-04-05 14:14:04",0.78468,6,zekeyeager18
2324,15559021,"Navdeep Singh Kaur","2026-04-05 16:29:27",0.78468,4,navdeepsinghkaur
2325,15560288,"Duy Khang","2026-04-05 16:21:01",0.78468,1,dikheng
2326,15560303,HS5066,"2026-04-05 16:47:08",0.78468,4,hs5066
2327,15556468,wu9eufoi,"2026-04-06 02:23:27",0.78468,7,wu9eufoi
2328,15527443,"Abhiram Reddy Malyala","2026-04-09 01:47:18",0.78468,44,abhiramreddymalyala
2329,15563018,"amar singh","2026-04-08 06:18:54",0.78468,7,amarsingh80
2330,15564273,Sushantkumar123,"2026-04-06 10:04:02",0.78468,1,sushantkumar125
2331,15564228,MeowBeatz,"2026-04-06 11:12:19",0.78468,10,meowbeatz
2332,15564715,"Ritika Singh #5","2026-04-06 11:44:52",0.78468,1,ritikasingh465
2333,15564497,SSSS17342,"2026-04-06 13:02:42",0.78468,10,ssss17342
2334,15564873,Empror0,"2026-04-06 12:33:52",0.78468,5,empror0
2335,15537255,松田歩樹,"2026-04-06 13:31:40",0.78468,11,amatsuda
2336,15564837,"Duy Khang #2","2026-04-07 07:50:48",0.78468,18,adselvn
2337,13984593,kuhns_algo,"2026-04-08 11:47:36",0.78468,11,kuhnsalgo
2338,15540095,"Kawsar Jamil","2026-04-06 15:23:12",0.78468,6,itskawsarjamil
2339,15566245,Tamushow,"2026-04-06 16:35:12",0.78468,1,tamushow
2340,12502450,"Artem Stalnoy","2026-04-06 19:59:43",0.78468,1,artemstalnoy
2341,15562709,"DataPurifier Office","2026-04-07 06:29:01",0.78468,5,datapurifieroffice
2342,15568695,ParkShinJo,"2026-04-07 05:02:00",0.78468,1,parkshinjo
2343,15564565,刚刚刚刚,"2026-04-07 08:14:08",0.78468,8,phinex123
2344,15569578,IEEM26_112034048,"2026-04-07 08:11:20",0.78468,2,joanne1n
2345,15569759,jeongsu-moon,"2026-04-07 08:27:11",0.78468,1,jeongsumoon01
2346,15274253,"Aidarov Dmitry","2026-04-07 09:38:37",0.78468,1,aidarovdmitry
2347,15570551,IEEM26_112034042,"2026-04-07 11:26:50",0.78468,2,wilson1222
2348,15569931,IEEM26_111034002,"2026-04-07 11:32:22",0.78468,6,s111034002
2349,15569423,embrace23,"2026-04-08 02:07:17",0.78468,12,embrace23
2350,15570763,IEEM26_112034041,"2026-04-07 12:50:39",0.78468,10,ihaseyebrows
2351,15571497,"Satya #7","2026-04-07 14:12:13",0.78468,2,satyasubudhi
2352,15571725,waterswei,"2026-04-07 14:37:23",0.78468,1,waterswei
2353,15358988,"Karol Skorniak","2026-04-07 16:49:45",0.78468,9,karolskorniak
2354,15572805,"Lufthansa CEO","2026-04-08 04:16:08",0.78468,13,lufthansaceo
2355,15529827,Kenchuan_gogo,"2026-04-14 08:58:35",0.78468,19,kenchuangogo
2356,15576003,"Naoki Matsuya","2026-04-08 08:14:51",0.78468,1,naokimatsuya
2357,15576553,"art thou","2026-04-08 10:18:03",0.78468,3,artthou
2358,15571282,ХЕЙasdasdasasdad,"2026-04-08 11:43:35",0.78468,9,asdasdasasdad
2359,15578408,"cha la 123..A","2026-04-08 16:15:08",0.78468,4,chala123a
2360,15578617,"Praise Masunga #2","2026-04-08 16:48:37",0.78468,7,praisetechzw
2361,15561398," malyali kutti","2026-04-09 01:29:59",0.78468,27,malyalikutti
2362,15533503,"Вадим Фунт","2026-04-25 21:18:29",0.78468,25,vadimfunt
2363,15567045,19labs,"2026-04-09 02:06:25",0.78468,9,doudouba
2364,15522336,RoseBatty,"2026-04-09 02:36:09",0.78468,12,rosebatty
2365,15569755,"Muhamad Bahrul Ulum","2026-04-09 04:31:04",0.78468,2,bachroelmagomedov
2366,15581818,"zachery wu","2026-04-09 06:12:03",0.78468,2,zacherywu
2367,15582896,"Yanyee He","2026-04-09 10:03:30",0.78468,3,yanyeehe
2368,15550243,"Stanislav Avramenko","2026-04-10 15:06:17",0.78468,16,codeninjade
2369,15565861,"Josh Cargill","2026-04-22 13:10:06",0.78468,10,joshcargill
2370,15586280,"Trinity Matthew Ison","2026-04-10 04:07:40",0.78468,2,trinitymatthewison
2371,15586889,"Drishya Man Shrestha","2026-04-09 23:12:34",0.78468,2,drishyaman
2372,15585452,"Roei Horovitz","2026-04-10 00:11:28",0.78468,14,roeihorovitz
2373,15582706,jgwd26,"2026-04-13 03:35:24",0.78468,18,jgwd26
2374,15587481,模块权重,"2026-04-10 04:15:38",0.78468,6,qwer930
2375,15582742,"wang weiz","2026-04-11 08:52:46",0.78468,9,wangweiz
2376,15587296,"Tekhai Tan","2026-04-10 03:49:15",0.78468,2,tekhaitan
2377,15587895,"Mohamed Alteneiji","2026-04-10 04:12:13",0.78468,1,mohamedalteneiji
2378,15567789,"Ashmie Ghimire","2026-04-10 04:52:01",0.78468,20,ashmieghimire
2379,15573304,UOM_230030X,"2026-04-10 14:17:33",0.78468,11,uom230030x
2380,15588934,"Dhruv Agrawal #4","2026-04-10 07:21:29",0.78468,2,dhag123
2381,15588951,pie_guo,"2026-04-10 07:47:18",0.78468,5,pieguo
2382,15559921,EEli88,"2026-04-12 12:53:34",0.78468,29,eeli88
2383,15591633,"Senih Bayankulu","2026-04-12 23:45:56",0.78468,6,senihbayankulu
2384,15593095,"Tony Doann","2026-04-10 21:52:50",0.78468,1,tonydoann
2385,6556018,SusumuOhba,"2026-04-11 10:47:29",0.78468,16,susumuohba
2386,11894449,"Lisa Hines","2026-04-11 08:14:16",0.78468,10,lisamhines
2387,14808815,"Agneeva Guha","2026-04-11 20:11:45",0.78468,1,nullimpress
2388,15490592,sankya07,"2026-04-11 21:52:30",0.78468,4,sankya07
2389,14150900,devang20,"2026-04-12 20:42:58",0.78468,15,devang20
2390,15600080,"Aarohi Dalal","2026-04-12 02:21:47",0.78468,2,aarohidalal
2391,15600225,"Nasif Mahdi","2026-04-12 03:53:31",0.78468,7,nmahdi366
2392,15600415,"Daniel Villca Hidalgo","2026-04-24 00:34:11",0.78468,15,danielvillcahidalgo
2393,15595294,dtab1040,"2026-04-12 04:57:42",0.78468,2,dtab1040
2394,15601834,"Mehak Naz","2026-04-12 09:43:27",0.78468,1,mehakk01
2395,15600620,"meng changsheng","2026-04-12 13:24:33",0.78468,8,mengchangsheng
2396,15602295,"Hayat Remodan","2026-04-12 12:09:44",0.78468,7,hayatremodan
2397,15603075,Brainstrain95,"2026-04-12 14:14:53",0.78468,10,brainstrain95
2398,15603640,xuechiz,"2026-04-13 02:55:51",0.78468,6,xuechiz
2399,15590966,"Matthew Brown #4","2026-04-16 18:32:46",0.78468,10,matthewbrown12345
2400,15604521,"Heidi Dang","2026-04-12 19:16:26",0.78468,5,heididang
2401,15603679,"Suvankar Payra","2026-04-15 13:31:11",0.78468,10,suvankarpayra
2402,15605293,"Marzieh E","2026-04-12 23:04:24",0.78468,1,marziehe
2403,15606029,"samuel leonardo tarazona arciniegas","2026-04-13 02:56:33",0.78468,1,samueltarazona03
2404,15606171,Cen617,"2026-04-13 03:56:09",0.78468,3,cen617
2405,15606426,elrikSpear,"2026-04-13 04:10:35",0.78468,2,elrikspear
2406,15581842,"Zahra N","2026-04-13 05:00:54",0.78468,9,zahrazeba
2407,15602929,"BNS Kartheek ","2026-04-13 06:39:34",0.78468,10,bnskartheek
2408,15607242,"Aadish Meghani","2026-04-13 06:59:30",0.78468,1,aadishmeghani
2409,15220788,meteor-shower-l,"2026-04-13 11:16:59",0.78468,1,meteorshowerl
2410,15598336,Kutlay07,"2026-04-13 14:46:09",0.78468,9,kutlay07
2411,15611325,"Santiago Sierra #2","2026-04-14 00:17:20",0.78468,7,santorar
2412,15586529,inreEdge,"2026-04-13 21:04:18",0.78468,9,inreedge
2413,15612118,"ken ben","2026-04-14 01:28:56",0.78468,2,benjamine9721025
2414,15612402,"Ian Ishikawa","2026-04-14 02:44:01",0.78468,1,ianishikawa56
2415,15612815,Lennalelp,"2026-04-14 04:50:00",0.78468,6,lennalelp
2416,15613460,"yihui ding123","2026-04-14 06:49:41",0.78468,2,yihuiding123
2417,15615029,"Owen E T","2026-04-14 11:02:13",0.78468,1,owenet
2418,15616350,"Abdullah Kan","2026-04-14 14:55:44",0.78468,1,abdullahkan
2419,15616287,lmaobruh2238,"2026-04-15 08:45:22",0.78468,13,lmaobruh2238
2420,15618276,"Phạm Mạnh Quyền ","2026-04-15 00:25:05",0.78468,2,phmmnhquyn
2421,10964644,yansunwei,"2026-04-15 07:36:58",0.78468,2,yansunwei
2422,15619917,"Megha Gangal","2026-04-15 07:38:09",0.78468,2,meghagangal
2423,15620013,stevenlamic,"2026-04-15 08:34:09",0.78468,4,stevenlamic
2424,15620321,"Pankaj Baid","2026-04-15 08:42:41",0.78468,2,pankajbaid567
2425,15620400,"Elen Eric","2026-04-15 08:50:53",0.78468,1,eleneric
2426,15620760,"Wen Liang Lai","2026-04-17 11:46:35",0.78468,18,wenlianglai
2427,15614742,"ZHIXUAN DU","2026-04-15 11:51:37",0.78468,14,zhixuandu
2428,15581743,naakoo,"2026-04-15 10:31:48",0.78468,11,naakoo
2429,15622472,Saif292,"2026-04-15 13:14:16",0.78468,1,saif292
2430,15622321,"noa hadad","2026-04-15 13:35:10",0.78468,3,noahadad
2431,15622730,"Dmytro Chuchman","2026-04-15 14:23:50",0.78468,2,dmytrochuchman
2432,15596724,nemoirisgurl,"2026-04-18 06:35:23",0.78468,28,nemoirisgurl
2433,15623903,"Oleksandr Boiarov","2026-04-15 18:29:39",0.78468,1,oleksandrboiarov
2434,15526296,CDMobb,"2026-04-20 22:38:43",0.78468,6,cdmobb
2435,15611465,"Carter Giles","2026-04-15 21:15:38",0.78468,13,cartergiles12
2436,15546485,"dawood Zargar","2026-04-16 07:19:18",0.78468,9,dawoodzargar
2437,15629364,cm391,"2026-04-16 09:13:42",0.78468,4,mccocoful
2438,15617743,DolphinAGI,"2026-04-16 12:39:38",0.78468,17,dolphinagi
2439,15619757,"Xuehua Peng","2026-04-16 13:08:46",0.78468,7,xuehuapeng
2440,15631762,"[Deleted] 1f63b5cc-3c9c-4e27-96ee-34e9b24411aa","2026-04-16 14:44:17",0.78468,1,del=7a57d968fef7f21f
2441,15561760,"Tammy So","2026-04-25 20:39:08",0.78468,15,tammyso
2442,15635588,"Marcus Wakim","2026-04-30 16:06:41",0.78468,3,marcuswakim
2443,15635744,黃玄燁,"2026-04-17 06:59:34",0.78468,5,diamond8787
2444,15635754,"w e n d y941422陳小辰","2026-04-17 06:33:33",0.78468,3,wendy941422
2445,15635786,"not Yuto","2026-04-17 06:16:44",0.78468,1,notyuto
2446,15635890,"alan uan","2026-04-17 06:34:19",0.78468,1,alanuan
2447,15635761,caaaaaaaai,"2026-04-17 06:46:31",0.78468,4,caaaaaaaai
2448,15635814,API,"2026-04-17 06:55:16",0.78468,2,catmathes314
2449,15636469,"Erlan Irhab Ghalib","2026-04-17 08:09:05",0.78468,3,erlanirhab
2450,13054303,"Artur Sierakowski","2026-04-17 09:40:38",0.78468,3,artursierakowski
2451,15637678,"Hema Official","2026-04-17 11:46:04",0.78468,1,hemaofficial
2452,15638466,Andru0511,"2026-04-17 13:44:13",0.78468,1,andru0511
2453,15638951,"Ruslan Babashov","2026-04-17 15:48:23",0.78468,5,ruslanbabashov
2454,15639216,"juan camiilo calderon","2026-04-17 15:21:44",0.78468,1,juancamiilocalderon
2455,15639386,Clown1230,"2026-04-17 15:56:47",0.78468,3,clown1230
2456,15640918,"Silke Dekempe","2026-04-27 19:50:36",0.78468,4,silkedekempe
2457,15641604,"Rhi Ruggiero","2026-04-17 23:35:57",0.78468,2,rhiannaruggiero
2458,15643132,daremo,"2026-04-18 05:37:23",0.78468,3,daremo
2459,15643995,"Xiaoyang Zhang","2026-04-18 09:06:46",0.78468,3,fireball447
2460,15644289,"Максим Жалненков","2026-04-18 09:36:56",0.78468,6,maxmango12
2461,15645425,"Atabek Furkat","2026-04-18 13:39:07",0.78468,10,atabekfurkat
2462,15646973,"ttt x","2026-04-18 17:16:51",0.78468,10,tttttttx
2463,15647215,"Joanna Sierra-Mendoza","2026-04-18 17:18:24",0.78468,1,joannasierramendoza
2464,15649007,"Faber Santiago Herrera Sanguino","2026-04-19 17:18:59",0.78468,2,fabersantiago
2465,15637600,"Yogiraj khaladkar (Yogi)","2026-04-19 05:53:09",0.78468,5,yogirajkhaladkaryogi
2466,15649609,4ndroid_S,"2026-04-19 05:43:37",0.78468,4,androidss
2467,15644857,"Suetomo Tatsuya","2026-04-19 06:54:58",0.78468,3,suetomotatsuya
2468,13480749,Junghyoungkyu,"2026-04-19 10:51:44",0.78468,1,junghyoungkyu
2469,14410330,"Yasin Koçyiğit","2026-04-19 11:25:06",0.78468,2,yasinkoyiit
2470,15450224,Louknahm,"2026-04-20 02:00:53",0.78468,18,louknahm
2471,15652308,"Sangram Jadhav","2026-04-19 15:17:21",0.78468,10,sangramsangsavi
2472,15610142,abacuss85628,"2026-04-21 17:09:24",0.78468,15,abacuss85628
2473,15652761,Herman_Liepieshko,"2026-04-19 16:12:23",0.78468,9,hermanliepieshko
2474,15627508,"Abdurahmon Numonov","2026-04-19 16:33:45",0.78468,6,abdurahmonnumonov
2475,15653425,"David ZhangMilk","2026-04-21 00:05:31",0.78468,9,davidzhangmilk
2476,15606516,wcmygy,"2026-04-20 03:11:11",0.78468,11,wcmygy
2477,15655380,wdadawdaw,"2026-04-20 03:16:42",0.78468,2,wdadawdaw
2478,15104105,ynrasr,"2026-04-20 04:30:45",0.78468,9,ynrasr
2479,15104119,ZeuhL_ITO,"2026-04-20 04:40:43",0.78468,1,zeuhlito
2480,15637922,"Rakin Cheung","2026-04-20 11:25:05",0.78468,7,rakincyf
2481,15658380,TheCrasher,"2026-04-22 08:15:16",0.78468,11,thecrasher
2482,15659614,LYFshota,"2026-04-20 14:37:01",0.78468,4,lyfshota
2483,15659986,"chen yu","2026-04-20 14:49:02",0.78468,3,cheyu77
2484,15654762,"Mog Maxxing","2026-04-20 15:40:23",0.78468,10,mogmaxxing
2485,15660205,Denis_Komarov_611111928,"2026-04-20 15:48:10",0.78468,4,komarovdenis
2486,15660544,"HsinTing Wang","2026-04-20 16:19:57",0.78468,1,hsinting0704
2487,15656611,"Maggie Hayes","2026-04-21 17:02:57",0.78468,9,arfbark
2488,15526381,"Remy Robin","2026-04-21 02:01:38",0.78468,12,remyrobin
2489,15664240,S_Thevar,"2026-04-21 04:16:47",0.78468,3,sthevar
2490,15667566,sycqbz,"2026-04-21 10:03:47",0.78468,2,sycqbz
2491,15622387,flzxcrt,"2026-05-06 12:51:17",0.78468,27,flzxcrt
2492,15577207,"Mister Ilya101","2026-04-21 14:34:34",0.78468,9,misterilya101
2493,15671819,"Brijbala Jain","2026-04-21 14:48:56",0.78468,1,brijbalajain
2494,15672873,Mervin04,"2026-04-21 16:21:33",0.78468,1,mervin04
2495,15672890,"Ramon Mendes","2026-04-21 16:24:34",0.78468,3,ramoneirao
2496,15673218,"Anton Kostin","2026-04-21 17:13:49",0.78468,1,visualcomments
2497,15675753,"Lavanya Vyas","2026-04-21 19:59:16",0.78468,2,lavanyavyas
2498,15676458,"Mara A.","2026-04-21 19:39:44",0.78468,1,maraa1
2499,15634057,"Eli Robertson","2026-04-22 01:13:31",0.78468,13,elirobertson20
2500,15688416,"Charlie Song (Charlie)","2026-04-22 04:13:57",0.78468,1,charliesongcharlie
2501,15689052,LXZ538,"2026-04-22 04:38:37",0.78468,1,lxz538
2502,15696558,"Sardor Dilmurodov","2026-04-24 05:27:40",0.78468,7,sardordilmurodov
2503,15596032,weipeng_tian,"2026-04-22 13:07:13",0.78468,3,weipengtian
2504,15698459,YunkaiWang,"2026-04-22 14:44:39",0.78468,4,bl1166e
2505,15698959,"taizo mochizuki","2026-04-22 15:09:39",0.78468,10,taizomochizuki
2506,15700470,"Nguyễn Công Minh Hải","2026-04-22 16:04:14",0.78468,2,nguyncngminhhi
2507,15661070,"Lachlan Carroll","2026-04-22 17:40:57",0.78468,11,lachlancarroll4
2508,15704716,"Heptagon Pan","2026-04-23 02:02:09",0.78468,1,heptagonpan
2509,15690766,kz_yamamoto,"2026-04-23 08:56:42",0.78468,11,kzyamamoto
2510,14675745,"Gaurav Panaskar","2026-04-23 06:46:32",0.78468,9,gauravpanaskar
2511,15706764,"Yogesh Agawane","2026-04-27 07:22:55",0.78468,17,yogeshagawane16
2512,15722034,"Kim Wang","2026-04-24 12:01:33",0.78468,6,vincethebig
2513,15723261,"Gabriel Fonseca #3","2026-04-23 22:58:30",0.78468,2,gbfonseca
2514,15596668,"Muhammad Hamdi Hakim","2026-04-24 01:26:20",0.78468,8,mhamdiihk
2515,13255045,"tetsuya tanigami","2026-04-24 01:37:06",0.78468,6,tets777
2516,15611046,"Amber Fisher","2026-04-24 02:48:47",0.78468,48,ambe5510
2517,15584755,yhaoao,"2026-04-24 06:45:57",0.78468,11,yhaoao
2518,15672537,"Kenneth Lie","2026-04-24 09:05:35",0.78468,29,vanitasss
2519,15729062,"Shuhrat Allaberdiev","2026-04-24 07:41:36",0.78468,1,shuhratallaberdiev
2520,15729423,lucasfcfj,"2026-04-24 08:31:41",0.78468,1,lucasfcfj
2521,15731279,"Tân Nguyễn","2026-04-24 14:35:36",0.78468,4,foxy0505
2522,15731885,LaiFan_Steven,"2026-04-24 14:56:45",0.78468,6,laifansteven
2523,15653145,"Siddharth singh","2026-04-25 19:16:12",0.78468,15,sid207794
2524,15734035,AnugrahZachary,"2026-04-24 20:07:46",0.78468,1,anugrahzachary
2525,15736386,justcodeit404,"2026-04-25 08:24:58",0.78468,10,justcodeit404
2526,15736382,rafegel,"2026-04-25 08:41:02",0.78468,5,rafegel
2527,15736596,"Joe Anthonie Oktavian","2026-04-25 08:15:10",0.78468,1,joeanthonieoktavian
2528,13896243,"hpan yesok","2026-04-25 11:24:45",0.78468,5,hpanyesok
2529,11034284,"Naoki Yajima","2026-04-26 06:15:14",0.78468,12,naokiyajima
2530,15622146,"Kirill Kurbatov","2026-04-25 16:44:08",0.78468,2,kirillkurbatov
2531,15739199,"BRUNO CARLOS DE MESQUITA NAVES","2026-04-26 18:09:46",0.78468,7,brunomnaves
2532,15740008,"Sahana K","2026-04-25 19:12:09",0.78468,1,sahanaknaidu
2533,15738499,Floating520,"2026-04-27 06:16:59",0.78468,15,floating520
2534,15742668,"Omar Moataz","2026-04-26 09:45:37",0.78468,4,omarmoataz123
2535,15743143,"Vladislav R","2026-04-26 10:25:49",0.78468,1,vladislavrz
2536,15738911,kokach7,"2026-04-30 11:53:44",0.78468,11,kokach7
2537,15743738,HardwareDude,"2026-04-27 09:07:36",0.78468,3,hardwaredude
2538,15744438,森田怜央名,"2026-04-26 14:51:21",0.78468,2,reona0620
2539,14565645,"[Deleted] b545854e-8dde-4313-8b63-0a1b0ed59a4a","2026-05-06 16:28:06",0.78468,15,del=a4cfd95f554debc5
2540,15745407,SijanBhandari17,"2026-04-26 17:49:01",0.78468,1,sijanbhandari17
2541,15745680,"Fábio Barreto","2026-04-26 19:47:33",0.78468,10,fbiobarreto
2542,15658655,Viktoriia,"2026-04-26 21:58:04",0.78468,11,viktoriiabaz
2543,15746310,"Luke Taylor","2026-04-27 02:53:09",0.78468,12,luketaylor13
2544,15747180,"Aditya Kushwaha #2","2026-04-28 00:20:17",0.78468,7,adiksw
2545,15748916,"Praveen tan ","2026-04-27 08:03:44",0.78468,4,praveentan
2546,15749042,jenniferly,"2026-04-27 08:20:44",0.78468,1,jenniferly
2547,3781636,"Oskar Seweryn","2026-04-27 08:43:46",0.78468,3,oskarseweryn
2548,15748457,zy1209,"2026-04-27 08:45:06",0.78468,6,zy1209
2549,15658611,NoahW14,"2026-04-27 09:14:17",0.78468,15,noahw14
2550,15749530,Highmidand,"2026-04-27 09:43:06",0.78468,3,highmidand
2551,12817495,HuelFra,"2026-04-27 13:12:29",0.78468,4,huelfra
2552,9800081,"Nicholas Greensmith","2026-04-27 12:04:06",0.78468,1,nicholasgreensmith
2553,15750031,"user X","2026-04-27 16:34:52",0.78468,4,userx123456
2554,329075,sabhyankar,"2026-04-28 16:09:16",0.78468,18,sabhyankar
2555,15745058,"Alexis LPZ","2026-05-07 14:30:30",0.78468,12,alexislpz
2556,4655608,"Sunny Park","2026-04-27 20:45:15",0.78468,6,sunnypark2002
2557,15747131,walidou84,"2026-04-28 00:19:14",0.78468,20,walidou84
2558,11139341,"Sota Takase","2026-04-28 04:50:04",0.78468,2,sotatakase
2559,15749540,"sadewa cahya","2026-04-28 04:11:49",0.78468,13,sadewacahya
2560,15759758,Chenghao1122,"2026-04-28 12:45:12",0.78468,7,chenghao1122
2561,15706704,"poonam a chavan","2026-04-28 04:47:21",0.78468,10,poonamachavan
2562,15706531,"Amit Patil #2","2026-04-28 04:56:41",0.78468,5,amitjmn
2563,15759783,"Rayhona Sherbekova","2026-04-28 05:01:15",0.78468,6,rayhonasherbekova
2564,15746639,"Asaduzzaman Nur8","2026-05-01 09:52:01",0.78468,7,asaduzzamannur8
2565,15763018,limulin5980,"2026-04-28 08:41:33",0.78468,1,limulin5980
2566,15763980,小峰佳明,"2026-04-28 10:03:00",0.78468,1,yoshiakikomine2005
2567,6697766,"Shiv Suthar","2026-04-28 11:23:40",0.78468,7,shivsuthar
2568,15767639,"Ghost #5","2026-04-28 15:21:50",0.78468,2,thepriyanshudas
2569,15767684,"robert remnebratt","2026-04-28 15:52:19",0.78468,4,robertremnebratt
2570,15768908,"Mohamed Sherin16","2026-04-28 16:46:32",0.78468,1,mohamedsherin16
2571,15754537,"Devender Mathela","2026-04-28 17:01:18",0.78468,3,devendermathela
2572,15769673,"Anas Elkot","2026-04-28 21:53:44",0.78468,6,anaselkot
2573,15627495,"Jesus Flamenco","2026-04-29 03:54:37",0.78468,32,jesusflamenco
2574,15774061,Qicis,"2026-04-29 15:35:59",0.78468,2,qicis666
2575,15742626,"KATSUTA Tomohiro","2026-05-04 16:43:53",0.78468,23,katsutatomohiro
2576,15776573,VideoBus66,"2026-04-29 06:38:25",0.78468,1,videobus66
2577,15725243,blakesmtafe,"2026-04-29 06:55:50",0.78468,3,blakesmtafe
2578,15778799,kq2025,"2026-04-29 10:21:01",0.78468,3,kq2025
2579,15780537,Jyoti40,"2026-04-29 12:52:01",0.78468,2,jyoti40
2580,15781997,"whales are fish","2026-04-29 14:12:36",0.78468,1,whalesarefishes
2581,15782379,"Muhammad Shahab khan","2026-04-29 14:37:33",0.78468,1,muhammadshahabkhan
2582,15770325,IsaacwLee,"2026-04-30 19:20:28",0.78468,17,isaacwlee
2583,15786673,"Max Klema","2026-04-30 00:36:52",0.78468,10,maxklema
2584,15763418,Quexlo,"2026-05-08 11:22:50",0.78468,6,quexlo
2585,15786201,RahmanArmina,"2026-04-30 03:15:47",0.78468,20,rahmanarmina
2586,15785421,"Ivie Xue","2026-04-30 01:31:12",0.78468,8,iviexue
2587,15788090,bingputao,"2026-04-30 01:13:08",0.78468,7,bingputao
2588,15788185,snozzz,"2026-04-30 01:08:28",0.78468,2,snozzz
2589,15785423,"Gareth Noble","2026-04-30 01:48:09",0.78468,7,garethnoble
2590,15788673,"Solari Jane","2026-04-30 01:57:22",0.78468,1,solarijane
2591,12392987,"Daisuke Kawamoto","2026-04-30 03:02:02",0.78468,9,emonda
2592,15787117,"Arsh SSandhu","2026-04-30 02:11:44",0.78468,3,arshssandhu
2593,15788108,"Daniel LILI","2026-05-04 02:42:12",0.78468,7,daniellili
2594,15735871,"Bennet Ripplinger","2026-04-30 03:15:32",0.78468,18,bennetripplinger
2595,15789258,"Hamdan Tayyab","2026-04-30 03:52:49",0.78468,7,bankaishiro
2596,15789336,"Aditya Srinivas1","2026-04-30 02:58:57",0.78468,2,adityasrinivas1
2597,15633175,"Bo Wang #3","2026-04-30 04:06:00",0.78468,16,bowang0916
2598,15796300,"Dea Ceku","2026-04-30 12:25:33",0.78468,1,deaceku
2599,15769556,"Ishan Kasarekar","2026-04-30 14:26:31",0.78468,15,ishankasarekar
2600,15785286,"Andreas Wiedmer","2026-04-30 16:25:50",0.78468,10,andreaswiedmer
2601,15800682,adwaitb_3112,"2026-04-30 17:45:21",0.78468,1,adwaitb3112
2602,13790347,COMTAa,"2026-04-30 18:27:50",0.78468,2,comtaa
2603,15811837,"Manuel de la Villa ","2026-05-01 09:19:41",0.78468,1,manueldelavilla
2604,13699963,Papilusgen,"2026-05-01 13:06:07",0.78468,1,papilusgen
2605,15814823,"Khenzo Johnelson","2026-05-01 13:07:09",0.78468,1,khenzojohnelson
2606,15815563,"Stepan Gritsun","2026-05-01 13:53:03",0.78468,1,stepangrit
2607,15820329,"Mohamedou Issa","2026-05-01 20:06:45",0.78468,1,mohamedouissa
2608,15813219,COLIONY,"2026-05-02 01:00:54",0.78468,16,coliony
2609,2874164,ianmesjacct,"2026-05-04 00:04:17",0.78468,18,ianmesjacct
2610,15828016,"Sea Jeong","2026-05-02 13:00:55",0.78468,2,seaheyo
2611,15829424,"Tabby Or","2026-05-02 15:05:30",0.78468,1,ortabby
2612,15832775,Tdx012345,"2026-05-02 23:38:26",0.78468,6,tdx012345
2613,15664159,"Игорь #2","2026-05-05 01:05:49",0.78468,5,igornov1209
2614,15836900,"Oleksii Kukharenko","2026-05-03 13:21:02",0.78468,10,oleksiikukharenko
2615,15777934,hytboulder,"2026-05-03 10:25:52",0.78468,19,hytboulder
2616,15837839,"Silvi Makian","2026-05-03 11:46:52",0.78468,4,silvimakian
2617,15843010,wen0108,"2026-05-04 01:46:01",0.78468,1,wen0108
2618,15838519,"ming #7","2026-05-04 04:16:49",0.78468,3,ming11i
2619,15844538,"Roha Rezaei-Sabet","2026-05-04 05:38:42",0.78468,1,roharezaeisabet
2620,15850290,"BingHan LU","2026-05-04 14:11:35",0.78468,2,binghanlu
2621,15744820,"Gabriel B Zanolla","2026-05-07 17:48:49",0.78468,13,gabrielbzanolla
2622,15560256,"shane coard","2026-05-05 13:54:16",0.78468,13,shanecoard
2623,15858716,duanjunyu1,"2026-05-05 07:57:01",0.78468,2,duanjunyu1
2624,15858600,"Jiashun Tan","2026-05-05 07:51:31",0.78468,3,jiashuntan
2625,15835316,"Barenin Vitalii","2026-05-12 10:44:50",0.78468,59,nokavit
2626,10820459,"Milan Theiß","2026-05-05 10:54:56",0.78468,4,milantheiss
2627,15859875,luoshui.com,"2026-05-06 09:58:43",0.78468,15,luoshuicom
2628,15857646,xuhaoboxuhaobo,"2026-05-05 12:36:46",0.78468,4,xuhaoboxuhaobo
2629,13289960,YACINE,"2026-05-05 19:08:32",0.78468,4,yacine1148
2630,15862391,"Peixoto Guardini","2026-05-05 14:09:28",0.78468,2,peixotoguardini
2631,15863774,"Samuel He","2026-05-05 16:12:02",0.78468,1,samuelhe2
2632,15864098,marjane13,"2026-05-05 16:51:37",0.78468,2,marjane13
2633,15864715,leebrys,"2026-05-05 18:28:17",0.78468,10,leebrys
2634,15432541,"Lương Nhất Khôi","2026-05-05 19:22:28",0.78468,6,lngnhtkhi
2635,15868512,"diaa messaoudi","2026-05-06 01:33:14",0.78468,2,diaamessaoudi
2636,15773613,kako0248,"2026-05-11 08:13:30",0.78468,3,kako0248
2637,15869252,"Heisenberg #4","2026-05-06 03:35:45",0.78468,7,shishirgupta83
2638,15872314,Luckily_clover,"2026-05-06 07:45:30",0.78468,1,luckilyclover
2639,15871415,"Krzysztof Rychter","2026-05-06 08:35:05",0.78468,2,krzysztofrychter
2640,15652440,liusiman,"2026-05-06 09:37:55",0.78468,28,liusiman37
2641,15857887,yishui123,"2026-05-06 10:03:47",0.78468,3,yishui123
2642,15875867,Kris_HD1337,"2026-05-06 14:15:04",0.78468,7,krishd1337
2643,15877457,"Hdhsbaud ","2026-05-06 16:36:40",0.78468,1,hdhsbaud
2644,15852424,west64learner,"2026-05-06 20:23:39",0.78468,2,west64learner
2645,15880265,cainiao666a,"2026-05-07 01:18:11",0.78468,2,cainiao666a
2646,15643502,"CUK - Steve Kang","2026-05-07 03:44:33",0.78468,3,cukstevekang
2647,15705882,"SPENCER LEE ZHENG XUAN","2026-05-07 05:00:27",0.78468,3,spencerzx
2648,15843106,"Aster Lea","2026-05-07 13:48:29",0.78468,32,asterlea
2649,15887497,"PRAVEENA D","2026-05-07 14:46:04",0.78468,1,praveena121212121
2650,7151020,narumi,"2026-05-07 16:52:01",0.78468,8,narumi
2651,15890559,"Lekha K","2026-05-08 21:26:00",0.78468,9,lekhasreekaranam
2652,15890944,"Dheeraj Tolani","2026-05-07 22:12:15",0.78468,1,dheerajtolani
2653,15896216,"Çağla Heybeli","2026-05-08 10:35:56",0.78468,5,alaheybeli
2654,15897765,"David Dahunsi","2026-05-08 12:50:46",0.78468,2,daviddahunsi
2655,15898094,CamillaMAC,"2026-05-08 12:54:02",0.78468,1,camillamac
2656,15877613,"tounsadi imad","2026-05-08 14:22:17",0.78468,7,tounsadiimad
2657,15889219,"Remmel OB","2026-05-08 23:58:06",0.78468,4,obcoda
2658,14978124,吉村良太,"2026-05-08 15:43:41",0.78468,6,jhstech
2659,15899172,"Guy Fedida","2026-05-08 14:39:21",0.78468,2,guyfedida
2660,15900593,"Quentin Dubart","2026-05-08 17:11:48",0.78468,2,quentindubart
2661,15900690,Alling,"2026-05-08 17:31:28",0.78468,4,alling
2662,15903485,hugoskn,"2026-05-12 02:53:10",0.78468,15,hugoskn
2663,8153250,"Dorian Pinaud","2026-05-09 10:12:58",0.78468,16,dorianpinaud
2664,15909380,"Yuu K","2026-05-09 12:01:14",0.78468,4,yuuk9090
2665,15909927,NKatiyar,"2026-05-09 12:32:25",0.78468,3,nkatiyar
2666,15910244,"Корогодов Александр","2026-05-09 12:49:46",0.78468,1,alamxd
2667,15910283,"John Lin076","2026-05-09 12:55:08",0.78468,1,johnlin076
2668,15912379,"Mohit Kumar200708","2026-05-10 12:21:51",0.78468,11,mohitkumar200708
2669,15912934,DDPain,"2026-05-09 18:17:43",0.78468,1,ddpain
2670,15912165,yakitori55,"2026-05-09 21:16:27",0.78468,9,yakitori55
2671,15833886,"Kohsuke Yamamura","2026-05-10 03:37:42",0.78468,5,kohsukeyamamura
2672,15900172,"Carina Zhang","2026-05-10 03:50:41",0.78468,5,carinazhang299
2673,15915904,recta158,"2026-05-10 05:46:44",0.78468,1,recta158
2674,14843578,"Aerivain Ut","2026-05-10 06:27:14",0.78468,1,aerivainut
2675,13399759,obbooo,"2026-05-10 07:38:27",0.78468,10,obbooo
2676,13068994,Odeegi,"2026-05-11 16:34:36",0.78468,20,odeegi
2677,15773527,"Ruth Strickland","2026-05-10 11:03:23",0.78468,7,ruthstrickland
2678,15918083,Melosq,"2026-05-10 14:08:16",0.78468,10,melosq
2679,15920585,"Wadeeah Zamil","2026-05-10 16:24:38",0.78468,1,wadeeahzamil
2680,15742504,"ALEXANDRU ORZEA","2026-05-11 18:33:05",0.78468,13,alexandruorzea
2681,15705988,"kinako #2","2026-05-11 00:39:48",0.78468,2,sawaya02
2682,15876206,"Masa #10","2026-05-11 06:44:35",0.78468,4,tdkaggletrain
2683,15924476,我是近锋糕手,"2026-05-11 07:29:33",0.78468,10,huoyunxieshen
2684,15925308,LeirbagIsMe,"2026-05-11 09:03:48",0.78468,4,leirbagisme
2685,15925352,xinglu,"2026-05-11 08:30:30",0.78468,10,qfghjkl
2686,15925463,"Anvar Shaydullayev","2026-05-11 07:55:43",0.78468,1,anvarshaydullayev
2687,15925401,"Tursunov Muxammadjon","2026-05-11 08:10:51",0.78468,8,tursunovmuxammadjon
2688,15836671,Paul720810,"2026-05-11 09:20:08",0.78468,7,paul720810
2689,15926590,123456@Dzj,"2026-05-11 10:06:13",0.78468,1,dzjfdvc
2690,15926527,@ungkOmIn,"2026-05-11 10:50:53",0.78468,3,ungkomin
2691,15847891,"park hae seong","2026-05-11 11:01:05",0.78468,9,hspark13
2692,15847872,ㅂ박서영,"2026-05-11 11:02:16",0.78468,6,se0y0ung
2693,15927507,"Sho Yumura","2026-05-11 15:19:27",0.78468,6,shoyumura
2694,15928948,桑原璃里,"2026-05-11 15:56:10",0.78468,4,oshino1106
2695,15929659,ZhangBohua1,"2026-05-11 16:30:23",0.78468,5,zhangbohua1
2696,15917647,WinterDZC,"2026-05-11 17:08:47",0.78468,19,winterdzc
2697,15873588,"Prasanna Shakya","2026-05-11 16:44:54",0.78468,8,djskeleton
2698,15930445,"Глеб Сергеевич Сергеев","2026-05-11 18:34:00",0.78468,8,prihod38
2699,10986960,"Alan Nggg","2026-05-11 19:12:43",0.78468,3,alannggg
2700,15931274,SelinM2,"2026-05-12 11:30:12",0.78468,20,selinm2
2701,15936394,S.Kamakura,"2026-05-12 07:24:01",0.78468,1,skamakura
2702,15936462,Dale-genus,"2026-05-12 07:48:15",0.78468,5,dalegenus
2703,15937731,ljp2766967791,"2026-05-12 12:11:02",0.78468,10,ljp2766967791
2704,15937889,"Shiki Sakurai","2026-05-12 12:59:04",0.78468,2,shikisakurai
2705,15872687,"Gülsüm Yıldırım","2026-05-12 12:13:28",0.78468,5,glsmyldrm3287yj
2706,7181155,"Justus #4","2026-05-12 12:46:43",0.78468,1,justus0
2707,15303765,"Mohamad Hadi Marwan Herh","2026-05-12 13:01:40",0.78468,3,mohamadhadi21
2708,15938898,Alperakt,"2026-05-12 13:07:24",0.78468,1,alperakt
2709,15938968,"Selva Korkmaz","2026-05-12 13:50:16",0.78468,5,selvakorkmaz
2710,15397001,"LaMouette Folle","2026-03-13 11:57:01",0.78229,1,lamouettefolle
2711,15397007,"Victor Morva","2026-03-13 11:57:33",0.78229,1,victormorva
2712,15397014,agathedbs16,"2026-03-13 11:58:52",0.78229,1,agathedbs16
2713,15397019,"maina Le nours","2026-03-13 11:59:29",0.78229,1,mainalenours
2714,15396237,"Zhenlin Qin","2026-03-13 12:09:45",0.78229,3,zhenlinqin
2715,15397035,"Sara Essabri","2026-03-13 12:03:22",0.78229,1,saraessabri
2716,15389503,魔仙堡女王,"2026-03-14 04:58:54",0.78229,11,hhhaaaaa
2717,15398497,"umion l","2026-03-13 17:04:53",0.78229,1,umionl
2718,15399113,Elinazhanghan,"2026-03-13 19:57:55",0.78229,2,elinazhanghan
2719,15399326,Lol_knight,"2026-03-13 21:17:21",0.78229,5,lolknight
2720,15399519,"Saeid #2","2026-03-13 22:26:04",0.78229,1,saeidmohammmadi
2721,14696024,"Conor Fabian","2026-03-14 15:03:54",0.78229,3,conorfabian
2722,15399916,finfamfum,"2026-03-14 02:20:07",0.78229,1,finfamfum
2723,15400313,Alonso02041051ITD,"2026-03-14 04:55:41",0.78229,1,alonso02041051itd
2724,15397953,"Blake Barllett","2026-03-14 08:21:04",0.78229,20,blakebarllett
2725,15401696,"Alvin Ignacio","2026-03-14 16:57:58",0.78229,9,alvinignacio
2726,15401725,"Stella Sebastian","2026-03-17 01:54:03",0.78229,11,stellasebastian
2727,15402370,zhoujiabei_22525865,"2026-03-14 12:07:02",0.78229,4,zjblars
2728,15356031,"vaibhav N chunekar","2026-04-02 16:52:35",0.78229,21,vaibhavnchunekar
2729,15365944,"Raymond Jean Bool","2026-03-14 14:34:03",0.78229,9,raymondjeanbool
2730,15383049,"Đồng Bùi Thành","2026-03-14 14:52:53",0.78229,8,midzed
2731,15403415,"andrija ilic","2026-03-14 16:57:07",0.78229,10,andrijailic
2732,15403628,"Kushal Joshi","2026-03-14 17:22:33",0.78229,3,kushaljoat
2733,15404065,"Yoohei Roger","2026-03-14 19:33:31",0.78229,1,yooheiroger
2734,15403261,"Sai Zhang","2026-03-14 20:40:00",0.78229,9,pizzacrazylover
2735,15405113,"Muhammad Talha #7","2026-03-15 04:51:21",0.78229,4,muhammadtalha82
2736,15405234,"K SATO_for_kaggle","2026-03-15 06:02:53",0.78229,2,ksatoforkaggle
2737,15402133,"Dušan Vajda","2026-03-21 22:47:36",0.78229,32,duanvajda
2738,15392356,limpboy,"2026-03-15 09:34:21",0.78229,3,limpboy
2739,15405716,ultrayyy,"2026-03-21 01:48:45",0.78229,4,ultrayyy
2740,14477747,hide-self,"2026-03-15 12:12:30",0.78229,3,hideself
2741,15406836,"ludum frui","2026-03-15 12:35:06",0.78229,2,ludum00
2742,15407372,offensphere,"2026-03-15 15:09:58",0.78229,8,offensphere
2743,15407056,"Xunmei Yuan","2026-03-15 14:06:09",0.78229,10,xunmeiyuan
2744,5198728,jooaobrum,"2026-03-15 18:23:52",0.78229,5,jooaobrum
2745,15408245,"thibault cohen","2026-03-16 00:07:44",0.78229,6,thibaultcohen
2746,15408257,"Matt M #2","2026-03-17 00:25:05",0.78229,18,mmchugh87
2747,15410002,"CHEN Feijie","2026-03-16 00:49:34",0.78229,1,chenfeijie
2748,15410036,frankieK,"2026-03-16 03:05:48",0.78229,4,frankiek
2749,15410312,"Narayan Anand!","2026-03-16 02:17:22",0.78229,1,narayananand
2750,15410025,"Yutong Liu","2026-03-18 01:12:23",0.78229,10,yutongliu4322
2751,15388914,2252902,"2026-03-16 06:41:30",0.78229,7,sunfloweru
2752,15410841,sunshine2253012,"2026-03-16 05:40:11",0.78229,5,sunshine2253012
2753,15413055,NITU911,"2026-03-16 11:24:41",0.78229,1,nitu911
2754,15413190,Sudhanshu_K6,"2026-03-16 11:59:29",0.78229,2,sudhanshuk6
2755,15413292,2252994,"2026-03-16 12:12:22",0.78229,1,high2025
2756,15413382,xiaomilispower,"2026-03-16 12:49:30",0.78229,4,xiaomilispower
2757,15413498,"Tommyhil Benny","2026-03-16 13:21:18",0.78229,8,tommyhilbenny
2758,15413583,Shiming12,"2026-03-16 13:02:20",0.78229,2,shiming12
2759,15413193,bloom73,"2026-03-16 14:50:52",0.78229,10,bloom73
2760,15413845,"13. Intifada Afkar Lazain Muhammad","2026-03-18 00:32:49",0.78229,11,xgetadiciptokun
2761,15414999,Lydia2253080,"2026-03-16 16:41:04",0.78229,1,lydia2253080
2762,15389057,"Leianne Amisola","2026-03-17 02:09:56",0.78229,14,leianneamisola
2763,15417818,2253045,"2026-03-17 03:59:24",0.78229,1,zccopy
2764,15418871,LinPlusX,"2026-03-17 07:34:32",0.78229,2,linplusx
2765,15418967,2252879,"2026-03-17 07:40:20",0.78229,6,yezizha
2766,15419361,"A wong","2026-03-17 09:05:35",0.78229,3,ariwong
2767,15419934,卢丛阳阳,"2026-03-17 10:50:01",0.78229,10,lcy1246717411
2768,15420895,wbsy,"2026-03-17 12:12:56",0.78229,1,wbsycj
2769,15420972,MAOMAOHUI,"2026-03-17 12:25:42",0.78229,1,maomaohui
2770,15421634,2252960,"2026-03-17 14:07:23",0.78229,2,woiset
2771,15421883,"ayan bashir","2026-04-10 15:36:24",0.78229,8,ay4nbashir
2772,15421644,"Aileen Koneko","2026-03-17 15:48:36",0.78229,7,aileenkoneko
2773,15423279,"Álvaro Lastra Morales","2026-03-17 17:22:22",0.78229,1,lvarolastramorales
2774,7770734,"Paul Thirtle","2026-03-17 17:44:15",0.78229,4,paulthirtle
2775,15423965,"HONGJINYI GAO","2026-03-17 18:26:40",0.78229,1,hongjinyigao
2776,15424820,"Caglar Özkan","2026-03-17 19:58:09",0.78229,1,caglarzkan
2777,13714574,purple00crow,"2026-03-17 20:59:20",0.78229,2,purple00crow
2778,15235869,omcrispo,"2026-03-25 15:04:50",0.78229,11,omcrispo
2779,15343969,"Алтынбек Акайдар","2026-03-31 09:58:11",0.78229,7,altynbeka
2780,15417279,"Kate Diaz","2026-03-18 02:38:58",0.78229,11,katediaz
2781,15428766,"Vaibhav Agarwal #4","2026-03-18 06:18:49",0.78229,1,vaibhavdevtech
2782,15379794,Alysonn,"2026-03-18 09:08:07",0.78229,3,alysonn
2783,15385846,cebpac_gelo,"2026-03-18 11:45:06",0.78229,6,cebpacgelo
2784,15430683,"Vikash Yadav","2026-03-25 15:14:37",0.78229,2,viku125
2785,15431906,"pao shen","2026-03-18 14:09:01",0.78229,1,paoshen
2786,15432245,"burger Kong (burger)","2026-03-18 15:57:49",0.78229,10,burgerkongburger
2787,15432387,"Thanh Mân123","2026-03-18 16:14:03",0.78229,5,thanhmn123
2788,15433900,Paw,"2026-03-18 19:08:43",0.78229,3,pauline6789
2789,15432371,"Ryan Fei","2026-03-18 20:06:42",0.78229,3,ryanfei
2790,15346623,"Sergio Roca Sáez","2026-03-18 20:00:00",0.78229,1,sergiorocasaez
2791,15436116,sonorkad,"2026-03-19 07:27:58",0.78229,9,sonorkad
2792,15387029,thorsaro,"2026-03-19 03:26:11",0.78229,7,thorsaro
2793,15439069,hariniii_29,"2026-03-19 06:25:57",0.78229,1,hariniii29
2794,15349040,errror22222,"2026-03-24 16:28:14",0.78229,8,errror22222
2795,15440257,shiit_code,"2026-03-19 09:10:00",0.78229,1,shiitcode
2796,15440367,NirvanalL,"2026-03-19 12:05:12",0.78229,3,nirvanall
2797,15437430,"Zikai Chen #2","2026-03-19 11:45:34",0.78229,4,kyrie1102kai
2798,15433390,"Shubham Goel #3","2026-03-21 03:27:39",0.78229,5,theshubhamgoel
2799,1710060,ZhuYC825,"2026-03-19 14:20:00",0.78229,10,zhuyc825
2800,15442533,zhz2,"2026-03-19 15:16:56",0.78229,1,flowerainz
2801,15442561,"Afonso Fernandes Cruz","2026-03-19 16:39:37",0.78229,8,afonsofernandescruz
2802,15443356,"Елизавета Бордухаева","2026-03-20 08:41:05",0.78229,11,elizavetabordukhaeva
2803,15444108,ArtemSZen,"2026-03-19 19:34:29",0.78229,10,artemszen
2804,15444222,"Алёна Габова","2026-03-20 13:00:18",0.78229,6,alsegabova
2805,15444984,Aerobrid,"2026-03-19 22:48:22",0.78229,1,aerobrid
2806,15445469,"ji hwan kang08","2026-03-20 00:56:49",0.78229,1,jihwankang08
2807,15445431,"Danny Ahn","2026-03-20 04:02:19",0.78229,6,dannyahn
2808,15446121,"hi hi #3","2026-03-20 03:54:17",0.78229,1,fuck124
2809,15446333,しょうげん,"2026-03-20 04:59:31",0.78229,3,shogen8192
2810,15447905,fengxingru,"2026-03-20 09:01:02",0.78229,1,feng2304
2811,15444661,"Маргарита Чернова","2026-03-20 10:11:33",0.78229,18,mch0526
2812,15448333,"Javier Penelas","2026-03-21 21:48:28",0.78229,5,javierpenelas
2813,15447736,Кириллов_Илья_Игоревич,"2026-03-20 10:44:48",0.78229,5,kirillovilya
2814,15346617,"Sergio Fernández #3","2026-03-20 20:33:28",0.78229,23,sergiofernndezesp
2815,15448966,"Filipp Ignatov","2026-03-20 11:49:38",0.78229,1,filippignatov
2816,15247362,"Claire Huang2024","2026-03-20 12:38:41",0.78229,4,clairehuang2024
2817,13074932,毎熊星湾,"2026-03-27 12:26:01",0.78229,9,sdfius
2818,15452910,percivalhu,"2026-03-20 18:15:16",0.78229,1,percivalhu
2819,15343772,稗田一樹,"2026-03-21 02:42:00",0.78229,3,kazu87
2820,15416215,Vinswwww,"2026-03-21 04:16:40",0.78229,4,vinswwww
2821,4891493,"Kanon Tamura","2026-03-21 07:53:52",0.78229,5,kanont
2822,15455548,"QUỲNH LÊ ĐẶNG KHÁNH","2026-03-21 08:20:32",0.78229,5,qunhlngkhnh
2823,15451546,"Georsk Old","2026-03-21 09:08:02",0.78229,3,georskold
2824,15455857,"BT19ECE067 Mitesh","2026-03-21 09:16:14",0.78229,1,bt19ece067mitesh
2825,15456292,Quentinlqy,"2026-03-21 16:53:55",0.78229,3,quentinlqy
2826,15458248,"PHÚ QUÁCH HOÀNG","2026-03-21 16:10:30",0.78229,10,phquchhong
2827,15352210,"mhmoud elshaeer","2026-03-22 08:07:56",0.78229,1,mhmoudelshaeer
2828,15430231,kurumichanmilkchan,"2026-03-23 04:50:28",0.78229,14,kurumichanmilkchan
2829,15463269,"Arda Çiftçi","2026-03-22 12:30:48",0.78229,10,ardaciftci
2830,15463316,SlowlyMeow,"2026-03-22 12:17:59",0.78229,6,slowlymeow
2831,15463300,应治政道,"2026-03-22 16:16:17",0.78229,6,yzzhengdao
2832,15455049,"KANADE SHIMAMOTO","2026-03-22 12:45:38",0.78229,9,kanadeshimamoto
2833,15459095,"Tejas Kharade","2026-03-22 14:14:36",0.78229,2,tejaskharade
2834,15411919,sorag20ka,"2026-03-23 00:07:24",0.78229,11,sorag20ka
2835,15464414,"Shreya Singh #6","2026-03-23 12:26:47",0.78229,11,shreyasingh219
2836,15464567,Suin2024,"2026-03-22 15:41:12",0.78229,6,suin2024
2837,15262583,Oliviasousaufv,"2026-03-22 15:50:05",0.78229,7,oliviasousaufv
2838,13105216,"andy ma","2026-03-22 18:06:50",0.78229,5,andyjkm
2839,14924383,"Jean-François DAVID","2026-03-28 07:58:22",0.78229,2,jeanfranoisdavid
2840,15453951,"кирилл петров","2026-05-10 08:45:07",0.78229,15,kirillp07
2841,15272383,Ines_Chaieb56,"2026-03-22 21:26:58",0.78229,9,ineschaieb56
2842,15398570,"Georg Hausbichler","2026-03-29 20:52:21",0.78229,12,georghausbichler
2843,15466238,Hyeonsoo,"2026-03-23 00:40:43",0.78229,11,hyeonsoo15
2844,15466417,SYAngela_404,"2026-03-23 01:22:30",0.78229,6,syangela404
2845,15466253,junhyeung,"2026-03-23 01:14:28",0.78229,8,junhyeung
2846,15468363,"Wu Tong","2026-03-23 10:39:46",0.78229,3,wutongshu5388
2847,15468786,"Leo Stephen Maduri","2026-03-23 09:17:16",0.78229,3,arcanealfreda
2848,15470107,"Ivan Ye","2026-03-23 12:31:15",0.78229,1,ivanye0016
2849,15462574,"Raynard Juki","2026-03-23 14:46:15",0.78229,3,raynardjuki
2850,15274047,kkoneinkl,"2026-03-24 15:09:49",0.78229,8,kkoneinkl
2851,15464448,"Yusif Davidov","2026-03-23 16:59:44",0.78229,16,yusifdavidov
2852,15336347,howdydowhud98371,"2026-03-23 18:46:51",0.78229,6,howdydowhud98371
2853,15473025,"Kevin Tsai #2","2026-03-24 19:07:02",0.78229,5,kevintsai35
2854,15473191,bs1994,"2026-03-23 19:57:41",0.78229,3,bs1994
2855,15474316,"Tran gia han Dinh","2026-03-23 23:02:01",0.78229,10,trangiahandinh
2856,15475172,nkzcloud,"2026-03-24 02:52:34",0.78229,6,nkzcloud
2857,15472073,"Zengqing Wu","2026-03-27 07:08:38",0.78229,9,zengqingwu
2858,15477624,g_hhan5595,"2026-03-24 10:10:59",0.78229,8,ghhan5595
2859,15477670,gghhan,"2026-03-24 10:19:31",0.78229,8,gghhan
2860,15479244,"Jeyaprakash paulchamy","2026-03-24 15:11:03",0.78229,2,jeyaprakashpaulchamy
2861,15375398,Alex44098,"2026-03-24 16:20:36",0.78229,6,alex44098
2862,15480093,FioreA,"2026-03-24 17:31:49",0.78229,1,fiorea
2863,15480129,"Anahit Nazaretyan","2026-03-24 17:41:59",0.78229,2,anankkk05
2864,15299129,"Elie Inunu","2026-03-24 18:49:05",0.78229,3,elieinunu
2865,15465426,"Masterov Dmitriy","2026-03-24 20:36:01",0.78229,7,masterovdmitriy
2866,15481286,"Victoria D'ALMEDA","2026-04-01 03:44:10",0.78229,16,victoriadalmeda
2867,15410015,"Tony Old","2026-03-25 00:16:53",0.78229,10,tonyold
2868,15481635,"Alexander Penagis","2026-03-25 03:25:48",0.78229,6,alexanderpenagis
2869,15482632,"3648 8463","2026-03-25 06:18:54",0.78229,1,k0y0actuary
2870,15483208,"Shama Islam","2026-04-29 18:38:50",0.78229,8,shamaislam
2871,15397933,august3-14,"2026-03-26 07:08:45",0.78229,51,august314
2872,15483631,米澤　佑一郎,"2026-03-26 09:45:06",0.78229,11,genesect649
2873,15481966,Crabbbb,"2026-03-25 15:22:19",0.78229,2,crabbbbb630
2874,15423888,SaurabSharma1369,"2026-03-25 20:06:16",0.78229,4,saurabsharma1369
2875,15488461,"Tauheed Kazi","2026-03-26 17:37:40",0.78229,5,tauheedkazi
2876,15485708,Kodai_97,"2026-03-29 03:44:09",0.78229,6,kodai97
2877,15484288,La1n,"2026-03-26 03:30:35",0.78229,2,aaa143
2878,15430530,"Xasan Boymurodov","2026-03-26 06:22:30",0.78229,10,xasanboymurodov
2879,15492778,"Zachary Zhang #2","2026-03-26 09:25:11",0.78229,7,zacharyzhang04
2880,15494060,"Vanashree Hegde","2026-03-26 10:54:00",0.78229,1,vanashreehegde
2881,15494240,"Kusal Nirukshan","2026-03-26 11:45:39",0.78229,2,kusalnirukshan
2882,15494298,"Udit Agrawal","2026-03-29 12:26:45",0.78229,19,uditagrawal2007
2883,13411225,"Yongkang Pei","2026-03-26 13:36:29",0.78229,2,yongkangpei
2884,15494869,yidachenDavid,"2026-03-26 13:59:30",0.78229,8,yidachendavid
2885,15496170,"SITIAN ZENG","2026-03-26 16:22:26",0.78229,3,sitianzeng
2886,15496078,ZTakeInOne3,"2026-03-26 18:06:08",0.78229,2,ztakeinone3
2887,15498248,"Noelia #2","2026-03-27 00:14:26",0.78229,1,ncostasp
2888,14422218,Kenny_yu1031,"2026-03-27 00:21:26",0.78229,2,kennyyu1031
2889,15488753,"Ikuto Inoue","2026-04-10 04:41:29",0.78229,6,ikutoinoue
2890,15485621,"Vladimir Shkliaev","2026-05-06 17:31:12",0.78229,15,riminis
2891,15182333,UOM_230694J,"2026-03-27 08:00:28",0.78229,5,uom230694j
2892,15501294,"Jhossmith Jimenez Lucero","2026-03-27 14:08:33",0.78229,10,jhossmithjimenez
2893,11051034,"Sibusiso mahlangu","2026-03-28 07:05:34",0.78229,12,sibusisomahlangu
2894,15504241,"Solomon Onokerhor","2026-03-27 20:40:59",0.78229,3,solomononokerhor
2895,15504349,"Niks Kordjukovs","2026-03-27 21:15:13",0.78229,1,hobbitlv12
2896,15495499,"José Luis Spíndola","2026-03-29 00:34:34",0.78229,15,josluisspndola
2897,15505567,"Shilpa Naikal","2026-03-28 05:43:38",0.78229,1,shilpanaikal
2898,15505645,"Shelar Arti","2026-03-28 06:17:11",0.78229,2,shelararti
2899,15505669,"Lokesh Sharma #4","2026-03-28 17:59:24",0.78229,3,lokeshaarma
2900,15506182,"Adam Sheker","2026-03-28 10:35:57",0.78229,3,adamsheker
2901,15503508,"Louis GERVILLE-REACHE #2","2026-03-28 11:32:10",0.78229,9,louisgerville
2902,9206321,"Mahdi Nasser","2026-03-28 11:59:48",0.78229,1,mahdinasser
2903,15216001,chadcsesi,"2026-03-28 16:50:09",0.78229,7,chadcsesi
2904,15370897,AnimeTano,"2026-03-28 19:26:31",0.78229,11,animetano
2905,15223639,"Akthem Meftah","2026-03-28 18:38:06",0.78229,1,akthemmeftah
2906,15505311,"Satwik Panchomarthi","2026-03-29 04:59:15",0.78229,9,satwikpanchomarthi
2907,15497784,RayDiaz55,"2026-03-29 03:49:14",0.78229,4,raydiaz55
2908,15462820,Prakhar646,"2026-05-07 15:06:31",0.78229,27,prakhar646
2909,15464606,Napoleoncqf,"2026-03-29 02:54:51",0.78229,6,napoleoncqf
2910,15506036,"Gaurav Sharma #15","2026-03-29 03:21:00",0.78229,2,gauravhisharma
2911,15510353,wangyuefeng111,"2026-03-29 04:28:39",0.78229,1,wangyuefeng111
2912,15510529,arrebol12123,"2026-03-29 05:26:18",0.78229,1,arrebol12123
2913,15507690,CampDaijin,"2026-03-29 07:50:09",0.78229,6,campdaijin
2914,15511417,Oliver-w20,"2026-03-30 06:52:19",0.78229,2,oliverw19
2915,15511860,"Tanishq Bajoria","2026-03-29 13:48:08",0.78229,8,tanishqbajoria
2916,15511808,"masum ahmed","2026-03-29 11:02:41",0.78229,2,masumahmed19
2917,15512072,saprikins,"2026-03-29 12:02:01",0.78229,2,saprikins
2918,15497228,satouyuumaaa,"2026-03-30 19:46:08",0.78229,12,satouyuumaaa
2919,15512847,Yulinnnbabe,"2026-04-01 00:49:25",0.78229,3,yulinnnbabe
2920,15512930,"Ayyoub Amroune","2026-04-20 22:59:16",0.78229,9,ayyoubamroune
2921,15512354,Jeontaeyoung,"2026-03-29 16:16:53",0.78229,6,jeontaeyoung
2922,15513563,archan1234,"2026-03-29 16:40:09",0.78229,10,archan1234
2923,12711943,"Ajay Kamble","2026-05-11 07:32:59",0.78229,11,kambleajayme
2924,15515058,"Alexander #33","2026-03-30 02:01:50",0.78229,10,alexanderxyu
2925,15515316,"Alexander #34","2026-03-30 03:11:22",0.78229,10,alexanderrrrre
2926,15515142,Arga_Corsair,"2026-04-02 17:12:40",0.78229,10,argacorsair
2927,15484351,"Siddharth Jagadale #2","2026-04-02 07:57:52",0.78229,22,siddharthjagadale88
2928,15515047,JianAlkali,"2026-04-01 01:12:20",0.78229,18,jianalkali
2929,15517258,HYUNJI0404,"2026-03-30 09:25:14",0.78229,1,hyunji0404
2930,4099442,"Wan Jun Kim","2026-04-07 18:09:24",0.78229,3,wanjunkim
2931,15342661,"Mitia Ralaimbola","2026-03-30 20:57:22",0.78229,9,mitiaralaimbola
2932,15382687,"Павел #2","2026-03-30 13:11:47",0.78229,7,bublik7288
2933,15517938,YuandBao,"2026-03-30 14:07:10",0.78229,8,yuandbao
2934,15518652,"RADITYA FAITH P","2026-03-30 14:10:26",0.78229,3,radityafaithp
2935,15518881,fefeag,"2026-03-30 15:14:26",0.78229,9,fefeag
2936,15503424,"Justin Kilpatrick","2026-05-12 14:25:29",0.78229,56,kawakimi
2937,15519955,"Dhairya Rohilla","2026-03-30 18:11:53",0.78229,4,dhairyarohilla
2938,7092316,"Geert Goemaere","2026-04-02 20:19:56",0.78229,13,goemaereg
2939,15225100,"Gabby Flowers","2026-03-30 23:23:16",0.78229,6,gabbyflowers
2940,15520993,"Migos Smith","2026-03-30 23:47:27",0.78229,1,migossmith
2941,15521449,zyymol,"2026-03-31 02:31:24",0.78229,5,zyymol
2942,15523623,vaka21,"2026-03-31 09:49:19",0.78229,10,vaka21
2943,15523856,Aivaichik,"2026-03-31 10:27:22",0.78229,5,aivaichik
2944,15181070,zyaaaa1234wesds,"2026-03-31 10:59:12",0.78229,2,zyaaaa1234wesds
2945,15524388,"Tomoro Okajima","2026-03-31 12:19:47",0.78229,1,tomorookajima
2946,15525096,Uddipta92,"2026-03-31 14:26:35",0.78229,1,uddipta92
2947,15525526,"FANYE LIN","2026-03-31 15:54:29",0.78229,1,fanyelin
2948,15525582,i9uohnasdef,"2026-03-31 16:04:09",0.78229,1,i9uohnasdef
2949,15525071,"Nemu Sakurai","2026-03-31 16:43:16",0.78229,7,nemusakurai
2950,15525946,"Azib Tanveer","2026-03-31 17:18:23",0.78229,1,azibtanveer
2951,15522998,joychang8866,"2026-04-07 01:30:52",0.78229,43,joychang8866
2952,15513615,"Phương Hk","2026-04-04 18:46:27",0.78229,11,phnghk
2953,15531248,reethz@2006,"2026-04-01 13:59:28",0.78229,1,reethz2006
2954,15531762,icecream877,"2026-04-01 15:29:06",0.78229,1,icecream877
2955,15532550,"Giang Trung Minh Đức","2026-04-03 04:08:23",0.78229,9,giangtrungminhc
2956,15533967,"Luca Mantovani","2026-04-01 23:17:19",0.78229,1,lucacmantovani
2957,15534792,"Orlando Virginio Penha Junior","2026-04-02 00:26:22",0.78229,2,orlandovpjunior96
2958,15535351,laixueyu,"2026-04-02 02:08:32",0.78229,1,laixueyu
2959,15504221,"Benny Friedman","2026-04-03 16:07:20",0.78229,12,bwfriedman2
2960,15535222,lizhuoheng,"2026-04-07 14:00:19",0.78229,7,lizuoheng
2961,15535841,"Michael Law #2","2026-04-02 03:58:03",0.78229,2,mikelaw
2962,15528466,"Maria Mathew #2","2026-04-02 05:45:30",0.78229,4,mariamathew123
2963,15538807,"Andreas Grønbeck","2026-04-02 16:22:12",0.78229,8,andreasgrnbeck
2964,15539400,"Gavin Koeng","2026-04-02 14:31:56",0.78229,3,gavinkoeng
2965,15539659,"Mehaboob Karishma","2026-04-02 14:59:40",0.78229,1,mehaboobkarishma
2966,15540446,"ryota #3","2026-04-02 18:04:45",0.78229,2,oyr06210621
2967,15541061,bbyjeon13,"2026-04-11 19:12:46",0.78229,7,bbyjeon13
2968,15541444,"Jocelyn Jessie","2026-04-11 19:13:21",0.78229,6,jocelynjessie
2969,15542018,"Vasush Martya","2026-04-05 08:45:36",0.78229,2,vasushmartya
2970,15542587,"Sarthak Sharma ","2026-04-03 02:32:11",0.78229,9,sarthaksharma14
2971,15543683,NkululekoMakiwa,"2026-04-03 23:09:35",0.78229,4,nkululekomakiwa
2972,15539656,"Sri Chandana Alugolu","2026-04-03 10:32:30",0.78229,4,srichandanaalugolu
2973,15548126,"Riri Jay","2026-04-05 21:27:16",0.78229,4,ririjay
2974,15549930,"Togara Yohan","2026-04-03 18:10:23",0.78229,1,togarayohan
2975,15551374,"Atul Chauhan","2026-04-04 01:13:04",0.78229,1,draggygo
2976,15551638,"Daichi Shiozaki","2026-04-04 02:57:56",0.78229,2,daichishiozaki
2977,322458,danm01,"2026-04-05 09:28:05",0.78229,10,danmorse74
2978,15552743,"Niklas Philipp","2026-04-09 09:18:59",0.78229,4,niklasphilipp
2979,15554675,KaggleBeginner,"2026-04-04 14:03:52",0.78229,1,codexlearner
2980,8333251,"Sagorika Ghosh","2026-04-04 19:51:58",0.78229,2,sagorikaghosh
2981,15555469,"Wes Belt","2026-04-04 19:59:29",0.78229,2,wesbelt
2982,15389632,"[Deleted] d2b93705-f8b1-4e73-980b-3637397b0cc1","2026-04-05 08:31:20",0.78229,9,del=f431316cec71ca82
2983,15557133,Changjian(Daniel)Lin,"2026-04-07 19:00:53",0.78229,7,changjiandaniellin
2984,15561152,"Levi Ot","2026-04-05 21:06:50",0.78229,3,leviot
2985,15561447,"Binghao Chen","2026-04-05 22:12:29",0.78229,3,binghaochen15
2986,130265,"Aditya M","2026-04-05 23:43:38",0.78229,4,adityam3
2987,15561831,"Phakphoom Wongchaiya","2026-04-06 01:06:04",0.78229,5,phakphoomwongchaiya
2988,15562778,"Siying Chen #2","2026-04-06 10:44:17",0.78229,10,siyingchen117717
2989,15562393,"Takuto Iida","2026-04-06 05:41:57",0.78229,8,takutoiida
2990,15559587,"Olivier VO","2026-04-06 11:18:48",0.78229,12,oliviervo
2991,15564677,Kirillfx,"2026-04-06 11:35:18",0.78229,1,kirillfx
2992,15564702,pafuchsc,"2026-04-06 13:47:37",0.78229,5,pafuchsc
2993,14613311,"Dunpeng Zheng","2026-04-06 12:39:19",0.78229,6,dunpengzheng
2994,15565285,Csy200417*,"2026-04-06 15:21:32",0.78229,9,csy200417
2995,15565219,Dilshodbek98,"2026-04-06 14:35:24",0.78229,2,dilshodbek98
2996,15566624,"Ashvini Kumar gautam","2026-04-06 18:00:04",0.78229,1,ashvinikumargautam
2997,15567408,Danialabd,"2026-04-06 21:37:36",0.78229,2,danialabd
2998,15567482,n578q299,"2026-04-06 23:29:51",0.78229,9,n578q299
2999,15562761,"abhi reddy malyala 1436","2026-04-07 02:19:21",0.78229,15,abhireddymalyala1436
3000,15569414,IEEM26_112034053,"2026-04-07 07:48:31",0.78229,3,hyt804
3001,15569349,Carry或Jason,"2026-04-07 09:22:55",0.78229,10,carryjason
3002,15570026,サメサメ,"2026-04-07 11:31:14",0.78229,10,shark1008
3003,15570604,"Eun Sunny","2026-04-07 11:07:40",0.78229,2,sunnyeun
3004,15570743,IEEM26_112034026,"2026-04-07 11:57:37",0.78229,3,yyyy112
3005,15569900,IEEM26_112030044,"2026-04-07 13:46:01",0.78229,7,redtimeszero
3006,15343512,"Максим Арасланов","2026-04-07 15:25:29",0.78229,2,maks18
3007,15571692,"Hiroki Izumi","2026-04-07 16:09:23",0.78229,4,hirokiizumi
3008,15572789,"Elif Oskanbas","2026-04-09 18:43:08",0.78229,10,elifoskanbas
3009,15572811,"David Kekana","2026-04-08 09:36:52",0.78229,11,davidkekana
3010,15572824,Alexeн,"2026-04-26 16:31:42",0.78229,10,alcevl
3011,15573564,"Hordii Melchenko","2026-04-07 23:41:27",0.78229,2,hordiimelchenko
3012,15548733,Seraphio,"2026-04-08 02:18:58",0.78229,3,seraphio
3013,15572106,"TAKAFUMI YAMADA","2026-04-08 07:18:23",0.78229,11,takafumiyamada
3014,15565478,"Togzhan Sapargali","2026-04-08 03:43:27",0.78229,2,karadaras
3015,15568107,changchang12,"2026-04-08 08:26:01",0.78229,12,changchang12
3016,15576738,SZTUYUCHEN,"2026-04-08 10:29:16",0.78229,1,sztuyuchen
3017,15577060,"Terna Bartholomew","2026-04-08 11:41:08",0.78229,1,ternabartholomew
3018,15577920,Kishoretk2917,"2026-04-08 14:56:28",0.78229,8,kishoretk2917
3019,15577777,"Selahattin Demiralp","2026-04-08 16:06:09",0.78229,6,selahattindemiralp
3020,15578731,"Smriti Paudel","2026-04-09 18:51:42",0.78229,10,paudelsmriti
3021,15579101,"Blue. L","2026-04-08 18:30:56",0.78229,2,victoria1007
3022,15567332,RealMrBeast9000,"2026-04-08 20:20:59",0.78229,9,realmrbeast9000
3023,15579599,"R Rajpara","2026-04-13 05:27:30",0.78229,10,rrajpara
3024,15581386,"Gufran khan","2026-04-09 03:47:40",0.78229,1,iambacktrack
3025,15581557,nabinneupanemsba,"2026-04-09 04:48:41",0.78229,5,nabinneupanemsba
3026,15581446,"Gavin Smith","2026-04-09 04:49:00",0.78229,5,gavinsmith14
3027,15579222,"Liu Yiyingg","2026-04-09 04:57:58",0.78229,3,liuyiyingg
3028,15581833,Lethew,"2026-04-09 06:53:15",0.78229,4,lethew
3029,3867817,"Mark IJntema","2026-04-09 10:26:05",0.78229,5,markijntema
3030,15583092,snuc24011103018,"2026-04-09 14:32:30",0.78229,6,snuc24011103018
3031,15579335,"Mateus Yamada Müller","2026-04-09 15:24:14",0.78229,13,mateusyamadamller
3032,15585390,"anas bouteffah touiki","2026-04-09 16:06:25",0.78229,1,anasbouteffahtouiki
3033,15585922,"Mashfiq Naushad","2026-04-09 17:46:23",0.78229,1,maaaashfiiiiq
3034,15586433,"k hori ","2026-04-09 19:56:34",0.78229,1,khori7
3035,15572949,"Pranu manandhar","2026-04-09 22:48:55",0.78229,12,pranumanandhar
3036,15568665,ohrohr_,"2026-04-10 04:32:49",0.78229,4,ohrohr
3037,15588224,"Tarun Rai","2026-04-10 06:42:54",0.78229,10,tarunrai9
3038,15589115,"Abhitah Siga","2026-04-10 07:50:31",0.78229,1,abhitahsiga
3039,4383147,Maiernator,"2026-04-10 13:02:31",0.78229,1,maiernator
3040,15590294,IvanKrylov1,"2026-04-10 13:03:37",0.78229,2,ivankrylov1
3041,15590557,"中村 心優明","2026-04-10 13:10:29",0.78229,1,komein
3042,15186272,"Ratnachand Kancharla","2026-04-10 13:22:25",0.78229,1,ratnachand
3043,15591481,"Việt Hưng Nguyễn","2026-04-10 16:09:12",0.78229,7,hungsvdut
3044,15594497,sha-zamn,"2026-04-11 04:59:48",0.78229,1,shazamn
3045,15594101,宗介介介,"2026-04-11 07:17:52",0.78229,7,zk3070993313
3046,15595030,WYQMJQAA,"2026-04-11 06:40:05",0.78229,3,wyqmjqaa
3047,15595633,"Đức Anh","2026-04-11 08:51:00",0.78229,10,kevinanh28
3048,15587932,"Fitra Arya Ramadhanu","2026-04-12 04:29:42",0.78229,14,fitraaryaramadhanu
3049,4858388,"Tsu,Yu,Luo","2026-04-11 16:27:07",0.78229,10,tsuyuluo
3050,15597818,"BELLAOUAR MOUNDER","2026-04-12 16:46:41",0.78229,6,bellaouarmounder
3051,15599870,ChidinmaUmehS,"2026-04-11 23:47:56",0.78229,3,chidinmaumehs
3052,15600893,yuxuan0603,"2026-04-21 05:26:26",0.78229,18,yuxuan0603
3053,15601490,"Baldur #3","2026-04-12 13:57:05",0.78229,6,baldur76
3054,15602050,"coke lu","2026-04-12 10:32:57",0.78229,1,cokelu
3055,15493185,LiHua404,"2026-04-12 11:35:38",0.78229,9,abcdqwe
3056,15602400,"Ladislav Vysmek","2026-04-12 12:37:12",0.78229,5,vysmek
3057,2270504,masaadfe,"2026-04-12 12:17:18",0.78229,9,masaadfe
3058,15603269,"kazuya hibara","2026-04-16 09:04:43",0.78229,15,kazuyahibara
3059,15603533,"Vladislav Goryachev","2026-04-12 15:25:11",0.78229,8,vladislavgoryachev
3060,15590125,"Leon Hackl","2026-04-12 15:17:01",0.78229,3,leonhackl
3061,15604497,"Zahid Faizi","2026-04-12 18:32:42",0.78229,1,zahidfaizi
3062,15604966,"Faby Huerta","2026-04-12 23:40:47",0.78229,3,fabyhuerta
3063,15603042,"Sinh Nguyễn Đức","2026-05-05 16:11:51",0.78229,9,sinhnguync
3064,15592188,"Tristan Glatard","2026-04-13 13:31:32",0.78229,10,tristanglatard
3065,15610000,Malik-Hacini,"2026-04-13 16:07:28",0.78229,9,malikhacini
3066,15597225,"Pablo Galán de Anta","2026-04-13 17:06:18",0.78229,8,pablogalndeanta
3067,14194289,"Nikita Singh #5","2026-04-21 20:32:26",0.78229,3,niki16302
3068,15610988,"Thomas Cristancho","2026-04-13 21:45:58",0.78229,9,thomascristancho
3069,15586945,"Giovani Monay","2026-04-14 00:09:33",0.78229,7,giovanimonay
3070,15612152,Juan_FuentesR,"2026-04-14 02:02:16",0.78229,6,juanfuentesr
3071,15466530,"Harish Musthyala","2026-04-14 02:30:56",0.78229,14,harishmusthyala
3072,15602839,XiaSassy,"2026-04-14 08:31:14",0.78229,12,xiasassy
3073,15590697,"Victor HLSTF","2026-04-14 10:12:08",0.78229,4,victorhlstf
3074,14996202,"hclx tz","2026-04-14 12:40:53",0.78229,4,hclxtz
3075,15608632,FanQYi,"2026-04-15 13:21:21",0.78229,9,fanqyi
3076,15615742,forFrenchfries,"2026-04-14 13:10:15",0.78229,1,forfrenchfries
3077,15615662,DestinyleSnowy,"2026-04-16 07:28:32",0.78229,8,destinylesnowy
3078,15601392,Varijasana,"2026-04-14 13:57:53",0.78229,6,varijasana
3079,15616108,"Jiamin Lin 2003","2026-04-14 14:24:39",0.78229,4,jiaminlin2003
3080,15585927,"Jess #9","2026-04-30 16:44:57",0.78229,13,"jesssmillerr,xenoyle"
3081,15585987,TriP27,"2026-04-14 17:38:12",0.78229,2,trip27
3082,15585968,"Mackenzie Stevens","2026-04-14 17:38:39",0.78229,2,mackenziestevens
3083,15572916,"Kamil Cheng","2026-04-14 17:38:56",0.78229,4,kamilcheng
3084,1989749,"Dr. JD","2026-04-14 17:39:36",0.78229,4,cavalryjim
3085,15572880,"Brandon K","2026-04-14 17:40:22",0.78229,3,brandonknig
3086,15617626,"Julia Amaral Pera","2026-04-14 19:39:00",0.78229,1,juliaamaralpera
3087,15618025,"Andrew Pruyn","2026-04-15 03:40:49",0.78229,9,andrewpruyn87
3088,15612178,SimratSinghChhabra,"2026-04-14 23:57:38",0.78229,2,simratsc
3089,15618439,"Nicolás Campitelli","2026-04-15 01:15:31",0.78229,2,nicolscampitelli
3090,15577612,"BlueX Chan","2026-04-15 02:23:50",0.78229,10,bluexchan
3091,15619284,opq1736,"2026-04-20 02:58:48",0.78229,12,opq1736
3092,11494986,"HIROI Satoru","2026-04-15 06:11:48",0.78229,3,hiroisatoru
3093,15619660,"БАЯНМӨНХ БАДАМСҮРЭН","2026-04-15 06:40:58",0.78229,1,badamsuren7
3094,15619968,MiHiR,"2026-04-15 07:37:24",0.78229,1,xmihir
3095,15618262,"Tanguy Mathian","2026-04-15 09:58:38",0.78229,5,tanguymathian
3096,15597594,"Code Nik","2026-04-15 13:09:47",0.78229,3,codenik
3097,15618677,"Nathan Ryan2316","2026-05-01 15:04:18",0.78229,29,nathanryan2316
3098,15622995,"Abdelrahman Mohamed #6","2026-04-17 16:52:56",0.78229,4,abdelrahmanmsallah
3099,15624084,"Asia Johnson","2026-04-15 20:20:37",0.78229,4,asiaejohnson
3100,15624677,"Genicio zanetti","2026-04-15 21:34:54",0.78229,1,genicio
3101,15618862,2620이연우,"2026-04-16 05:58:39",0.78229,2,insulbing
3102,15628264,"Mathew Alphonse Michael","2026-04-16 06:42:19",0.78229,1,mathewalphonse
3103,15629026,kthr03,"2026-04-16 08:23:40",0.78229,2,kthr03
3104,15156812,Kaori0319,"2026-04-16 09:00:36",0.78229,5,kaori0319
3105,15624789,"Анна Столярчук","2026-04-16 09:52:48",0.78229,3,rirkokkik
3106,15629895,Zaozersky,"2026-04-22 16:16:44",0.78229,8,zaozersky
3107,15630828,"Дмитро Луцик","2026-04-16 12:35:54",0.78229,2,wqedqweqwe
3108,15632108,akSuyek,"2026-04-16 15:29:53",0.78229,1,uaisamangeldi
3109,15193843,"Jesus Nieto","2026-04-22 00:40:15",0.78229,24,jesusnieto
3110,15633394,ayberkbaturalp,"2026-04-16 19:09:58",0.78229,1,ayberkbaturalp
3111,15633402,idkwhattodo,"2026-04-16 19:38:06",0.78229,2,numeshch25b059
3112,15633476,"Thomas Wazo","2026-04-17 23:40:50",0.78229,10,thomaswazo
3113,15633713,Txrusso,"2026-04-16 21:02:23",0.78229,3,txrusso
3114,15634185,"Ashley Oldacre","2026-04-16 23:28:38",0.78229,4,ashleyoldacre
3115,15599425,Belal_Moustafa_8824,"2026-04-17 00:48:50",0.78229,2,belalmoustafa8824
3116,15483306,kentakenta190,"2026-04-17 05:46:19",0.78229,20,kentakenta190
3117,15635596,Qiaoli53,"2026-04-17 05:56:14",0.78229,4,qiaoli53
3118,15635781,B11323014陳姵穎,"2026-04-17 06:15:34",0.78229,1,b11323014
3119,15635940,cookieldog,"2026-04-17 06:43:21",0.78229,2,cookieldog
3120,15635959,Bauer,"2026-04-17 06:48:35",0.78229,4,b11323055
3121,15636129,charlieluu,"2026-04-17 07:01:22",0.78229,1,charlieluuuuuuu
3122,15636626,"Varun Ramisetty","2026-04-17 08:54:59",0.78229,4,amvdragon16202008
3123,15636684," TEEGELA BHARATH SATYA","2026-04-17 08:39:36",0.78229,2,teegelabharathsatya
3124,15636542,"SAVARAPU PRAVEEN RAJ","2026-04-17 08:56:01",0.78229,5,savarapupraveenraj
3125,15627388,hr_1phee,"2026-04-17 10:10:24",0.78229,2,hr1phee
3126,15639714,"Liberty W","2026-04-17 16:30:13",0.78229,1,libbywes
3127,15639798,什么年代还在刷传统leetcode？,"2026-04-17 17:10:13",0.78229,2,lsdeeplearning
3128,15639826,"Alejandro Espinosa R","2026-04-17 16:50:19",0.78229,2,alejandroespinosar
3129,15611409,"Nicolas Alonso","2026-04-17 16:49:37",0.78229,1,skafind
3130,15639934,"Kevin Chiquillo Díaz","2026-04-17 17:04:45",0.78229,1,kevinchiquillodaz
3131,15639824,"Xu Yu tao32","2026-04-17 17:20:50",0.78229,5,xuyutao32
3132,15641471,"Ravichandran Rajendran","2026-04-17 22:28:47",0.78229,1,ravichandranraj
3133,15636962,Harukinguuu,"2026-04-19 09:39:43",0.78229,10,harukinguuu
3134,15645865,agains,"2026-04-18 13:46:54",0.78229,1,agains
3135,15617142,"Hardik Kumar #3","2026-04-18 17:42:18",0.78229,10,hardikxi11
3136,15641739,"Vladyslav Shvets","2026-04-20 09:13:23",0.78229,20,vladshvets22
3137,13028385,"José Santos Dev","2026-04-18 17:44:48",0.78229,1,jossantosdev
3138,2310058,ElJalalpour,"2026-04-18 23:50:59",0.78229,3,eljalalpour
3139,12426954,StudentM,"2026-04-19 09:24:04",0.78229,7,ikkimasuta
3140,15642143,"ناصر آل مسعود َ","2026-04-19 01:31:38",0.78229,6,naser9
3141,15650865,Synthwave4,"2026-04-19 11:13:30",0.78229,7,synthwave4
3142,15327739,sliverbranch,"2026-04-19 13:17:02",0.78229,2,sliverbranch
3143,15648023,"Samarth Kulkarni","2026-04-19 15:46:30",0.78229,6,datasetispain
3144,15652614,machinam,"2026-04-19 16:00:03",0.78229,4,machinam
3145,15648787,vkeshav300,"2026-04-19 17:20:38",0.78229,7,vkeshav300
3146,15645744,"Bekzhan Kaiyrbekov","2026-05-12 09:37:11",0.78229,6,bekzhankaiyrbekov
3147,15653475,"Gazi Wani","2026-04-19 18:24:58",0.78229,1,gaziwani
3148,15648077,"Morgan Hooker","2026-04-19 19:03:27",0.78229,7,morganhooker
3149,15648746,syeyriz,"2026-04-19 20:12:29",0.78229,10,syeyriz
3150,15630867,"Dareen Amgad Ali","2026-04-19 20:09:02",0.78229,8,dareenamgadali
3151,15653959,"Ailurus Chadwell","2026-04-19 23:20:21",0.78229,2,ailuruschadwell
3152,15614027,"Viacheslav Ivanov","2026-04-20 04:49:02",0.78229,24,viacheslavivanov8
3153,15654657,东辉325,"2026-05-01 14:50:25",0.78229,20,donghui123456
3154,15516110,"[Deleted] 0287eaa2-e300-43a6-b32e-0111ae7f32e5","2026-04-20 06:21:23",0.78229,8,del=9af2223ae5925d3a
3155,15545517,"Patrick #29","2026-04-20 07:00:21",0.78229,22,ptangphao
3156,15656754,Oners21,"2026-04-20 07:08:15",0.78229,6,oners21
3157,15622445,standartnnn,"2026-05-06 09:42:54",0.78229,37,standartnnn
3158,15642359,kuro_15260806,"2026-04-20 13:00:13",0.78229,5,kuro15260806
3159,15661466,"Arseniy Trushin","2026-04-20 19:08:12",0.78229,2,arseniytrushin
3160,15661924,"Dying angel","2026-04-20 20:18:28",0.78229,1,dyingangel
3161,15662341,"Wellington Machado","2026-04-20 21:27:18",0.78229,1,orcprop
3162,15646172,qweryasdzxQ1@,"2026-05-02 14:38:24",0.78229,21,qweryasdzxq1
3163,15663160,"Kaitlyn Brown","2026-04-21 01:45:32",0.78229,9,kaitlynbrown1
3164,15663771,マホウタツ,"2026-04-21 02:47:19",0.78229,2,i27407724
3165,15663600,"Peter Choi #2","2026-04-21 02:49:35",0.78229,3,peterchoi3
3166,15663876,"Divyam Gupta aura","2026-04-21 03:03:22",0.78229,1,divyamguptaaura
3167,15614419,Molly_Zhang04,"2026-04-24 07:53:05",0.78229,12,mollyzhang04
3168,15670833,"woojong choi","2026-04-21 12:30:24",0.78229,1,woojongchoi
3169,15053749,"Siti Soviyyah","2026-04-21 13:42:57",0.78229,3,sitisoviyyah
3170,15672392,ねこかん,"2026-04-21 15:26:32",0.78229,1,catfood777
3171,15672856,basti_4211,"2026-04-21 17:47:17",0.78229,5,basti4211
3172,14221099,"Suhas Chandrashekaran","2026-04-21 20:43:27",0.78229,2,suhaschandrashekaran
3173,15662390,AlexeyPanov,"2026-04-21 20:46:07",0.78229,13,alexeypanov
3174,15665474,"Yuriy Mikityuk","2026-04-23 14:49:58",0.78229,15,yuriymikityuk
3175,2489415,"Andrea Ferro Fdz","2026-04-21 22:42:14",0.78229,11,andreaferrofdz
3176,598047,"Chelsea 2","2026-04-22 05:04:19",0.78229,7,dplearn
3177,15693659,hjyact,"2026-04-22 08:24:08",0.78229,4,hjyact
3178,15694106,"Adesh Lande","2026-04-22 08:34:27",0.78229,1,adeshlande007
3179,14358785,"Lavanya Matada","2026-04-22 09:07:52",0.78229,4,lavanyamatada
3180,15610131,"MIKE ANTUNES","2026-04-22 14:54:45",0.78229,7,mikeantunes
3181,15700396,"Ivan Miletic","2026-04-22 15:51:17",0.78229,1,imiletic
3182,14980207,"Abdullah Al Masum","2026-04-25 10:15:24",0.78229,10,ibnulmisbah
3183,15067911,"Lakshman gaur","2026-04-22 20:36:44",0.78229,3,lakshmangaur
3184,15702386,"Higor Pereira","2026-04-28 14:51:12",0.78229,9,higorpereiras
3185,15703399,minesaccount,"2026-04-22 22:04:13",0.78229,5,minesaccount
3186,15703779,RenRen0726,"2026-04-22 22:44:07",0.78229,1,renren0726
3187,15666022,GGBOND_0310,"2026-04-23 03:03:46",0.78229,18,ggbond0310
3188,15667311,hanytpriate,"2026-04-23 03:54:48",0.78229,4,hanytpriate
3189,15708417,"Kıvanç Baysal","2026-05-03 10:05:37",0.78229,2,kivancbaysal
3190,15701066,"Lucy Dai","2026-04-26 18:20:25",0.78229,9,lucydai27
3191,15706245,"Arjuna Raja","2026-04-23 09:40:50",0.78229,2,arjunaraja
3192,15709204,Barkauz,"2026-04-26 10:23:04",0.78229,3,barkauz
3193,15711872,"RAKSHITA KALGI","2026-04-23 10:49:48",0.78229,2,rakshitakalgi
3194,15025930,muhammadshodiq,"2026-04-24 02:04:39",0.78229,11,muhammadshodiq
3195,15716031,Slobby,"2026-04-23 11:25:17",0.78229,3,slobby
3196,15658688,"Nico Sokala","2026-04-23 12:19:12",0.78229,7,zulukreis
3197,15721310,"Juliana Burato","2026-04-23 16:47:44",0.78229,1,julianaburato
3198,15680499,"Dillon Coker","2026-04-29 02:16:28",0.78229,20,dilloncoker
3199,15722181,"Lucky Kumar7","2026-04-23 18:54:04",0.78229,2,luckykumar7
3200,15722925,casp3ro,"2026-04-23 21:08:51",0.78229,3,casp3ro
3201,15719725,Mohan955,"2026-04-24 06:12:28",0.78229,10,mohan955
3202,15729024,"madhura s","2026-04-24 07:30:58",0.78229,1,madhuradsce
3203,15729687,"Kaiwen Guan","2026-04-24 11:07:13",0.78229,6,kaiwenkwan
3204,15732020,"Vithushan Naventhan","2026-04-26 19:12:25",0.78229,2,vithushannaventhan
3205,15732118,Sam150804,"2026-04-24 14:50:36",0.78229,1,sam150804
3206,15695092,darmflora,"2026-04-27 09:22:39",0.78229,12,darmflora
3207,15706447,"Aarohi Gulhane","2026-04-24 19:02:42",0.78229,11,aarohigulhane
3208,15734555,"Tanishka Chougule","2026-04-24 23:23:38",0.78229,4,tanishka2644
3209,11620840,"Pedro C F Guimaraes","2026-04-25 00:47:13",0.78229,7,pedrocfguimaraes
3210,15735794,"Nakshatra Ghare","2026-04-25 05:38:42",0.78229,1,nakshatraghare
3211,15735944,"Prabhav Mishra #2","2026-04-25 06:09:46",0.78229,1,prabhav092003
3212,15735981,あつたろう,"2026-04-26 05:13:18",0.78229,4,atgw1107
3213,15736770,郑茂明1986,"2026-04-25 08:47:26",0.78229,1,zhengmm1986
3214,15650318,giogio134679,"2026-04-25 12:37:29",0.78229,20,giogio134679
3215,15737995,ngehehe,"2026-04-25 12:46:49",0.78229,2,nornamoona
3216,15738322,yucheng.allan.wu,"2026-04-26 03:05:49",0.78229,8,yuchengallanwu
3217,15739409,YChennn03,"2026-04-25 17:39:46",0.78229,5,ychennn03
3218,12305231,"Rishav mishra","2026-04-25 18:24:09",0.78229,1,rish001mishra010
3219,15740034,yygao14,"2026-04-30 04:11:45",0.78229,7,yygao14
3220,15654137,"Mihir Patel #2","2026-04-29 02:34:13",0.78229,31,mihirpatel3131
3221,15641319,"Kemal Serkan YILDIRIM","2026-04-25 21:01:59",0.78229,5,kemalserkanyildirim
3222,15701115,yicong0342,"2026-04-25 22:00:59",0.78229,11,yicong0342
3223,15741524,yuchengwudata,"2026-04-26 04:21:57",0.78229,1,yuchengwudata
3224,15742024,"Dimas Bajuri","2026-04-27 13:27:37",0.78229,3,dimasbajuri
3225,15742628,"Lorena Diorio","2026-04-26 08:25:52",0.78229,1,lorenadiorio
3226,15742739,"Dimaz Heryanto","2026-04-26 08:52:37",0.78229,1,dimazheryanto
3227,15653190,"HENGYUAN SHI","2026-04-26 14:19:54",0.78229,15,hengyuanshi
3228,15744150,"kuntal dutta","2026-04-26 13:57:57",0.78229,1,kuntaldutta1007
3229,15623986,"Yongen Li","2026-05-10 02:06:38",0.78229,22,yongenli
3230,15094471,ciel_desire,"2026-04-26 16:31:15",0.78229,4,cieldesire
3231,15653066,Rosebearay,"2026-04-26 15:57:41",0.78229,2,rosebearay
3232,15706629,"NAYAN BORA","2026-04-27 06:55:15",0.78229,3,nayanbora
3233,15746089,AbuzarAli124,"2026-04-26 20:45:07",0.78229,1,abuzarali124
3234,15746386,"Lucas Veloso Almeidaa","2026-04-30 00:40:28",0.78229,16,lucasvelosoalmeidaa
3235,15746577,"Nestor Quispe M","2026-04-27 00:32:54",0.78229,4,nestorquispem
3236,15747045,"Narmada Bharadwaj","2026-04-27 02:34:46",0.78229,1,narmadabharadwaj
3237,15747150,"ian hequn","2026-04-27 02:56:33",0.78229,1,ianhequn
3238,15658650,sketch0,"2026-04-27 09:21:18",0.78229,8,sketch0
3239,15749710,"haku yamamoto","2026-04-27 10:05:56",0.78229,1,hakuyamamoto
3240,15749275,"Jenny Ma308","2026-04-27 11:00:08",0.78229,4,jennyma308
3241,15750097,TracyCui125,"2026-04-27 11:16:40",0.78229,3,tracycui125
3242,15750257,"Edmund Macharia","2026-04-27 12:05:42",0.78229,5,edmundmacharia
3243,15751250,useruser2stats,"2026-04-28 04:53:03",0.78229,10,useruser2stats
3244,15720105,"Suzanne MARTIN WITKOWSKI","2026-04-27 16:20:00",0.78229,10,sznnemw
3245,15753979,ChinmayCP9,"2026-04-27 17:18:41",0.78229,1,chinmaycp9
3246,15754688,xjliu123,"2026-04-28 04:02:08",0.78229,7,xjliu123
3247,15755527,"Siqi Li #2","2026-04-27 19:27:51",0.78229,1,siqili47
3248,15757611,parishadevi01,"2026-04-28 00:33:42",0.78229,5,parishadevi01
3249,15757923,"Rodrigo Betuel","2026-05-05 13:55:03",0.78229,3,rodrigobetuel
3250,15743511,zzxxxxx,"2026-04-28 06:51:27",0.78229,5,zzxzxzxzzxz
3251,15759581,"Mubashir Shehun","2026-04-28 03:58:28",0.78229,1,mubasliu
3252,15749221,"Ilan Melamed","2026-04-28 06:09:24",0.78229,2,ilanmelamed
3253,15760902,"Shokhjahon Isroilov","2026-04-28 08:28:42",0.78229,2,shokhjahonisroilov
3254,15763052,qiuye,"2026-04-28 08:44:07",0.78229,1,endureme
3255,15763170,"Jay Chen #5","2026-04-28 08:52:54",0.78229,1,ccovo1029
3256,15763215,你好那你,"2026-04-30 02:09:36",0.78229,11,xxyymm
3257,15765557,songbaiyan417,"2026-04-28 12:22:52",0.78229,1,songbaiyan417
3258,15749980,"Steven Toy","2026-04-28 14:35:00",0.78229,4,steventoy
3259,15654245,Leo0707,"2026-04-28 16:07:16",0.78229,3,leo0707
3260,15625199,"Jamie Wagoner","2026-04-29 00:16:10",0.78229,20,jamiewagoner
3261,15771836,"Sam Wenzel","2026-04-29 02:22:14",0.78229,8,samwenzel
3262,15774198,"Arthur Rios","2026-04-29 02:51:24",0.78229,1,arthurrios4
3263,15703352,"Myles Edwards","2026-04-29 05:07:10",0.78229,18,mylesedwards
3264,15776658,"Divya Madhuri Vemana","2026-04-29 14:20:02",0.78229,2,divyavemana
3265,15629222,jleimy,"2026-04-29 07:47:01",0.78229,3,jleimy
3266,14930939,"Kyrylo Mudryi","2026-04-29 08:42:15",0.78229,2,kyrylomudryi
3267,15779961,lysias23,"2026-04-29 12:06:05",0.78229,2,lysias23
3268,15780357,"Lv Haoda","2026-04-29 12:10:53",0.78229,1,bluelung
3269,15780933,Ryotaro18,"2026-04-29 12:51:33",0.78229,1,ryotaro18
3270,15781361,"Master Chick","2026-04-29 13:23:46",0.78229,1,masterchick
3271,15781309,Y1Amadeus,"2026-04-29 13:50:03",0.78229,3,y1amadeus
3272,15737357,井上悠馬,"2026-05-10 08:36:25",0.78229,9,starchild03523
3273,15624746,"Lucas Bueno Segreti","2026-04-29 16:07:03",0.78229,11,lucasbuenosegreti
3274,15496159,Frankenpower,"2026-04-29 17:19:43",0.78229,9,frankenpower
3275,13500299,"Arne Ewald","2026-04-29 18:37:44",0.78229,1,arneewald
3276,6558438,"Filipe Sá","2026-04-29 21:25:14",0.78229,6,pihhhh
3277,15754687,"Cole Bowen","2026-04-29 22:52:10",0.78229,30,colebowenucm
3278,15773406,"Ashley Acosta","2026-04-30 03:38:15",0.78229,10,aacosta0923
3279,15787475,"Todd Watkins Dev","2026-04-29 23:32:25",0.78229,8,toddwatkinsdev
3280,15787657,"Ember Tree","2026-04-29 23:41:35",0.78229,1,embertree13
3281,15788131,"Shine Zaw","2026-04-30 04:22:15",0.78229,9,shinezaw
3282,15790033,amithemantjadhav,"2026-04-30 04:24:56",0.78229,5,amithemantjadhav
3283,15790233,"[Deleted] d0c40c5f-714b-4c46-96ec-f77ccf8700c1","2026-04-30 04:33:47",0.78229,3,del=ab26c2bd258a1a9e
3284,15790910,"Lin Chi-Sheng","2026-04-30 07:37:23",0.78229,2,linchisheng
3285,15793472,korth.andrea@aol.com,"2026-05-03 08:38:19",0.78229,6,korthandreaaolcom
3286,15797020,ksyz123,"2026-04-30 13:22:22",0.78229,1,ksyz123
3287,15797484,"Ali Sarini","2026-04-30 15:23:24",0.78229,5,alisarini
3288,15800462,MCheese,"2026-04-30 17:38:50",0.78229,2,mcheese
3289,15754350,"PETER MUIGAI","2026-05-05 11:14:44",0.78229,5,petermuigai
3290,15779016,"daeung kim","2026-05-01 05:13:51",0.78229,12,stilldaey
3291,15807650,lihuadaiyu,"2026-05-01 06:08:29",0.78229,3,lihuadaiyu
3292,15809906,"Philmo Gu","2026-05-01 08:21:28",0.78229,5,philmogu
3293,15815876,"dimitry medevdev","2026-05-01 14:13:47",0.78229,1,dimitrymedevdev
3294,15812280,"Sagar Tewari #2","2026-05-01 19:58:52",0.78229,7,soulforge
3295,15822256,kklkky,"2026-05-05 03:25:39",0.78229,2,kklkky
3296,15816064,dsyz2007,"2026-05-02 08:36:36",0.78229,6,dsyz2007
3297,15825182,"Avani Karandikar","2026-05-02 09:25:40",0.78229,7,avanikarandikar
3298,15825489,"yx z","2026-05-02 08:04:24",0.78229,4,zhangyxdtt
3299,15750683,"Ismail Hajji","2026-05-12 10:30:49",0.78229,44,ismailhajji
3300,15829065,"Shunsuke Yagi","2026-05-04 14:11:30",0.78229,21,shunsukeyagi
3301,15829700,"Sven Haverkamp","2026-05-02 19:13:50",0.78229,6,svenhaverkamp
3302,15811241,Ritu.V.Malage,"2026-05-03 12:11:38",0.78229,5,rituvmalage
3303,15457943,manafengau,"2026-05-02 16:22:23",0.78229,3,manafengau
3304,9246208,trmttty,"2026-05-02 17:13:14",0.78229,1,trmttty
3305,15746559,"Phailyn Chhoeun","2026-05-03 01:43:19",0.78229,3,phailyn
3306,15742014,arjunb1010,"2026-05-04 02:10:11",0.78229,11,arjunb1010
3307,15621954,LEBNFRANCAIS,"2026-05-03 14:32:43",0.78229,3,lebnfrancais
3308,15841933,Jacobblalock,"2026-05-03 20:31:17",0.78229,3,jacobblalock
3309,15842068,"Temitope Omobo","2026-05-03 20:57:17",0.78229,1,temitopeomobo
3310,15843037,"Micael Jin","2026-05-05 18:11:28",0.78229,2,micaeljin
3311,15844015,"Le Quang Trung","2026-05-04 04:37:08",0.78229,1,wiedergeburt
3312,15846838,"[Deleted] fa7db40f-3ea3-4228-bfe2-7a8da2ebdee0","2026-05-04 09:37:37",0.78229,7,del=463dcce9fae210b8
3313,15829555,"Saad Nanawala","2026-05-08 03:36:01",0.78229,10,saadnanawala
3314,15791803,"Shreyash  Pandey ","2026-05-04 12:39:55",0.78229,5,shreyashp05
3315,15847581,Jatin@Sharma,"2026-05-05 05:37:25",0.78229,8,jatinoctsharma2002
3316,15851837,"Nguyễn Hùng Sơn","2026-05-04 16:21:38",0.78229,4,snnguyn9898
3317,15851850,"J Chieng","2026-05-05 10:46:48",0.78229,11,jchieng
3318,15852976,"Amar Kakde_P47","2026-05-04 18:11:50",0.78229,2,amarkakdep47
3319,15853448,"Yasin ","2026-05-04 20:06:29",0.78229,7,yasinyildiz22
3320,15853684,"МАРАТ DAEDALUS","2026-05-06 21:20:34",0.78229,15,maratdaedalus
3321,15225602,"Leon #8","2026-05-04 22:00:34",0.78229,8,leon9432
3322,15854630,"احمد ڤقرول رادزي نوردين","2026-05-05 02:15:59",0.78229,6,pakerole1985
3323,15829117,dorayaki800,"2026-05-05 05:35:02",0.78229,2,dorayaki800
3324,15225682,"Emlety Huang","2026-05-05 05:41:09",0.78229,1,emletyhuang
3325,15858848,"Noel Exposito","2026-05-06 10:48:47",0.78229,5,noelexposito
3326,15859235,"Naoki Kawamura","2026-05-05 10:02:40",0.78229,2,naokikawamura
3327,15859369,"Ritesh Kumar Paswan","2026-05-05 08:55:57",0.78229,2,riteshkumarpaswan
3328,15856650,kydengk,"2026-05-05 09:25:10",0.78229,4,kydengk
3329,9015941,"Yuta Kanda JAPAN","2026-05-05 10:17:21",0.78229,1,yutakandajapan
3330,15860596,"yj w1231","2026-05-05 11:51:42",0.78229,1,yjw1231
3331,15748951,Nick07,"2026-05-05 12:33:16",0.78229,11,nicke07
3332,15862803,jfsmachado98,"2026-05-05 16:30:58",0.78229,5,jfsmachado98
3333,15862926,Harijith_03,"2026-05-05 14:42:08",0.78229,1,harijith03
3334,15863036,"Schelto Crone","2026-05-05 15:06:16",0.78229,5,scheltocrone
3335,15856677,"Mauricio Monroy","2026-05-05 15:02:50",0.78229,5,morris28
3336,15235958,"Harshavardhan #5","2026-05-05 20:10:38",0.78229,8,harsha7077
3337,15754440,"Camden K 777","2026-05-05 20:54:55",0.78229,11,camdenk777
3338,15867382,GrayAndWhiteCat,"2026-05-05 22:56:28",0.78229,9,grayandwhitecat
3339,3582083,"Ifes Serra REPA","2026-05-06 00:03:59",0.78229,2,franciscoboldt
3340,15868862,"joker ai","2026-05-12 07:42:50",0.78229,8,jokeraiw
3341,15867300,"Rabie Bouderga","2026-05-06 02:46:44",0.78229,10,rabiebouderga
3342,15873272,"Tobias Pal","2026-05-06 09:23:55",0.78229,1,tobiaspal
3343,15874467,"Steven Chen #4","2026-05-06 12:56:32",0.78229,6,iminstevenchen
3344,4611919,yanghungliao,"2026-05-06 12:50:59",0.78229,7,yanghungliao
3345,15874424,"Alan Linag","2026-05-06 12:54:01",0.78229,5,alanlinag
3346,15874420,CcJung,"2026-05-06 12:54:42",0.78229,6,ccjung
3347,15874452,"Sean chou","2026-05-06 12:54:24",0.78229,5,seanchou44
3348,15874438,"Andy Fu_155","2026-05-06 12:58:30",0.78229,7,andyfu155
3349,15874419,ufo789,"2026-05-06 12:59:13",0.78229,6,ufo789
3350,15874433,Yueh_Ting_Hung,"2026-05-06 12:54:47",0.78229,5,yuehtinghung0013
3351,15875298,luyuran,"2026-05-06 13:11:11",0.78229,2,luyuran
3352,15871176,jiadianshui,"2026-05-08 14:55:05",0.78229,5,jiadianshui
3353,15876273,"Zeynep Ertuğrul","2026-05-07 12:10:39",0.78229,10,zeynepertugrul
3354,15877680,"Rodion Bozhok","2026-05-06 17:01:56",0.78229,1,rodionbozhok
3355,15877796,"Kweku Abraham","2026-05-07 10:05:10",0.78229,5,kwekuabraham
3356,1723584,evilpsycho42,"2026-05-07 02:38:55",0.78229,7,evilpsycho42
3357,15789235,rong55332211,"2026-05-07 01:15:40",0.78229,11,rong55332211
3358,14593332,phyton53,"2026-05-08 11:27:35",0.78229,6,phyton53
3359,15880754,bombyx.nori64,"2026-05-07 05:51:17",0.78229,2,bombyxnori64
3360,15881335,"Juran Kim #2","2026-05-07 03:44:43",0.78229,1,juran0
3361,13599882,sasaki0209,"2026-05-07 05:20:16",0.78229,2,sasaki0209
3362,15881531,hwangbomi,"2026-05-07 05:37:41",0.78229,6,hwangbomi
3363,15882182,"Galaxy #3","2026-05-07 05:57:38",0.78229,2,galaxy27
3364,15873499,"Rania Bouzar","2026-05-07 07:24:30",0.78229,20,raniabouzar
3365,15814940,"Manthan V Shah","2026-05-07 08:11:17",0.78229,7,manthanvshah
3366,15885744,"Carthikeyan V H","2026-05-07 11:26:19",0.78229,1,carthikeyanvh
3367,15854470,"Mohamed Fouad Hamed Helail","2026-05-07 12:32:36",0.78229,3,mohamed040912
3368,15885725,el_chappo_228,"2026-05-07 19:47:54",0.78229,7,elchappo228
3369,15887097,RSLetícia,"2026-05-07 14:04:42",0.78229,1,rsletcia
3370,15889928,"Shreya Bharg","2026-05-07 20:06:00",0.78229,2,shreyabharg
3371,15890018,CamelleSukh,"2026-05-07 20:28:18",0.78229,3,camellesukh
3372,15890922,"Garv Jain #2","2026-05-07 22:07:40",0.78229,1,gjhereformlee
3373,15892795,matheus-hrm,"2026-05-08 03:36:48",0.78229,1,matheushrm
3374,15880609,jesuisjoyj,"2026-05-08 07:56:33",0.78229,7,jesuisjoyj
3375,15880606,"Jakyoung Lee","2026-05-08 07:57:16",0.78229,11,jakyounglee
3376,15730163,avatar123222,"2026-05-08 09:43:40",0.78229,4,avatar123222
3377,15885023,YuFengChangMian,"2026-05-08 10:00:32",0.78229,6,yufengchangmian
3378,15897221,Senoia17,"2026-05-08 14:13:44",0.78229,6,senoia17
3379,15899553,Kartikeya_Chauhan,"2026-05-09 09:37:29",0.78229,2,kartikeyachauhan2000
3380,13417893,solmit5577,"2026-05-08 17:49:33",0.78229,3,solmit5577
3381,12565345,Kyungkyuwon,"2026-05-09 00:58:37",0.78229,3,kyungkyuwon
3382,15895314,Peleclic,"2026-05-11 15:46:04",0.78229,4,peleclic
3383,15902861,"Ignat Baiko","2026-05-09 07:40:37",0.78229,5,ignatbaiko
3384,15908520,ezzzwork,"2026-05-09 09:51:46",0.78229,1,ezzzwork
3385,15909206,"Rushikesh Ingle","2026-05-09 11:02:19",0.78229,1,rushikeshingle
3386,15909646,"Süleyman Sadıqov","2026-05-09 11:42:39",0.78229,1,sleymansadqov
3387,15911244,Noxlip,"2026-05-09 14:39:29",0.78229,1,noxlip
3388,15886178,rst1907,"2026-05-09 14:41:21",0.78229,4,rst1907
3389,15909080,"Tomasz Toporowski","2026-05-11 22:49:58",0.78229,12,tomasztoporowski
3390,15820502,"Daniel Lepe","2026-05-09 19:05:30",0.78229,18,dlsoltero
3391,15914056,"Khánh Nguyễn #3","2026-05-09 21:52:03",0.78229,5,khanhgng
3392,15915356,"Christian Luiz","2026-05-10 05:42:07",0.78229,3,christianluiz2
3393,15916029,"Annabelle #5","2026-05-10 10:54:09",0.78229,6,annabelleeee
3394,15824996,"Imran Ghafoor","2026-05-10 07:00:50",0.78229,2,roboimmi
3395,15918760,Sanqiz,"2026-05-10 13:07:50",0.78229,3,sanqiz
3396,15872972,"Fabian Bahl","2026-05-10 14:00:44",0.78229,12,fabianbahl
3397,15872689,"Rumeysa Koç","2026-05-10 14:05:12",0.78229,8,rumeysakoc1
3398,15919432,"hao yang #2","2026-05-10 14:08:43",0.78229,1,haoyang789
3399,15919341,kamibaba,"2026-05-11 02:40:09",0.78229,10,kamibaba
3400,15872699,emreakbay0,"2026-05-10 17:38:42",0.78229,3,emreakbay0
3401,15921184,"Shivank Solanki","2026-05-10 18:10:07",0.78229,3,shivanksolanki
3402,15881734,毛糸123,"2026-05-11 00:49:20",0.78229,3,nt3900
3403,9177280,"Shiwei Ni","2026-05-11 00:31:55",0.78229,3,shiweini
3404,15594607,"Djeufack Kafack","2026-05-11 02:34:26",0.78229,5,djeufackkafack
3405,15923936,wei_mzx,"2026-05-11 04:58:27",0.78229,2,weimzx
3406,15924951,"Saku Ko","2026-05-12 14:04:50",0.78229,4,sakuko
3407,15925291,"Євгеній Довгуй","2026-05-11 08:26:46",0.78229,6,evheniidovhui
3408,15926248,"Alper Akçakoca","2026-05-12 11:13:48",0.78229,11,alperakakoca
3409,15847870,comet1126,"2026-05-11 11:02:37",0.78229,10,comet1126
3410,15664462,"temtrick harton","2026-05-12 06:57:29",0.78229,11,temtrickharton
3411,15918079,gebitu,"2026-05-11 11:52:17",0.78229,20,gebitu
3412,15928249,"Gayathri Jeyakumar","2026-05-11 13:29:53",0.78229,1,gayathrijeyakumar
3413,15929561,magamedtomo,"2026-05-11 15:23:34",0.78229,1,magamedtomo
3414,15930206,"Arfin Zohab","2026-05-11 16:46:45",0.78229,1,arfinzohab
3415,15879956,guanjablo,"2026-05-11 19:20:40",0.78229,6,guanjablo
3416,15931437,KorayW,"2026-05-11 20:27:59",0.78229,6,korayw
3417,15933508,Shooukie,"2026-05-12 12:55:07",0.78229,10,shooukie
3418,15925668,slei065,"2026-05-12 05:45:32",0.78229,6,leisizhe
3419,15933940,"qi zheng","2026-05-12 04:00:27",0.78229,1,qizheng2006
3420,15935342,"Bing Qiana","2026-05-12 06:06:14",0.78229,3,bingqiana
3421,15936533,kouchan,"2026-05-12 07:44:10",0.78229,1,kouchan0104
3422,15936703,KholopAnton,"2026-05-12 08:55:13",0.78229,3,kholopanton
3423,15937235,"atakan akgün","2026-05-12 09:37:52",0.78229,10,atakanakgn
3424,15937864,"hajji ismail","2026-05-12 12:06:31",0.78229,10,hajjiismail
3425,15911505,Jerrythepro,"2026-05-12 11:12:46",0.78229,24,jerrythepro
3426,15938341,sandro_167,"2026-05-12 12:04:11",0.78229,2,sandro167
3427,15937983,L_Ruixiin,"2026-05-12 12:32:36",0.78229,7,lruixiin
3428,15938540,"Ava Bakuie","2026-05-12 12:45:05",0.78229,7,avabakuie
3429,15938638,"Gül Kaya","2026-05-12 12:55:40",0.78229,2,glkaya
3430,15939396,"Melike S2","2026-05-12 14:19:11",0.78229,5,melikes2
3431,15895880,kkPrism,"2026-05-12 14:24:46",0.78229,12,kkprism
3432,15346627,"Pablo Morcillo Cuenca","2026-03-18 19:45:59",0.77990,6,pablomorcillocuenca
3433,15397119,"satheesh Sathish","2026-03-13 12:25:16",0.77990,1,satheeshsathish
3434,15397135,HAOLINHUANG,"2026-03-20 10:32:23",0.77990,4,haolinhuang123
3435,15397282,fsfsfsfss33,"2026-03-13 14:20:44",0.77990,10,fsfsfsfss33
3436,15397454,"Robert Gabriel Ciobanu","2026-03-13 13:43:55",0.77990,2,robertgabrielciobanu
3437,15398770,"CHERYL ZAMBRANO","2026-03-13 18:22:07",0.77990,4,cherylzambrano
3438,15398894,"Chia-Fan Hsu","2026-03-13 18:39:21",0.77990,1,chiafanhsu
3439,15399235,Mazeen16,"2026-03-13 20:57:34",0.77990,7,mazeen16
3440,15399329,"Axel Bolinder","2026-03-13 21:16:45",0.77990,6,axelbolinder
3441,15399655,"David Lima","2026-03-20 21:35:27",0.77990,5,davidolima
3442,13772001,accopo,"2026-03-14 01:45:51",0.77990,3,accopo
3443,15395089,ranrinrara,"2026-03-22 06:54:00",0.77990,10,ranrinrara
3444,15400130,Amberune20246052,"2026-03-14 04:11:27",0.77990,4,liujiayi20246052
3445,15400612,"Osho Muralidaran","2026-03-14 06:25:28",0.77990,2,oshomuralidaran
3446,15397394,AtsushiTanakaDSML,"2026-03-14 07:04:23",0.77990,3,atsushitanakadsml
3447,15383412,YaoCipher,"2026-03-14 06:46:53",0.77990,2,yaocipher
3448,15367156,"Jan Vincent G. Sebastian","2026-03-14 08:08:59",0.77990,10,janvincentgsebastian
3449,15401546,"Pranava ","2026-04-26 05:41:44",0.77990,2,pranava12
3450,15378482,DerekC223,"2026-03-14 12:25:06",0.77990,3,derekc223
3451,15401628,"Haojia Fan2252912","2026-03-14 12:42:56",0.77990,8,fanfranna
3452,15403042,"Rachel #14","2026-03-15 08:34:21",0.77990,6,rachelwennnn
3453,15403452,tanzinjayang,"2026-03-14 16:21:33",0.77990,1,jayangkee
3454,15403535,JosephSebastianL,"2026-03-14 18:06:44",0.77990,3,josephsebastianl
3455,15341415,"billy brotagonist","2026-03-14 20:13:43",0.77990,5,billybrotagonist
3456,15404315,"LIU Rongting","2026-03-17 15:20:18",0.77990,5,wmxzixz
3457,15405416,lamsTn,"2026-03-15 06:33:09",0.77990,1,lamstn
3458,15358543,BNBU_张释萱2330026217,"2026-03-15 08:16:12",0.77990,1,bnbu2330026217
3459,15405889,Shibuya2319,"2026-03-22 08:21:21",0.77990,3,shibuya2319
3460,15406467,fasdfasfsafdasgs,"2026-03-15 10:55:51",0.77990,6,somelikeyou
3461,15406517,loveispoison,"2026-03-15 15:19:27",0.77990,3,loveispoison
3462,15407363,"YANG Sangbin","2026-03-15 13:33:17",0.77990,1,yangsangbin
3463,15163378,"Chaturya Vardhan","2026-03-17 16:53:49",0.77990,10,chaturyavardhan
3464,15400460,Kaylee0912,"2026-03-15 15:14:46",0.77990,2,kaylee0912
3465,12807527,"alex chilton","2026-03-15 16:16:29",0.77990,1,alexchilton
3466,15408920,"Deepak Kushwaha","2026-03-15 19:32:44",0.77990,1,dkushwah
3467,15410281,isaac.ccy,"2026-03-16 02:09:17",0.77990,1,isaacccy
3468,15411062,Anna_DJT,"2026-03-16 06:27:44",0.77990,8,annadjt
3469,15115365,"Abhilash Bogavalli","2026-03-16 06:36:16",0.77990,1,abhilashbogavalli
3470,15352165,"Ronan BZH","2026-03-17 07:57:57",0.77990,18,ronanbzh
3471,15412276,"Lianbing Z","2026-03-17 12:31:42",0.77990,7,lianbingz
3472,15380401,"Νίκος Νταβανέλος","2026-03-16 10:39:56",0.77990,1,ntavas
3473,15413002,gowohu734809,"2026-03-16 11:15:53",0.77990,2,gowohu734809
3474,15411146,Haneko,"2026-03-16 12:22:09",0.77990,3,haneko
3475,15413458,"Sara Wang47","2026-03-16 12:37:50",0.77990,1,sarawang47
3476,15413511,"Takayama Hiroki","2026-03-16 12:47:49",0.77990,1,takayamahiroki
3477,15206230,"Felipe Matus","2026-03-17 07:46:00",0.77990,18,felipematus
3478,15413794,Steve169,"2026-03-16 14:21:36",0.77990,4,steve169
3479,15414100,"Pok Yin WOO","2026-03-16 14:23:31",0.77990,1,pokyinwoo
3480,15348638,"Kirst C","2026-03-16 16:50:48",0.77990,10,kirstc
3481,14964665,"Артём Васильев","2026-03-16 17:13:30",0.77990,4,nevasya
3482,15351436,yorch,"2026-03-16 19:07:45",0.77990,8,kkjasdkjo
3483,15415733,LiewJiaWen040613,"2026-03-16 19:17:11",0.77990,1,liewjiawen040613
3484,15415814,"Federico Torres E","2026-03-19 12:50:22",0.77990,3,federicotorrese
3485,15416748,"Roshin Abraham","2026-03-17 05:53:33",0.77990,10,roshinabrahamthomas
3486,15417648,LiShang_2252953,"2026-03-17 03:24:26",0.77990,1,baye2021
3487,15417741,"Jenish Paudel","2026-03-17 17:58:52",0.77990,6,amjenish
3488,15418084,"Shotaro Miyamoto","2026-03-18 10:08:50",0.77990,10,shotaromiyamoto
3489,15419456,"Kan Hsuan-hao","2026-03-17 08:38:44",0.77990,1,kanhsuanhao
3490,15402107,"Zhang Zhiyao","2026-03-17 08:50:06",0.77990,4,zzy220
3491,15419755,"Gi To TT","2026-03-17 09:22:10",0.77990,1,gitott
3492,15420600,MasashiKasei,"2026-03-17 11:33:45",0.77990,1,masashikasei
3493,15420643,"Richard Christian Uaje","2026-03-17 12:06:32",0.77990,10,richardchristianuaje
3494,15420785,"Chi Kong Yip Danny","2026-03-17 11:58:15",0.77990,1,chikongyipdanny
3495,15420958,"KY Chung","2026-03-17 12:23:49",0.77990,1,kychung
3496,15421138,"Ivan Zaty","2026-03-17 12:47:04",0.77990,1,ivanzaty
3497,15421248,"Владимир Трушин","2026-03-17 13:03:41",0.77990,1,tirnish
3498,15421617,zhoushuang1,"2026-03-17 13:53:29",0.77990,1,zhoushuang1
3499,15392658,"Đoàn Võ Việt Khôi","2026-03-17 17:21:31",0.77990,3,onvvitkhi
3500,15423588,"Vipul Verma","2026-03-17 17:50:20",0.77990,1,vip02aug
3501,15423735,"Axel Fernandes","2026-04-23 21:25:14",0.77990,2,axeljfernandes
3502,15361037,"Dion Peshtanaku","2026-04-03 17:55:47",0.77990,9,dionpeshtanaku
3503,15420004,"Sirius Siru","2026-03-17 18:47:32",0.77990,3,siriussiru
3504,15425697,"Luca Moretti","2026-03-17 21:55:32",0.77990,6,lucamoretti155
3505,15409459,"Bipin Lamichhane","2026-03-17 22:15:45",0.77990,3,bpnlmc
3506,15426236,zax13055,"2026-03-18 10:30:31",0.77990,3,zax13055
3507,15426363,Daniel_0422129,"2026-03-18 00:53:50",0.77990,3,daniel0422129
3508,15426771,"Rashielle Saldana - 0343540","2026-03-18 04:26:02",0.77990,1,raysh26
3509,15419019,"Kainat Nadeem Creates","2026-03-25 18:53:08",0.77990,4,kainatnadeemcreates
3510,15429435,"rohit nimbawat","2026-03-18 08:09:36",0.77990,4,rohitnimbawat
3511,15428933,"Ilya Vatlin","2026-03-18 10:08:44",0.77990,10,ilyavatlin
3512,15398650,"Justin Norvell","2026-03-18 20:59:51",0.77990,8,justinnorvell
3513,15405772,A1wing,"2026-03-23 08:50:48",0.77990,13,a1wing
3514,15240398,"Akith Liyanage","2026-03-18 16:52:38",0.77990,5,akithliyanage
3515,15435776,GNS100,"2026-03-18 21:55:17",0.77990,7,gns100
3516,15437733,"Aurel Bordewieck","2026-03-19 03:24:03",0.77990,6,aurelbordewieck
3517,15437741,"Ben Appleton","2026-03-19 03:20:27",0.77990,3,benappleton
3518,15429998,"Haohan Cui","2026-03-19 09:10:29",0.77990,5,haohancui
3519,15439385,"Hanbin Yim 0401619","2026-03-19 07:13:58",0.77990,2,hanbinyim0401619
3520,15440562,shacklesH,"2026-03-22 15:20:44",0.77990,2,shacklesh
3521,15440542,"Akbota Nurpeisova","2026-04-02 11:13:35",0.77990,8,akbotanurpeisova8
3522,15440420,tgsdvase,"2026-03-19 17:19:35",0.77990,10,tgsdvase
3523,14680635,Junreud,"2026-03-19 11:43:58",0.77990,1,junreud
3524,15443580,"Andrew Semchugov","2026-03-19 18:30:13",0.77990,10,suspect414212
3525,15442737,"Bao Tran #3","2026-03-19 18:50:31",0.77990,7,joebaotran12
3526,15440794,"Łukasz N","2026-03-25 10:21:51",0.77990,24,ukaszn
3527,15404404,"Андрей Забиякин","2026-03-20 07:40:27",0.77990,12,zbyakn
3528,15445045,"Alexey Kravtsov","2026-03-20 01:45:20",0.77990,3,alexeykravtsov
3529,15440551,edddielin,"2026-03-20 03:16:31",0.77990,6,edddielin
3530,15446028,wytyKen,"2026-03-20 03:30:35",0.77990,2,wytyken
3531,2511122,satonobu,"2026-03-21 00:36:49",0.77990,2,satonobu
3532,15403689,"Амина Султанбекова","2026-03-20 12:35:39",0.77990,17,aminka7
3533,14438776,"Priyapta Naufal","2026-03-20 15:20:29",0.77990,3,priyaptanaufal
3534,15450988,"Tuấn Anh #2","2026-03-20 15:33:15",0.77990,4,tuananh35
3535,15451550,"Roberto Albesiano","2026-03-20 19:07:14",0.77990,5,robertoalbesiano
3536,15448615,Stredovek,"2026-03-20 16:43:13",0.77990,10,stredovek
3537,15450387,"Mangu GnG","2026-03-20 16:53:11",0.77990,10,alshumarih
3538,15409437,"Katherine Mejía","2026-03-20 17:18:29",0.77990,4,katherinemeja
3539,15452654,"Giorgi Sulakvelidze","2026-03-20 19:24:22",0.77990,4,giorgisulakvelidze
3540,11822571,"Brian McClain #2","2026-05-07 20:25:39",0.77990,11,brianmmcclain
3541,15453920,"Ashish Ranjan #4","2026-03-20 23:36:22",0.77990,2,ashishrkarn
3542,15441138,ling1yun23,"2026-03-26 09:31:03",0.77990,3,ling1yun23
3543,15436206,"Alina Noor","2026-03-21 08:10:56",0.77990,8,aloonsballoons
3544,6257978,Enerhim,"2026-03-21 12:48:31",0.77990,12,enerhim
3545,13892051,"Al wan na","2026-03-21 14:18:16",0.77990,3,alwanna
3546,15460215,"Veronica Martinez","2026-03-21 23:44:49",0.77990,1,vmartinez831
3547,15400459,"Joshua Hua","2026-03-22 01:32:42",0.77990,9,joshuahua
3548,15460353,MatthewMyth,"2026-03-22 01:33:50",0.77990,3,matthewmyth
3549,15460668,yudong__wang,"2026-03-22 06:50:35",0.77990,6,yudongwangkk
3550,15351211,"Adel Zebiche","2026-03-22 16:40:33",0.77990,5,adelzebiche
3551,10745566,"Yazan Mash'Al","2026-03-22 10:47:36",0.77990,3,yazanmashal
3552,15462994,"Long Trần #2","2026-03-22 11:55:04",0.77990,8,longshiba
3553,14741169,"Wat Suu","2026-04-22 13:35:41",0.77990,7,watsuu
3554,15464114,tifhuan,"2026-03-22 13:51:13",0.77990,1,tifhuan
3555,15464278,"Kaloyan Stoyanov","2026-03-23 10:33:42",0.77990,5,kaloyanstoyanov
3556,15464281,"Yang Hanxing","2026-03-22 14:14:09",0.77990,1,yanghanxing
3557,15464141,"Vladislav Semin","2026-03-26 20:08:24",0.77990,8,vladislavsemin
3558,15464667,Luoli121,"2026-03-22 15:23:54",0.77990,1,luoli121
3559,15464742,"BNBU_Zhihao Chen","2026-03-22 15:41:55",0.77990,1,bnbuzhihaochen
3560,15464688,kaisa_caesar,"2026-03-22 16:02:23",0.77990,2,kaisacaesar
3561,15464859,Emson,"2026-03-22 16:59:04",0.77990,3,emsonmm
3562,15366330,XuanHuongPHP,"2026-03-22 17:01:49",0.77990,5,xuanhuongphp
3563,15366178,"Hồng Phát","2026-03-22 17:02:17",0.77990,1,phatphamhong
3564,15465778,"Tato Bechvaia","2026-03-22 20:48:51",0.77990,1,tatobechvaia
3565,15465857,"Елизавета Павшукова","2026-03-22 21:29:51",0.77990,1,pavshukovaelizaveta
3566,15465706,Marcurse,"2026-03-22 21:36:14",0.77990,10,marcurse
3567,15465912,"Vu mark","2026-03-22 21:37:54",0.77990,1,vumark
3568,15465942,isterikaa,"2026-03-22 21:52:59",0.77990,1,isterikaa
3569,15466112,Minejhü,"2026-03-22 23:04:47",0.77990,1,minejh
3570,15466121,LoanDev,"2026-03-22 23:15:12",0.77990,2,loandev
3571,15466219,"Jiwon Yu","2026-03-23 00:12:39",0.77990,7,johnyu221
3572,15466260,"Yuseung Jang ","2026-03-23 00:55:59",0.77990,10,yuseang
3573,15466357,"Wael ALHAJ YOUNES","2026-03-23 01:00:04",0.77990,6,waelalhajyounes
3574,15466231,smileman0505,"2026-03-23 01:14:42",0.77990,7,smileman0505
3575,15370902,"Alex Mit123","2026-03-23 04:03:07",0.77990,1,alexmit123
3576,15338263,"Ruta Bairasauskiene","2026-03-23 06:05:57",0.77990,2,rutabairasauskiene
3577,15468346,"Jiayi Zou","2026-03-26 08:39:13",0.77990,3,zoerer22
3578,15166865,"Ghaith Kammoun","2026-03-23 12:52:50",0.77990,1,ghaithkammoun
3579,14553261,"Tan Doan","2026-03-23 13:48:04",0.77990,1,ttandoan
3580,15470038,zhengmiany,"2026-03-24 08:19:20",0.77990,8,zhengmiany
3581,15471090,"Aaro Korpela","2026-03-23 14:27:17",0.77990,1,aarokorpela
3582,15168713,ConfIA,"2026-03-30 22:57:43",0.77990,35,"martnhayek32,milenaalbn,nicolasesquetini,xavierproao"
3583,15474525,daomei-ai,"2026-03-24 06:39:27",0.77990,3,daomeiai
3584,15475062,"Julia Procópio Monteiro","2026-03-24 17:42:31",0.77990,6,juliaprocpiomonteiro
3585,15475688,"Dipen Parmar123","2026-03-24 04:32:36",0.77990,1,dipenparmar123
3586,15476282,Zhouzchen,"2026-03-24 06:23:11",0.77990,2,zhouzchen
3587,15476426,"KANISH YATHRA RAJ","2026-03-24 06:54:19",0.77990,2,kanishyathraraj
3588,11367823,"Danny #13","2026-03-24 08:20:49",0.77990,2,nangaparbat
3589,15374436,UwuFlames,"2026-03-24 16:07:01",0.77990,6,uwuflames
3590,15477256,Collector,"2026-03-24 09:03:35",0.77990,1,iliyasshaizada
3591,15478725,"yuxia kami","2026-03-24 13:32:40",0.77990,1,yuxiakami
3592,5482148,"Ricardo M. Rodríguez","2026-03-24 14:44:54",0.77990,3,ricardomrodrguez
3593,15372629,"Smile V2.0","2026-03-26 05:15:13",0.77990,10,smilev20
3594,15463015,"hsun yen wu","2026-03-24 16:35:36",0.77990,20,hsunyenwu
3595,15480091,"Israel Ebiloma","2026-03-24 17:31:17",0.77990,1,ebilomaisrael
3596,15480381,"Rodrigo Guia","2026-03-24 19:03:23",0.77990,4,rodrigoguia
3597,15483299,"Toàn Huỳnh Chí","2026-03-25 08:30:55",0.77990,2,tonhuhci
3598,15484123,"Gergana Tyaneva","2026-03-25 11:59:31",0.77990,3,gerganatyaneva
3599,15484585,"Jérôme LE GAL","2026-03-25 12:08:44",0.77990,1,jrmelegal
3600,15401989,"Viktoryia Michaeli","2026-03-27 10:31:21",0.77990,5,viktoryiamichaeli
3601,15485234,Yuki0853,"2026-04-05 22:00:27",0.77990,6,yuki0853
3602,15485188,"Jaloliddin Choriyev","2026-03-26 06:01:59",0.77990,12,jaloliddinchoriyev
3603,15485268,"Vedant Shelke","2026-03-26 11:45:20",0.77990,3,vedant0928
3604,15486152,"Yasuko Akimoto","2026-03-25 16:15:44",0.77990,4,yasukoakimoto
3605,13769151,"Rob Schieber","2026-03-26 18:59:19",0.77990,6,robschieber
3606,15488069,"Vishavjeet Singh Chauhan","2026-03-25 22:05:46",0.77990,1,vishavjee0808
3607,15488331,Venom_337,"2026-03-25 23:17:41",0.77990,2,venom337
3608,15489901,"Devashish #3","2026-03-26 01:39:01",0.77990,1,devashish001
3609,15484816,"Fedor Michalych","2026-03-26 15:08:38",0.77990,12,fedormichalych
3610,15263711,"Emre Zorlu","2026-03-26 05:36:14",0.77990,14,emrezorlu1239
3611,15492941,celina77,"2026-03-26 08:25:58",0.77990,1,celina77
3612,15493058,matatutu,"2026-03-26 08:40:56",0.77990,1,matatutu
3613,15447678,"feng sui","2026-03-26 12:05:10",0.77990,6,fullmagic
3614,15493439,Bism,"2026-03-26 14:10:49",0.77990,5,bism01
3615,15495473,"Dmitry Lyutsko","2026-03-26 15:32:07",0.77990,6,dmitrylyutsko
3616,15496067,"Alessandro Esposito","2026-03-26 16:09:22",0.77990,1,pepecit03
3617,15496218,Akanksha@230304,"2026-03-26 16:58:46",0.77990,3,akanksha230304
3618,15498328,"Wuren Tan","2026-03-27 00:41:48",0.77990,2,wurentan
3619,15499479,"Amina Qazi","2026-03-27 04:37:19",0.77990,1,aminaqazi
3620,15499540,"Levon Grigoryan","2026-03-27 04:56:52",0.77990,2,levongrigoryan
3621,15481900,睡到自然醒,"2026-03-27 07:01:34",0.77990,2,yching17
3622,15485717,"Tanvi Kolhapuri","2026-04-04 11:40:38",0.77990,9,tanvikolhapuri
3623,15496617,"Miguel Palmaojpnpn","2026-03-27 11:52:00",0.77990,4,miguelpalmaojpnpn
3624,15501424,"TÚ NGUYỄN HOÀNG 123","2026-03-27 11:48:22",0.77990,5,tnguynhong123
3625,15497140,BorFutures,"2026-03-29 17:18:37",0.77990,17,borfutures
3626,15481961,c113403038,"2026-03-27 12:44:34",0.77990,3,c113403038
3627,15502398,"Emerson Assis (Ab)","2026-03-27 13:39:25",0.77990,1,emersonassisab
3628,15481917,BearYi,"2026-03-27 14:06:00",0.77990,2,bearyi
3629,15502769,"Purnima Prajapati","2026-03-27 14:34:49",0.77990,1,purnimaprajapati
3630,15496383,"Youssef Abdelrahim","2026-03-27 16:36:44",0.77990,2,youssefabdelrahim
3631,15503313,nokopter,"2026-03-27 20:00:35",0.77990,4,nokopter
3632,15504165,"Violita Karina Putri","2026-03-28 04:36:28",0.77990,4,violitakarina
3633,15335136,"Rick Binkley","2026-04-19 23:12:45",0.77990,16,rickbinkley
3634,15056071,ohihi7,"2026-04-04 10:04:48",0.77990,18,ohihi7
3635,15085315,Rora_liu,"2026-03-28 07:17:04",0.77990,1,roraliu
3636,15507261,"Mikhail Zhabin","2026-03-28 12:53:38",0.77990,7,mihamag
3637,15508351,nmkhang07,"2026-03-28 16:04:34",0.77990,1,nmkhang07
3638,15508632,"Rayhan Fuentes","2026-03-28 18:26:23",0.77990,8,rayhanfuentes
3639,15509032,Vika251,"2026-03-28 19:19:23",0.77990,3,vika251
3640,15039343,"Jatin Chunbuk","2026-03-29 03:06:08",0.77990,3,jatinchunbuk
3641,14373570,"Youssef Ahmed #3","2026-03-29 07:01:38",0.77990,1,ysfa7md
3642,15508488,"Konstantin Sukora","2026-03-29 07:56:15",0.77990,3,konstantinsukora
3643,15510751,wxkj99,"2026-03-29 08:30:38",0.77990,2,wxkj99
3644,15510592,elysia616,"2026-03-29 08:59:40",0.77990,2,elysia616
3645,15511384,"Xianbin Zhu","2026-03-29 10:07:41",0.77990,7,xianbinzhu
3646,10396686,"Jaques Gillis","2026-03-29 09:40:49",0.77990,3,jaquesgillis
3647,15511734,"Uladzislau Sniahurski","2026-03-29 10:21:09",0.77990,1,uladzislausniahurski
3648,15507871,"Alice Ford","2026-03-29 13:56:08",0.77990,3,aliceford1
3649,15513464,"The sun rises in the east","2026-03-29 16:13:58",0.77990,3,thesunrisesintheeast
3650,15513924,ArseniyGlushkov,"2026-03-29 18:46:25",0.77990,4,arseniyglushkov
3651,605141,haleem,"2026-03-29 20:33:51",0.77990,4,haleem
3652,15514564,"yuanpeng yang","2026-03-29 21:36:14",0.77990,1,yuanpengy
3653,15514717,Eternallx,"2026-03-29 23:09:47",0.77990,1,eternallx
3654,15168710,"Data Brothers","2026-04-01 23:16:44",0.77990,18,"alejandrocadenatr,dimitrigordon,saidnaranjo"
3655,15513625,"Vinaykarthik V","2026-03-30 03:11:36",0.77990,5,vinaykarthikv
3656,15515505,Samcum,"2026-03-30 03:55:51",0.77990,10,samencukm
3657,15516588,"Md. Shaon Khan","2026-03-30 07:40:00",0.77990,2,mdshaonkhan
3658,15137961,"Franklin mount","2026-03-30 11:24:32",0.77990,1,franklinmount
3659,15492290,"sonal v more","2026-04-03 09:36:25",0.77990,11,sonalvmore
3660,15518244,SaturnBolt,"2026-03-30 13:00:09",0.77990,2,saturnbolt
3661,15502844,marvinlee,"2026-03-30 13:23:56",0.77990,3,marvinlee11235
3662,15482940,hayayaha1,"2026-03-30 13:36:43",0.77990,3,hayayaha1
3663,15518494,"A.I Instaraj ","2026-03-30 13:37:06",0.77990,1,aiinstaraj
3664,15519045,"Алексей Косухин","2026-03-30 15:18:18",0.77990,1,alexkoshin
3665,15519761,"Kahel Estrada","2026-03-30 17:22:49",0.77990,1,kahelestrada
3666,15315841,"Кирилл Ермишин","2026-04-01 07:49:54",0.77990,10,volchok228
3667,15520194,prapproved,"2026-03-30 18:45:21",0.77990,1,prapproved
3668,15522247,frimley,"2026-03-31 04:41:55",0.77990,1,frimley
3669,15522416,"Tuấn Lĩnh","2026-03-31 10:07:58",0.77990,2,tunlnh
3670,15520241,"Rajeev Sharma #3","2026-03-31 06:50:25",0.77990,5,rajeevsharma137
3671,15522939,ksks12345678,"2026-03-31 07:04:27",0.77990,1,ksks12345678
3672,15523095,"Rawad Sakr","2026-03-31 08:22:16",0.77990,10,rawadsakr
3673,15523502,rm3_440,"2026-03-31 14:43:21",0.77990,2,rm3440
3674,15035220,"issaka joel NABDA","2026-03-31 11:45:58",0.77990,1,issakajoelnabda
3675,15524451,"ahmad anbarji 1","2026-03-31 16:28:06",0.77990,5,ahmadanbarji1
3676,15524535,ParamBhatt00,"2026-03-31 12:45:56",0.77990,1,parambhatt00
3677,15510568,十指小鱼,"2026-03-31 13:19:29",0.77990,11,yuriyao
3678,15513376,tagooc,"2026-03-31 14:26:24",0.77990,10,tagooc
3679,15525470,"Charlene Athena","2026-04-10 14:22:42",0.77990,2,charleneathena
3680,15525640,Muhammad_Samir_013,"2026-03-31 16:17:22",0.77990,2,muhammadsamir013
3681,15525683,"Madhusudhan Chandar","2026-03-31 16:32:21",0.77990,3,madhusudhanchandar
3682,15524583,"Felipe Tcach","2026-03-31 17:26:31",0.77990,3,felipetcach
3683,15526415,"Sebastian Madrid","2026-03-31 22:51:45",0.77990,6,loquee18
3684,15526698,Ipp0lit,"2026-03-31 20:20:44",0.77990,1,ipp0lit
3685,15528221,"John Deaconzz","2026-04-01 06:36:46",0.77990,2,johndeaconzz
3686,15528352,"Souhardya Majumder","2026-04-01 04:53:41",0.77990,1,souhardyamajumder
3687,15532361,AndresGT_Master_Teleco,"2026-04-01 17:12:02",0.77990,1,andresgtmasterteleco
3688,15526410,"Taimer Bouraoui","2026-04-02 20:36:03",0.77990,16,taimerbouraoui
3689,14093147,"Oleksandr Burtyn","2026-04-01 22:46:29",0.77990,1,oleksandrburtyn
3690,15534947,Hey樂樂1024,"2026-04-02 01:45:42",0.77990,6,hey1024
3691,15534998,cookieo,"2026-04-07 03:20:54",0.77990,17,cookieo
3692,15528163,Glycoking,"2026-04-05 13:27:48",0.77990,16,glycoking
3693,15535630,"Mike Jordan666","2026-04-02 03:10:05",0.77990,1,mikejordan666
3694,15535310,郑Eric,"2026-04-02 07:07:02",0.77990,10,eric20262
3695,14064229,"mengzhe zhang","2026-04-02 10:29:03",0.77990,1,mengzhezhang0110
3696,11719484,"LeaBing Pan","2026-04-02 14:24:13",0.77990,1,leabingpan
3697,15432344,"kopiQ 67","2026-04-02 18:42:04",0.77990,5,michaelralphestrada
3698,15544599,BaibhabKarmakar@123,"2026-04-03 08:06:27",0.77990,8,baibhabkarmakar123
3699,15544937,LeoAguileraa,"2026-04-03 07:27:39",0.77990,1,leoaguileraa
3700,15545075,"Вячеслав Ерохин","2026-04-03 07:39:26",0.77990,1,darvin34
3701,15546450,"Natalija Matyjaškoit","2026-04-03 12:06:30",0.77990,2,natalijamatyjakoit
3702,11196109,penpen_kanaria,"2026-04-03 13:56:54",0.77990,4,penpenkanaria
3703,15538946,快斗黑羽,"2026-04-03 14:17:53",0.77990,7,heiyukuaidou
3704,15548730,"daniel morreale","2026-04-03 15:21:01",0.77990,1,danielmorreale
3705,15549273,"Oussema Kirmani","2026-04-03 17:04:11",0.77990,7,oussemakirmani
3706,15549473,"Sina Bakhtiari #2","2026-04-03 17:17:04",0.77990,2,sinabakh
3707,15550006,"Paulo Nunes Rocha","2026-04-03 19:30:57",0.77990,2,paulonunesrocha
3708,15551067,"Ivan Espinal","2026-04-04 05:31:26",0.77990,9,ivanespinal
3709,9599848,"Zain Ridzuan","2026-04-04 00:26:42",0.77990,3,zainridzuan
3710,15553287,"Omer Raveh","2026-04-04 09:07:06",0.77990,2,georgeconey
3711,15552140,"Feng Fu 911108","2026-04-16 06:47:08",0.77990,6,fengfu911108
3712,15554270,Liinnnnnnnn,"2026-04-04 13:12:31",0.77990,4,liinnnnnnnn
3713,15554714,Rafael135Leonardo,"2026-04-04 14:27:51",0.77990,3,rafael135leonardo
3714,14324732,酒井優音,"2026-04-04 16:19:28",0.77990,1,yutorobo1202
3715,15555314,"酒井優音 #2","2026-04-04 16:23:02",0.77990,1,yutosakaisakai
3716,15555385,"Bo Doi Hoc AI","2026-04-28 02:23:09",0.77990,5,bodoihocai
3717,15556156,"Nasir Nesirli","2026-04-04 20:01:56",0.77990,1,nesirli1
3718,7090618,"Sergi Bas","2026-04-04 22:19:58",0.77990,3,sergibas
3719,15556678,"Takashi Kitayama","2026-04-05 02:24:34",0.77990,3,takashikitayama
3720,15557183,"Lilian Ku","2026-04-05 04:49:48",0.77990,2,lilianku
3721,15558392,"Jiajun Li","2026-04-08 18:40:50",0.77990,2,jiajunli001
3722,15515162,FanLongfei,"2026-04-08 08:50:56",0.77990,16,fanlongfei
3723,15555902,"Irene Liu11","2026-04-05 13:38:19",0.77990,7,ireneliu11
3724,15558995,"Mohamed Hisham #3","2026-04-05 11:12:34",0.77990,1,mhiiisham
3725,15559079,"Steven Hosea Santoso ","2026-04-05 12:58:03",0.77990,3,stevenhoseasantoso
3726,15559352,"Minh Hoang #4","2026-04-05 12:43:55",0.77990,1,minhhoangg205
3727,15560764,"Euge Lit","2026-04-05 18:21:21",0.77990,1,eugelit
3728,15481208,"Mani SKu","2026-04-26 21:49:56",0.77990,6,manisku
3729,15551763,"Lars Henrik Hafstad Karlsson","2026-04-06 01:45:37",0.77990,5,lassehkarlsson
3730,15562320,shohan35,"2026-04-06 02:52:19",0.77990,1,shohan35
3731,15562499,"Abhiram malyala","2026-04-06 04:30:10",0.77990,10,abhirammalyala
3732,15562133,Nafikir,"2026-04-14 03:43:23",0.77990,4,nafikir
3733,15532291,AlexaElf,"2026-04-07 22:44:13",0.77990,57,alexaelf
3734,15562269,lucaskeepit100,"2026-04-06 09:49:53",0.77990,10,lucaskeepit100
3735,15564572,chengmoxiyu,"2026-04-06 12:11:19",0.77990,3,chengmoxiyu
3736,15564271,"Jirapat Chiengdumri","2026-05-04 14:23:52",0.77990,20,jcsit352
3737,15565223,"Gorkem Cetinkaya","2026-04-07 11:15:58",0.77990,7,cetinkayagorkem
3738,14542843,"Abdallah Mohamud","2026-04-06 14:15:26",0.77990,3,abdallahmohamud
3739,15334873,"Eliott Lambert","2026-04-07 06:23:53",0.77990,16,eliottlambert
3740,15568662,wjarit,"2026-04-09 03:46:24",0.77990,3,wjarit
3741,15568873,Ryder875,"2026-04-07 05:45:25",0.77990,1,ryder875
3742,15568781,"Aowei Ling","2026-04-07 05:50:49",0.77990,5,aoweiling
3743,15569128,ohmanbo,"2026-04-07 06:33:26",0.77990,1,ohmanbo
3744,15569246,IEEM26_111021120,"2026-04-07 07:40:20",0.77990,6,eewang2004
3745,15569487,IEEM26_112034001,"2026-04-07 07:50:58",0.77990,2,ieem27112034001
3746,15569369,IEEM26_112034045,"2026-04-07 08:40:47",0.77990,5,cynthiachiucyt
3747,15569951,IEEM26_112034034,"2026-04-07 08:55:43",0.77990,1,josephyunchiao
3748,15570205,s1234,"2026-04-07 09:57:42",0.77990,3,ssssylvie
3749,15570311,IEEM26_112034033,"2026-04-07 09:59:28",0.77990,2,s112034033
3750,15570315,IEEM26_112034052,"2026-04-18 05:40:50",0.77990,4,sylvie23
3751,15569784,IEEM26_112034011,"2026-04-07 10:30:51",0.77990,5,eaglechiu
3752,15570086,MaleevaAN,"2026-04-07 11:27:55",0.77990,5,maleevaan
3753,15570623,IEEM26_112034032,"2026-04-07 11:35:12",0.77990,3,ieem26112034032
3754,15570601,WAZADOGDOING,"2026-04-07 11:50:33",0.77990,6,wazadogdoing
3755,15570462,IEEM26_112030027,"2026-04-07 11:53:07",0.77990,3,ieem26112030027
3756,15570330,IEEM26_112034031,"2026-04-07 12:50:04",0.77990,7,thomas940828
3757,15571150,"Wiktor Biesiadecki","2026-04-07 13:13:51",0.77990,3,wiktorbiesiadecki
3758,15571403,Haleut,"2026-04-07 13:44:56",0.77990,2,haleut
3759,15571397,humorike,"2026-04-07 13:55:51",0.77990,1,humorike
3760,15571386,monkeeeeeeeeeeeeeee,"2026-04-07 14:24:48",0.77990,1,monkeeeeeeeeeeeeeee
3761,15571599,avery1128,"2026-04-07 14:31:14",0.77990,3,avery1128
3762,15571553,IEEM26_111000226,"2026-04-07 14:38:04",0.77990,2,nthu111000226
3763,15570618,IEEM26_112034021,"2026-04-07 14:44:53",0.77990,4,acupwow
3764,15571587,IEEM26_111030027,"2026-04-07 14:52:58",0.77990,4,chengssuyu
3765,15569462,IEEM26_112034012,"2026-04-07 15:02:29",0.77990,7,stevenkuo1025
3766,14915378,"Marc Saint-Félix","2026-04-08 16:02:18",0.77990,12,marchenrysaintfelix
3767,15574321,"Paulo Contreras","2026-04-14 18:02:10",0.77990,2,paulocontreras
3768,15574737,"Ethan Yong #2","2026-04-08 08:02:56",0.77990,8,ethanyongggg
3769,15563807,113034552,"2026-04-08 05:11:39",0.77990,6,qantony5
3770,15575093,wzhuanghh,"2026-04-08 05:23:07",0.77990,1,wzhuanghh
3771,15575081,"26A4041166_Trần Tuấn Đạt","2026-04-09 04:08:25",0.77990,6,tunttrn
3772,15576347,"ria alt","2026-04-08 09:20:12",0.77990,1,riaalt
3773,15576957,ohaloa,"2026-04-08 11:19:04",0.77990,1,ohaloa
3774,15577313,"Anuar Khan","2026-04-08 12:42:17",0.77990,3,anuarkhan
3775,15578818,"Chuan-Wei Tung (董全緯-Jeff)","2026-04-08 17:06:40",0.77990,1,chuanweitungjeff
3776,15567286,"Preston R Silva","2026-04-08 20:06:52",0.77990,19,prestonrsilva
3777,15567361,Alijah1,"2026-04-08 20:20:43",0.77990,6,alijah1
3778,15578367,"Jenniffer Roa Lozano","2026-04-08 20:21:17",0.77990,5,jennifferroalozano
3779,15298725,"Jatin Karma","2026-04-09 07:24:12",0.77990,1,jatinkarma
3780,15582609,"dazhi jiang","2026-04-09 08:37:39",0.77990,10,dazhijiang
3781,15582849,"Prerna Gade","2026-04-09 08:24:39",0.77990,1,prernagade2002
3782,15585102,eemrt21,"2026-04-09 15:11:38",0.77990,1,eemrt21
3783,15585331,"Han Tianrui","2026-04-09 16:08:41",0.77990,3,hantianrui
3784,14406593,"Linda Szekeres","2026-04-11 12:53:17",0.77990,3,lindaszekeres
3785,15585807,"Hohin WANG","2026-04-11 16:40:21",0.77990,17,hohinwang
3786,15586113,"Monika Dufková","2026-04-09 21:51:04",0.77990,6,monikadufkov
3787,15586874,pranukaggle,"2026-04-09 23:22:49",0.77990,6,pranukaggle
3788,14794385,"JKLEE #2","2026-04-10 03:53:21",0.77990,3,jkleescp
3789,15587952,"nas sang","2026-04-10 05:15:20",0.77990,9,nassang
3790,15588556,"MD SALMAN A","2026-04-10 06:52:02",0.77990,3,mdsalmana
3791,15036147,Ajfal,"2026-04-10 14:43:51",0.77990,2,wolverinedemodog
3792,15590959,djsdfff,"2026-04-10 17:00:17",0.77990,4,djsdfff
3793,15591296,"Valour Okey-Ewurum","2026-04-10 15:55:46",0.77990,2,valourokeyewurum
3794,14844760,"Nihal l.suvarna","2026-04-11 09:59:16",0.77990,8,nihallsuvarna
3795,15591923,Katouuu,"2026-04-15 01:30:31",0.77990,8,katouuu
3796,15589165,"Arthur SOUPIRON","2026-04-11 17:45:49",0.77990,8,arthursoupiron
3797,15593400,"roman mammadov","2026-04-11 02:29:40",0.77990,10,romanmammadov
3798,15593216,"KyJahmy Phillip","2026-04-11 01:13:25",0.77990,3,kyjahmyphillip
3799,15594649,thddud,"2026-04-11 05:43:24",0.77990,1,thddud
3800,15595561,LMHXTS,"2026-04-11 07:47:52",0.77990,1,lmhxts
3801,15595548,Khaizurannn___,"2026-04-11 07:59:27",0.77990,2,khaizurannn
3802,15593422,"Igor Semeniuk","2026-04-11 13:53:21",0.77990,3,igorsemeniuk
3803,15597756,Cruikshank,"2026-04-15 07:35:25",0.77990,2,cruikshank
3804,15559000,HiTab,"2026-04-11 14:49:59",0.77990,3,tab9hiroki
3805,4257676,"Allen Job","2026-04-11 15:45:54",0.77990,10,allenjob
3806,15597919,"Глеб ","2026-04-11 15:28:15",0.77990,7,lispamp
3807,6950816,"Tawfeeq Hasan Khan","2026-04-11 16:42:08",0.77990,1,tawfeeq0404
3808,15512802,Udinnn123,"2026-04-11 17:37:31",0.77990,26,udinnn123
3809,15599613,"Lance Etchison","2026-04-11 22:03:57",0.77990,2,lanceetchison
3810,15595810,hqz100,"2026-04-16 01:36:24",0.77990,7,hqz100
3811,15393608,"Michel Kahale","2026-04-13 19:30:23",0.77990,8,michelkahale
3812,15582842,turingai42,"2026-04-12 08:48:53",0.77990,6,turingai42
3813,15602740,"Fynn Han","2026-04-12 14:21:24",0.77990,5,fynnhan
3814,15602982,"Masaru Itoh","2026-04-12 14:00:59",0.77990,2,masaruitoh
3815,15603002,VVolfire,"2026-04-12 13:34:17",0.77990,1,vvolfire
3816,15604430,Redysmio,"2026-04-12 18:54:37",0.77990,5,redysmio
3817,15604559,"gilbert zuarez","2026-04-12 18:52:56",0.77990,1,gilbertzuarez
3818,15512642,gygluc,"2026-04-13 10:37:48",0.77990,29,gygluc
3819,15605399,Sunflower25,"2026-04-12 23:45:25",0.77990,1,sunflower25
3820,15606024,"merc wang","2026-04-20 03:43:56",0.77990,7,mercwang
3821,15606213,"Jacob Liver","2026-04-13 03:35:18",0.77990,1,jacobliver
3822,15606473,iamminseo,"2026-04-13 12:56:39",0.77990,4,iamminseo
3823,15607479,"shaiban sufi","2026-04-13 09:51:17",0.77990,10,shaibansufi
3824,15544587,n_m3107iurj,"2026-04-13 09:34:58",0.77990,13,nm3107iurj
3825,15576238,haohaoying,"2026-04-13 10:39:16",0.77990,2,haohaoying
3826,15524195,"Bogdan Gavrilov","2026-04-13 13:21:28",0.77990,7,bogdangavrilov
3827,15571952,RyoSketchbook2007,"2026-04-13 13:46:47",0.77990,7,ryosketchbook2007
3828,15610609,"VENKATA SAI GUMMADELLI","2026-04-13 17:25:04",0.77990,1,venkatasaigummadelli
3829,15371708,HOOOUUUU,"2026-04-14 03:15:51",0.77990,10,hooouuuu
3830,15424887,"Kayvon Ghashghai","2026-04-14 15:18:57",0.77990,5,kayvonghashghai
3831,15613953,"Taotao Cai","2026-04-14 07:42:30",0.77990,3,taotaocai419
3832,15614637,Sterben0926,"2026-04-22 07:13:37",0.77990,7,sterben0926
3833,15282989,"Sho Taka627","2026-05-05 12:53:23",0.77990,27,shotaka627
3834,15616336,"Olamilekan Akintilebo","2026-04-14 14:53:28",0.77990,1,olamilekanakintilebo
3835,15601792,"Jashwanthi Vemula","2026-04-14 17:13:35",0.77990,3,jashwanthivemula
3836,15617468,Marie_Carcel,"2026-04-29 22:30:25",0.77990,12,mariecarcel
3837,15619565,Enkhriimaa.E,"2026-04-15 06:35:38",0.77990,2,enkhriimaae
3838,15619525,Liaxiaocao,"2026-04-15 07:11:15",0.77990,10,liaxiaocao
3839,15620229,"Altis Lin","2026-04-15 08:23:49",0.77990,1,altislin
3840,15620735,"Fernando Alzueta","2026-05-06 07:41:11",0.77990,12,fernandoalzueta
3841,14668916,hunkue,"2026-04-15 09:26:39",0.77990,1,hunkue
3842,15622439,"SIBISHREE M","2026-04-15 13:14:17",0.77990,2,sibishreem
3843,15618009,"Nima Nasiri Lyft","2026-04-15 18:02:29",0.77990,6,nimanasirilyft
3844,15623798,"Xiaohe Jiang","2026-04-15 18:14:43",0.77990,2,xiaohejiang001
3845,15598883,"Md Fahad Al Faisal","2026-04-15 22:26:37",0.77990,13,mdfahadalfaisal
3846,15625166,"maram abdallah","2026-04-18 21:15:33",0.77990,21,maramabdallah
3847,15627566,"AFZAL JAMAL","2026-04-16 05:38:34",0.77990,1,afzaljamal
3848,15628424,"Серафима Волкова","2026-04-16 07:04:20",0.77990,1,serafimaloisen
3849,15623898,"Pranjal Tiwari #2","2026-04-16 07:32:38",0.77990,3,prnjl30
3850,15629539,"Medhansh Sharma","2026-04-16 09:46:15",0.77990,4,medhu0505
3851,15629756,"Ken Chen #3","2026-04-16 09:58:34",0.77990,1,kenchen314
3852,15629610,"mw ecj","2026-04-20 10:33:11",0.77990,5,meiweierchangjiang
3853,15620819,"silky shine","2026-04-16 10:28:12",0.77990,7,silkyshine
3854,12124465,"LIAO CHI HEI","2026-04-16 22:58:01",0.77990,4,fattt892
3855,15631813,"Yannis Fontaine","2026-04-16 15:06:55",0.77990,2,yannisfontaine
3856,15631787,"Ethan Hinton #2","2026-04-16 20:28:47",0.77990,3,ehintonmastec
3857,15635759,gio_t4_ai,"2026-04-17 06:51:31",0.77990,2,giot4ai
3858,15635787,"Lee Yu Zhen","2026-04-17 06:45:38",0.77990,5,liyujn
3859,15635909,MUKADE0322,"2026-04-17 06:35:30",0.77990,1,mukade0322
3860,15635939,"Chi Lin #2","2026-04-17 06:38:20",0.77990,1,chilin0702
3861,15635758,Bond,"2026-04-17 06:42:06",0.77990,4,dogbondforger
3862,15635996,"YOU,JUN-FENG","2026-04-17 06:42:59",0.77990,1,youjunfeng
3863,15636036,"Chang Sheng Hung","2026-04-17 06:48:09",0.77990,1,changshenghung
3864,15636038,Nanairosymphony,"2026-04-17 06:48:29",0.77990,1,nanairosymphony
3865,15636721,"Stack Orbit","2026-04-17 08:53:32",0.77990,4,stackorbit
3866,15625953,baolong667,"2026-04-17 09:31:58",0.77990,3,baolong667
3867,15636629,"Norman Rebet","2026-04-17 09:39:29",0.77990,9,normanrebet
3868,15637443,"Wei Jun Song","2026-04-17 11:21:54",0.77990,5,weijunsong
3869,15640440,"Debojyoti Basu","2026-04-17 18:15:01",0.77990,1,debojyoti29basu
3870,15640505,TCoding,"2026-04-17 18:55:02",0.77990,4,tcoding
3871,5032726,"Dariusz Put","2026-05-09 10:17:02",0.77990,9,dariuszput
3872,15641187,"Vilma Reyes","2026-04-17 20:55:14",0.77990,1,vilmareyes1968
3873,15579175,"Rochelle Joseph","2026-04-18 07:26:18",0.77990,11,rochellejoseph
3874,15640577,"Kateryna Marushchak","2026-04-18 15:11:39",0.77990,5,katiamarushchak
3875,6616376,"Konrad Marciniak","2026-04-18 10:48:51",0.77990,2,kerinj
3876,15644674,Krejgi,"2026-04-18 10:48:57",0.77990,2,krejgi
3877,15559864,"26. Bùi Nguyễn Quỳnh Như","2026-04-18 14:36:29",0.77990,17,nhubui9889
3878,15645737,KamilWwww,"2026-04-18 14:08:15",0.77990,2,kamilwwww
3879,15645731,"Gnarly Hills","2026-04-18 14:08:30",0.77990,2,gnarlyhills
3880,15645745,"Sebastian Jaskiernik","2026-04-18 14:09:06",0.77990,2,sebastianjaskiernik
3881,15646603,NakaYuki1234,"2026-04-18 15:38:49",0.77990,1,nakayuki1234
3882,15647005,eternallegion,"2026-04-18 16:43:33",0.77990,1,eternallegion
3883,15647727,"Bryan Emer","2026-04-18 19:07:09",0.77990,1,bryanemer
3884,15647770,Jefferson_Naves,"2026-04-18 19:53:24",0.77990,4,jeffersonnaves
3885,15648234,百合かもめ,"2026-04-19 01:00:55",0.77990,12,yurikamome8160
3886,15649696,小山佳祐,"2026-04-19 06:14:58",0.77990,2,keisukedev
3887,15650280,gzh2026,"2026-04-19 08:24:05",0.77990,5,gzh2026
3888,15621965,"Ahmad Alrumaih","2026-04-19 08:43:31",0.77990,6,ahmadalrumaih
3889,15613704,"Yazid MFS","2026-04-19 10:25:22",0.77990,5,yazidmfs
3890,15651707,txiaotang,"2026-04-19 12:38:50",0.77990,1,txiaotang
3891,11649425,Seabird0225,"2026-04-19 13:06:25",0.77990,1,seabird0225
3892,15652113,Sunit1415,"2026-04-19 13:55:01",0.77990,1,sunit1415
3893,15653221,"Nelson Teja","2026-04-22 07:23:03",0.77990,4,nelsonteja
3894,15598985,"Ivan Plisyakov","2026-04-19 21:26:38",0.77990,5,ivanplisyakov
3895,3103305,"Asim Islam","2026-04-20 02:39:46",0.77990,8,asimislam
3896,15655318,"Fiola Shakira","2026-04-20 02:57:00",0.77990,1,fiolashakira
3897,15173471,Sugar1178,"2026-04-20 08:41:55",0.77990,1,sugar1178
3898,15609589,"yuxuan zeng","2026-04-20 09:22:05",0.77990,5,karuizawawawa
3899,15564819,"Don Beatles","2026-04-21 10:30:57",0.77990,20,donbeatles
3900,15660390,"Alex Wisheckel","2026-04-20 16:19:33",0.77990,3,alexwisheckel
3901,15637030,BAKEMONO,"2026-04-20 16:38:07",0.77990,2,bakemono
3902,15660720,"carson jones","2026-04-20 16:50:34",0.77990,1,carsonjonesss
3903,15660795,"Jerry Hensure Lewouo Nizegha","2026-04-22 14:17:25",0.77990,4,jlhn51
3904,15661793,nishchal_jain_ds,"2026-04-20 20:25:16",0.77990,2,nishchaljainds
3905,15663479,jndecb,"2026-04-21 01:50:47",0.77990,1,jndecb
3906,15663428,"HSIEH HSING HUNG","2026-04-21 02:41:34",0.77990,3,hsiehhsinghung
3907,15663412,"Aleksandr Tapinsh","2026-04-21 02:39:13",0.77990,10,sashatapinsh
3908,15666011,"supriya Singh","2026-04-21 08:24:33",0.77990,2,ssingh14
3909,9916792,yuhjiunn20,"2026-04-21 09:51:51",0.77990,11,yuhjiunn20
3910,15669157,"Connor Schicht","2026-04-21 10:24:57",0.77990,1,connorschicht7
3911,15671192,"PAULO CÉSAR PEREIRA","2026-04-21 14:43:23",0.77990,2,paulocesarper
3912,15675819,"Tathagata #2","2026-04-28 08:10:02",0.77990,7,tathavms
3913,15685474,qkrcksdn9435,"2026-04-22 03:18:22",0.77990,7,user3512
3914,15686319,"Khaliyah Sabino","2026-04-22 04:36:05",0.77990,4,khaliyahsabino
3915,15426661,"Owen Kim (나만왕자)","2026-04-22 05:58:29",0.77990,5,changsurf
3916,15576199,hirarukobayashi,"2026-04-22 07:02:19",0.77990,10,hirarukobayashi
3917,15692397,吉岡誠人,"2026-04-24 02:33:22",0.77990,12,yosshy20020228
3918,15694956,"xiaosheng liang","2026-04-22 09:38:24",0.77990,2,xiaoshengliang
3919,15693053,"Nguyễn Thái Sơn","2026-04-22 10:08:58",0.77990,4,alexnguyenson
3920,15695099,NOVA2OP,"2026-04-22 11:16:22",0.77990,6,nova2op
3921,14007503,"Hüseyin Taha Danış","2026-04-22 12:12:57",0.77990,4,hseyintahadan
3922,15697348,Levvortex,"2026-04-22 20:22:53",0.77990,7,levvortex
3923,15668515,"Aneke Paul Chiagozie 1","2026-04-22 15:39:09",0.77990,8,anekepaulchiagozie1
3924,15700882,"Erin Johnston","2026-05-03 01:02:58",0.77990,23,erinjohnston
3925,15598812,rfflpllcn,"2026-04-22 17:06:13",0.77990,8,rfflpllcn
3926,15703231,"Mihir Patel00021","2026-04-22 21:11:22",0.77990,9,mihirpatel00021
3927,15700316,"Luke Snavely","2026-04-29 16:41:34",0.77990,9,lukesnavely
3928,15708422,Curry30,"2026-04-23 08:49:26",0.77990,5,jodymcintosh
3929,15582159,tp10229,"2026-05-07 09:30:29",0.77990,3,tp10229
3930,15709334,"Suttipon Komonsing (ToOn)","2026-04-23 14:10:34",0.77990,6,suttiponkomonsing
3931,15711484,"Sneha A","2026-04-23 11:05:46",0.77990,2,sneha505
3932,15716708,"Harshith Rao Peechara","2026-04-23 11:21:13",0.77990,1,harshithraopeechara
3933,15719192,zeronexl,"2026-04-23 12:41:56",0.77990,1,zeronexl
3934,15661486,"Yehor N","2026-04-23 13:06:22",0.77990,6,yehorn
3935,15720401,"Vitor Germano","2026-04-23 17:23:39",0.77990,4,vitorgermano
3936,15721185,WILLIAM2732,"2026-04-23 16:39:25",0.77990,2,william2732
3937,15721593,"Harshit garg","2026-04-23 17:50:02",0.77990,1,har20gu
3938,15722354,"Dipesh Kumar7","2026-04-23 19:14:45",0.77990,1,dipeshkumar7
3939,15677058,"Malika Ismailova","2026-04-24 14:18:20",0.77990,13,malikaismailova
3940,15272580,"Josephine Meyer","2026-05-06 03:40:17",0.77990,15,josephinemeyer2026
3941,15723292,"James Martin #3","2026-04-23 22:58:37",0.77990,1,jamesmartin90
3942,15723609,"ATHEER AZAIZEH","2026-04-24 01:21:05",0.77990,3,atheerazaizeh
3943,15723809,"kazuki ishihara","2026-04-27 05:54:33",0.77990,12,kazukiishiharafxd
3944,15723546,titanicfirst,"2026-04-24 06:39:10",0.77990,6,titanicfirst
3945,15729442,"aanya agarwal","2026-04-24 08:41:01",0.77990,2,aanya07
3946,15729698,tangyaxing,"2026-04-24 09:12:53",0.77990,1,tangyaxing
3947,15719308,SableQuean,"2026-04-24 09:31:29",0.77990,2,margaritazhen
3948,15730161,"V. Shaposhnikov","2026-05-08 09:58:51",0.77990,3,vshaposhnikov
3949,11783529,"Sayli Dambhare","2026-04-27 19:15:39",0.77990,11,saylidambhare
3950,14344071,Ahmad_2080,"2026-04-24 11:17:18",0.77990,2,ahmad2080
3951,15731138,"Isabella Toto","2026-04-24 13:37:29",0.77990,8,isabellatoto
3952,15700752,S1lence1,"2026-04-24 17:13:26",0.77990,3,s1lence1
3953,15734156,"Mallikarjun Bhanji","2026-04-24 20:40:59",0.77990,1,mallikarjunbhanji
3954,15734072,"Matvei Kudashev","2026-04-24 21:43:59",0.77990,9,mot101
3955,15734863,"Shalini Singh Sirola","2026-04-25 01:33:23",0.77990,2,shalinisinghsirola
3956,15735189,kangaeru,"2026-05-01 06:29:37",0.77990,8,kangaeru
3957,15637258,beast_Karan,"2026-04-25 05:22:48",0.77990,11,beastkaran
3958,15732574,ian0811,"2026-04-25 05:43:59",0.77990,3,ian0811
3959,15735884,"Purab jain","2026-04-25 05:58:19",0.77990,1,purabjain6969
3960,15736261,SondereggerAlexandre,"2026-04-26 14:01:14",0.77990,6,sondereggeralexandre
3961,15736593,soso687,"2026-04-25 08:50:22",0.77990,4,soso687
3962,15737136,"Artem Seleznev","2026-04-25 10:04:18",0.77990,1,artsel288
3963,14549751,pIrisc,"2026-04-26 14:17:02",0.77990,5,pirisc
3964,15625112,"Brandon Ramnarain ","2026-04-26 17:18:14",0.77990,14,brandonramnarain
3965,15739274,DMWard,"2026-04-25 18:06:23",0.77990,8,dmward
3966,15371648,"Soichiro Shido","2026-04-26 11:28:36",0.77990,10,soichiroshido
3967,15738204,BharathRam,"2026-04-26 13:41:37",0.77990,11,bharathramh92
3968,15744866,"Keagan Williams","2026-04-26 16:24:12",0.77990,2,keaganwilliams7
3969,15745495,"mirko perone","2026-04-26 18:53:44",0.77990,6,mirkoperone
3970,15745777,"Samir khan","2026-04-26 19:19:05",0.77990,1,samirkhan6182
3971,15745854,"Laksh Agrawal","2026-04-26 19:53:36",0.77990,4,lakshagrawal
3972,15745479,"Bryce Kerr","2026-04-26 19:58:12",0.77990,9,brycekerr
3973,13351204,"Nelson André","2026-04-26 22:17:00",0.77990,9,nelsonandr
3974,15746463,kimheymin,"2026-04-26 23:10:46",0.77990,1,kimheymin
3975,15721900,"Grace Lueking","2026-04-29 22:37:59",0.77990,51,gracelueking
3976,15747025,"PHYO ZAW HTWE","2026-04-27 03:19:22",0.77990,4,phyozawhtwe
3977,15747233,"Akash Garg #3","2026-04-27 03:19:23",0.77990,1,akashgarg132
3978,15747257,"itoda takuo","2026-04-27 03:25:28",0.77990,1,itodatakuo
3979,12319705,yayoc,"2026-04-28 04:50:30",0.77990,6,yayoctokyo
3980,15729087,"Mori Kyosuke","2026-04-27 04:40:25",0.77990,3,morikyosuke
3981,15104255,"Kawada Ryugo","2026-05-11 05:06:01",0.77990,4,cafebroad
3982,15705995,"Tsuyoshi Aita","2026-04-28 09:06:44",0.77990,4,tsuyoshiaita
3983,15749783,"Adnan Noushad k","2026-04-27 10:20:32",0.77990,1,adnannoushadk
3984,15706373," Avhad niki","2026-04-29 04:39:34",0.77990,18,avhadniki
3985,15750447,"Antonio Paradiso","2026-04-27 12:12:24",0.77990,1,antonioparadiso
3986,15750443,"Nishan Muhammed","2026-04-27 13:04:21",0.77990,5,nishanshafi
3987,15589788,dhpugong,"2026-04-30 11:56:11",0.77990,25,dhpugong
3988,15751563,Blue781,"2026-04-27 14:25:50",0.77990,1,blue781
3989,15752135,QuantumCom314,"2026-04-27 15:27:06",0.77990,5,quantumcom314
3990,15744937,"ENDER ERKAYA","2026-04-27 18:57:37",0.77990,5,endererkaya
3991,15754653,"Narendra Peddada","2026-04-29 14:28:06",0.77990,3,narendrapeddada
3992,15634248,BinTarek,"2026-04-27 19:34:32",0.77990,11,osamatarek11
3993,10972774,"Charlie Anthony","2026-04-27 19:56:47",0.77990,1,charlieanthony
3994,15755966,selyanBab,"2026-04-27 20:21:28",0.77990,2,selyanbab
3995,15722940,"Alexandra Krzan","2026-04-27 20:53:08",0.77990,9,alexandrakrzan
3996,15756250,"Samuel Osée N'goran","2026-04-27 21:56:27",0.77990,4,samuelosengoran
3997,15757145,"Finn VanDerStuyf","2026-04-27 22:53:34",0.77990,1,finnvanderstuyf
3998,15700202,"Kristi Elliott","2026-04-27 23:32:49",0.77990,7,kristielliott
3999,1982478,algosenses,"2026-05-09 05:06:46",0.77990,9,algosenses
4000,15757907,"Cole Bowenn","2026-04-29 23:07:47",0.77990,16,colebowenn
4001,15759408,"Kamolbek Obloberdiyev","2026-05-01 08:34:50",0.77990,9,kamolbekobloberdiyev
4002,15759982,ayscig,"2026-04-28 04:37:00",0.77990,1,ayscig
4003,15744500,"Mayesha Abrar Misha ","2026-04-29 10:53:07",0.77990,5,mayeshaabrarmisha
4004,14088110,minilop,"2026-04-28 09:31:16",0.77990,10,lolitalop
4005,15693118,Selaphe,"2026-04-29 04:56:05",0.77990,20,selaphe
4006,15763372,Kaikai_lili,"2026-04-28 09:10:08",0.77990,1,kaikailili
4007,15763915,Hansford188,"2026-04-28 12:04:33",0.77990,5,hansford188
4008,15764788,"Le on “平飞衡之星星” WeIII","2026-04-28 11:18:29",0.77990,3,leonweiii
4009,14380924,sjeremy,"2026-04-28 13:15:17",0.77990,1,sjeremy
4010,15720782,SiddhiChaudhari123,"2026-04-28 14:41:05",0.77990,2,siddhichaudhari123
4011,15767248,"mazen karim","2026-04-28 16:30:22",0.77990,9,mazenkarim
4012,15616716,"Anand Kumar #11","2026-04-28 15:42:33",0.77990,4,anandtanuku
4013,15750288,"Sebastian Odutola","2026-04-28 16:54:10",0.77990,6,sebastianodutola
4014,15768476,kingsman_00101,"2026-04-28 16:13:27",0.77990,1,kingsman00101
4015,15770196,"adah e swanson","2026-04-28 19:17:52",0.77990,1,adaheswanson
4016,15771192,"João da Silva Amorim","2026-04-28 20:29:01",0.77990,2,joodasilvaamorim
4017,15771560,yyniko,"2026-04-29 10:27:17",0.77990,5,yyniko
4018,15772646,hyun06610,"2026-04-28 23:53:23",0.77990,1,hyun06610
4019,15760650,samuelsshf,"2026-04-29 05:04:36",0.77990,19,samuelssgg
4020,15707845,"Khasan Sadykov","2026-04-29 07:07:39",0.77990,12,khasansadykov
4021,15776825,hangyu_lv1024,"2026-04-29 08:10:15",0.77990,7,hangyulv1024
4022,15779401,"SiLin “Can SiLin” Can","2026-04-29 11:05:34",0.77990,2,silincansilincan
4023,15047349,"Hsp Ysl","2026-04-29 11:43:11",0.77990,4,hspysl
4024,15781260,lujain!alateeq,"2026-04-29 13:16:19",0.77990,1,lujainsomething
4025,15781666,emi_ufla,"2026-04-29 13:49:30",0.77990,1,emiufla
4026,15782047,k2-gc,"2026-04-30 06:26:12",0.77990,6,penguingc
4027,15780462,dengdgq哈哈哈,"2026-04-29 14:20:08",0.77990,3,dengdgq
4028,15631700,davi_cgomes,"2026-04-29 14:24:01",0.77990,5,davicgomes
4029,15771109,"Goehring Peterson","2026-04-29 14:29:46",0.77990,8,goehringpeterson
4030,15785576,"Praful Srinivasan","2026-04-29 18:40:57",0.77990,1,prafulsrinivasan
4031,15787672,"Farras Tosary Wisoyo","2026-04-29 23:38:39",0.77990,1,farrastosarywisoyo
4032,15788060,"Brendan Maska","2026-04-30 01:49:47",0.77990,10,brendanmaska
4033,15757998,"Marcos Ferreira #5","2026-04-30 01:41:28",0.77990,2,marcoscferreira
4034,15788320,shiyanquanguo,"2026-04-30 01:47:36",0.77990,7,shiyanquanguo
4035,15788716,Kkwibo,"2026-04-30 02:01:56",0.77990,1,kkwibo
4036,15721410,"Shar Min","2026-04-30 04:39:06",0.77990,2,sharmin55
4037,9027163,............,"2026-04-30 05:24:54",0.77990,1,kimzip4
4038,15794361,"qihuan chen","2026-04-30 09:37:25",0.77990,2,qihuanchen
4039,15795310,"Skie Fxxker","2026-05-01 05:45:28",0.77990,4,skiefxxker
4040,15795730,"Katherine X^2N","2026-04-30 12:28:47",0.77990,7,katherinex2n
4041,15798729,Gosho8,"2026-04-30 15:29:14",0.77990,1,gosho8
4042,15799626,"Dimas Ibnu Muthi","2026-04-30 16:26:38",0.77990,1,dimasibnumuthi
4043,15801948,"Sumant kumar","2026-04-30 19:31:39",0.77990,1,sumant1107
4044,15804044,lix88,"2026-05-01 00:40:48",0.77990,1,lixiaopeng88
4045,15804666,"Daniel Mateus de Lima","2026-05-01 02:37:00",0.77990,4,danielmateusdelima
4046,15806887,"Jerónimo Vásquez González","2026-05-03 16:13:42",0.77990,20,jernimovsquezgonzlez
4047,15813038,"Samuel pones","2026-05-01 18:36:43",0.77990,4,ponesicek
4048,13731674,"Артур Мухтаров","2026-05-01 12:57:25",0.77990,2,artoxen
4049,15816959,yyzzyy1,"2026-05-01 15:49:42",0.77990,4,yyzzyy1
4050,15818793,teluva,"2026-05-01 19:49:12",0.77990,6,teluva
4051,15820648,WeRanItTwice,"2026-05-01 21:29:08",0.77990,2,weranittwice
4052,15818838,"Aiman Merchant","2026-05-02 17:14:09",0.77990,6,aimanmerchant
4053,15766901,"jie Wang","2026-05-02 03:45:59",0.77990,2,wangjie66
4054,15823101,"Renfeng Gao","2026-05-03 20:53:56",0.77990,6,renfenggao
4055,15825519,"Muhammad Talha Asif #2","2026-05-02 12:07:41",0.77990,5,talhaxofficial
4056,15826618,rokanoj,"2026-05-02 14:44:25",0.77990,4,rokanoj
4057,15830096,"trabelsi zina","2026-05-02 16:09:21",0.77990,1,trabelsizina
4058,15802399,"Ahmed Gasanov","2026-05-02 20:34:36",0.77990,11,ahmedgasanov
4059,15830935,"Harris #3","2026-05-02 17:32:20",0.77990,1,harrisawan
4060,15806316,"Jhon Yom","2026-05-05 17:35:20",0.77990,5,jhonyom
4061,15832601,"Lucky Priya","2026-05-02 22:28:54",0.77990,10,lucky212004
4062,13771202,"Hiroyuki Yasuda","2026-05-03 01:26:32",0.77990,5,yashiro0
4063,15836504,"Sumit Shukla","2026-05-10 08:29:15",0.77990,2,sumitshukla9554
4064,15834823,wuxin404,"2026-05-03 11:13:39",0.77990,5,wuxin404
4065,4158648,kgwnbhr,"2026-05-03 14:24:04",0.77990,5,kgwnbhr
4066,15822696,"Zeo Fexus","2026-05-03 15:38:40",0.77990,2,zeofexus
4067,15800358,"Filamatra Mirindra","2026-05-03 16:22:57",0.77990,4,filamatramirindra
4068,15840659,"Putri Saviria","2026-05-03 17:00:06",0.77990,1,putrisaviria
4069,15841954,"Miles Walters","2026-05-03 20:32:27",0.77990,1,mileswalters45
4070,15842153,"Krittin Chaisuvirat #2","2026-05-04 14:54:24",0.77990,20,kttt1234
4071,15842507,GymBoyB,"2026-05-03 23:21:36",0.77990,2,gymboyb
4072,15843304,"Jhareign Solidum","2026-05-04 02:52:22",0.77990,2,jhareignsolidum
4073,15833531,MattinSayed,"2026-05-04 04:18:41",0.77990,4,mattinsayed
4074,15844570,Neeraj_Gupta,"2026-05-04 05:54:08",0.77990,2,neeraj321
4075,15399811,"ooo titiu","2026-05-06 08:33:37",0.77990,10,oootitiu
4076,15844735,"Prince badolaa","2026-05-04 06:13:06",0.77990,1,princebadolaa
4077,15608391,"choris ben","2026-05-04 11:55:44",0.77990,15,chorisben
4078,15850488,sajulian89,"2026-05-04 15:10:22",0.77990,3,sajulian89
4079,15559681,"JC #5","2026-05-04 15:37:32",0.77990,28,kragglejc
4080,15827456,"Jakub #6","2026-05-04 18:25:16",0.77990,2,jakubkosal
4081,15853824,"Darren DeWilde #2","2026-05-04 21:42:12",0.77990,4,darrendewildelm
4082,15742199,"saito tadashi","2026-05-06 02:26:26",0.77990,12,saitotadashi
4083,15225743,"Istibshar Billah","2026-05-05 00:24:38",0.77990,1,istibsharbillah
4084,15859311,SMZXzbc,"2026-05-05 08:46:16",0.77990,2,smzxzbc
4085,15859204,qiuyu.com,"2026-05-05 09:05:54",0.77990,10,qiuyucom
4086,15463287,"Songqiang Qiu","2026-05-05 10:12:21",0.77990,26,sonqiqiu
4087,15861573,"Ilia Popov","2026-05-05 12:43:49",0.77990,1,iliapopov17
4088,15861646,"Ryan Wang #5","2026-05-05 13:14:33",0.77990,8,adventurerayn
4089,15861964,Ouhaoc,"2026-05-05 14:31:40",0.77990,4,ouhaoc
4090,15202930,"salah #4","2026-05-05 20:09:46",0.77990,9,salahchlaida
4091,15868169,"Ababsa Youcef","2026-05-06 01:36:44",0.77990,10,ababsayoucef
4092,15868319,"Sunil Rayadurg","2026-05-06 01:04:01",0.77990,1,sunilrayadurg
4093,15868710,"Lavan Premkumar","2026-05-06 04:00:18",0.77990,2,lavanpremkumar
4094,15856401,Nazarethgf,"2026-05-06 05:41:08",0.77990,12,nazarethgf
4095,15872046,"Leopold Keller","2026-05-06 07:31:04",0.77990,7,leopoldkeller
4096,15873193,"Leonhard Breuer","2026-05-09 17:46:14",0.77990,2,cheetahbyte
4097,15873261,Dooominik,"2026-05-06 09:22:48",0.77990,1,dooominik
4098,15874238,Louis2404,"2026-05-06 11:06:45",0.77990,1,louis2404
4099,15875032,"Anthony Cieslik","2026-05-06 13:33:48",0.77990,3,polonezspam
4100,15866090,"Fedor Chernyshev","2026-05-06 13:45:07",0.77990,9,fedorchernyshev
4101,15876389,"Lisa #10","2026-05-06 15:10:57",0.77990,2,lricci0303
4102,15877436,Baoguangeong,"2026-05-06 16:33:45",0.77990,1,baoguangeong
4103,15878661,"Panayot Hristozov","2026-05-06 19:08:57",0.77990,1,panayothristozov
4104,15879045,"Ritvik Raj Bhushan","2026-05-06 20:17:54",0.77990,1,ritvikrajbhushan
4105,15880100,signity,"2026-05-07 00:21:50",0.77990,2,signity
4106,15880596,StellarStatistician,"2026-05-07 02:11:18",0.77990,3,stellarstatistician
4107,15881239,"KIM JEONGMIN","2026-05-07 03:44:27",0.77990,6,jjangminii
4108,15881389,dotaeees,"2026-05-07 03:52:13",0.77990,2,dotaeees
4109,15881844,"Anmol Shrestha","2026-05-07 05:34:06",0.77990,5,anmolshrestha1
4110,15790506,"OMOTANI Yuto","2026-05-07 05:03:54",0.77990,7,omotaniyuto
4111,15808570,"Orikasa Shunto","2026-05-07 05:21:11",0.77990,6,orikasashunto
4112,15882640,kurf18,"2026-05-07 06:16:10",0.77990,1,kurf18
4113,15883463,"Hanad Xioma","2026-05-07 07:31:58",0.77990,1,hanadxioma
4114,15884287,imjihoo26,"2026-05-07 08:39:04",0.77990,1,imjihoo26
4115,15709595,"Dorian Bourgeois","2026-05-07 10:00:36",0.77990,13,dorianbourgeois
4116,15885195,"Yan Hozanam Mbonyumugisha","2026-05-07 10:07:17",0.77990,1,yanhozanam
4117,15885563,"Rishuv Gorka","2026-05-07 11:06:17",0.77990,2,rishuvgorka
4118,14553969,"Farzam Ameer","2026-05-07 12:37:51",0.77990,1,farzamameer
4119,15886667,"Costina Vanghele","2026-05-07 13:50:08",0.77990,7,costinavanghele
4120,15886770,"Tanay N Patil","2026-05-07 13:29:08",0.77990,1,tanaynpatil
4121,15886778,csy7777,"2026-05-07 13:29:56",0.77990,1,csy7777
4122,15843762,"Andrzej Kozerski","2026-05-07 16:24:43",0.77990,7,andrzejkozerski
4123,15887432,"Никита Тимошенко","2026-05-07 15:20:57",0.77990,3,yozhishe
4124,13405515,isxifeng,"2026-05-07 16:33:37",0.77990,4,xf2023012633
4125,13772600,"Alexandros-D. Stavrou","2026-05-10 20:17:21",0.77990,8,alexandrosdstavrou
4126,15884519,saiiiiii,"2026-05-07 16:19:15",0.77990,5,saiczx
4127,15871297,"Jovaness Masterly","2026-05-07 16:27:06",0.77990,5,jovanessmasterly
4128,15889977,noahrolandd,"2026-05-07 20:22:01",0.77990,2,noahrolandd
4129,15891627,"Reginaldo Barbosa","2026-05-08 00:09:10",0.77990,1,reginaldobarbosa
4130,12387831,"Kutsi Tusuz","2026-05-08 19:18:08",0.77990,10,kutsitusuz
4131,15892057,Charlotte1122,"2026-05-08 01:26:58",0.77990,1,charlotte1122
4132,15790854,"Mion Higaki","2026-05-08 02:26:59",0.77990,7,mhigaki
4133,15844306,"Roshan Simon","2026-05-08 03:58:04",0.77990,2,roshansimon
4134,15730160,mefjuuuu,"2026-05-08 09:26:26",0.77990,4,mefjuuuu
4135,15894914,ottawak29,"2026-05-08 07:44:13",0.77990,1,ottawak29
4136,15730158,"Rostyslav Novytskyi","2026-05-08 09:29:39",0.77990,3,rostyslave21
4137,15894924,"Marcin Tomaszek #2","2026-05-08 09:28:29",0.77990,2,marcintomaszek
4138,15730165,"Hanna Kanas","2026-05-08 07:45:04",0.77990,4,hannakanas
4139,15730162,"Mykola Grygorenko","2026-05-08 09:44:14",0.77990,3,mykolagrygorenko
4140,15880613,chris316,"2026-05-08 07:51:04",0.77990,5,chris316
4141,15895034,lyc0309,"2026-05-08 07:56:04",0.77990,1,lyc0309
4142,15895133,HubertKrzysciak,"2026-05-08 08:04:38",0.77990,1,hubertkrzysciak
4143,15897069,"Italo Abreu","2026-05-08 11:15:08",0.77990,1,italoaabreu
4144,15872680,"Beyzanur Bostancıoğlu","2026-05-09 17:39:51",0.77990,21,beyzanurbostancolu
4145,15894185,ksj00610,"2026-05-08 11:31:16",0.77990,2,ksj00610
4146,15901422,"Yousry Mohamed","2026-05-08 21:28:55",0.77990,2,yousry77
4147,15901826,Yav_gen27,"2026-05-08 20:30:10",0.77990,6,yavgen27
4148,15898008,講師阪南大学,"2026-05-09 00:44:39",0.77990,7,fujiihannan
4149,15905368,"Braina Pi","2026-05-09 04:05:49",0.77990,1,brainapi
4150,15903152,"Oleg Osipenkov","2026-05-09 09:59:25",0.77990,11,olegosipenkov
4151,15908754,wseibot,"2026-05-09 10:17:47",0.77990,1,wseibot
4152,15908752,pragmatically,"2026-05-09 10:57:49",0.77990,2,pragmatically
4153,15908746,REVOX0,"2026-05-09 10:57:53",0.77990,2,revox00
4154,15908751,xFAR3N,"2026-05-09 10:58:28",0.77990,2,xfar3n
4155,15908745,"Katarzyna Zachacka","2026-05-09 10:59:02",0.77990,2,katarzynazachacka
4156,15908793,"Dzmitry Zaitsau","2026-05-09 10:59:58",0.77990,2,dzmitryzaitsau
4157,13799281,"Amaretto Chokoretto","2026-05-09 12:04:19",0.77990,3,amarettochokoretto
4158,15908747,"Philip Testo","2026-05-09 11:05:15",0.77990,2,testo97
4159,15908750,"Igor Turbakiewicz","2026-05-09 11:10:41",0.77990,2,igorturbakiewicz
4160,15909906,nochatgptlife,"2026-05-09 12:10:40",0.77990,1,nochatgptlife
4161,15888679,TuanKiet,"2026-05-09 14:01:25",0.77990,9,tuankiettttttttt
4162,15911320,twollaoi,"2026-05-09 14:48:47",0.77990,1,twollaoi
4163,15910314,"Huy Lê Đức","2026-05-11 01:17:15",0.77990,12,huydatalearning
4164,15912470,"Sai charan Veeramalla","2026-05-10 10:29:58",0.77990,12,saicharanveeramalla
4165,15906321,"Arturo #3","2026-05-09 19:25:16",0.77990,3,aball2
4166,9467436,"Rapid Fire Geek For Hire","2026-05-09 22:30:11",0.77990,10,rapidfiregeekforhire
4167,15913336,"Balaga mani sai sampath","2026-05-09 19:34:07",0.77990,6,balagamanisaisampath
4168,15913703,ziiiana,"2026-05-10 01:25:21",0.77990,6,ziiiana
4169,15914996,LeoQin888,"2026-05-10 02:49:44",0.77990,3,leoqin888
4170,15915050,Seraphina377,"2026-05-10 06:12:44",0.77990,6,seraphina377
4171,15915853,zhouzming,"2026-05-10 06:50:21",0.77990,2,zhouzming
4172,15916928,fansilll,"2026-05-10 08:58:25",0.77990,3,fansilll
4173,15917019,"Samriddhi Bhowmik","2026-05-10 09:14:29",0.77990,9,sammiee0123
4174,15483007,"Ertan Özkuzugüdenli","2026-05-10 11:13:25",0.77990,4,ertanzkuzugdenli
4175,15817262,"Nirmit Lotake","2026-05-10 15:02:26",0.77990,2,nirmitlotake
4176,15920496,"Daniel To","2026-05-10 16:13:34",0.77990,1,danielto2
4177,15920582,"Fatima A.Jalil","2026-05-10 16:24:20",0.77990,1,fatimaajalil
4178,15922069,"Özge Semiz","2026-05-11 17:47:27",0.77990,6,zgesemiz
4179,15913093,"Bailey Reese","2026-05-11 03:41:01",0.77990,5,baileyreese
4180,15893927,M4_shiron,"2026-05-11 02:25:10",0.77990,2,m4shiron
4181,15924955,ltl_kaggle_001_asd,"2026-05-11 08:01:08",0.77990,10,ltlkaggle001asd
4182,15924900,"Miqimeowmeow Wooh","2026-05-11 08:03:03",0.77990,6,miqimeowmeowwooh
4183,15882047,"kio joko","2026-05-11 07:42:36",0.77990,6,kiojoko
4184,15925174,"Alexandra Sousa Peixoto","2026-05-11 08:55:41",0.77990,10,alexandrasp4906
4185,15925126,"Lukas Lening","2026-05-11 09:15:01",0.77990,10,lukaslening
4186,15926246,"Céline Kölbl","2026-05-11 09:44:38",0.77990,4,clineklbl
4187,15925945,"İlayda Dinçkülah","2026-05-11 10:01:46",0.77990,8,laydadinklah
4188,15847894,jeongmin15,"2026-05-11 11:00:44",0.77990,4,jeongmin15
4189,15847869,jjbeomgyu0313,"2026-05-11 10:58:44",0.77990,7,jjbeomgyu0313
4190,15848271,sangjun242,"2026-05-11 11:00:15",0.77990,2,sangjun242
4191,15927844,kardelen_pecenek3506,"2026-05-11 12:45:14",0.77990,3,kardelenpecenek3506
4192,15928580,"Vijay Yadav #2","2026-05-11 13:37:20",0.77990,1,vijayyadav96k
4193,15850233,deuzzia,"2026-05-11 13:43:09",0.77990,3,deuzzia
4194,15929130,"Prabesh Kharel","2026-05-11 16:48:45",0.77990,4,prtmkhrl1
4195,15930238,nilclk,"2026-05-11 19:26:59",0.77990,10,zehraclk
4196,15929976,"Zehra Kübra Çelik","2026-05-11 20:18:17",0.77990,9,zehrakbraelik
4197,15930809,MatthewShabrin,"2026-05-11 18:11:36",0.77990,1,matthewshabrin
4198,15930965,"Destiny Rivera","2026-05-11 18:37:50",0.77990,2,destinyrivera2
4199,15931356,"ekin karataş","2026-05-11 19:50:26",0.77990,1,ekinkaratas352
4200,15931408,Trampkun,"2026-05-11 21:07:05",0.77990,9,trampkun
4201,15931485,"Pius Omirida","2026-05-11 20:18:14",0.77990,1,piusomirida
4202,15931772,"Valeria R","2026-05-11 21:44:39",0.77990,1,valeriaripleanschii
4203,15808182,southaaa,"2026-05-12 00:59:24",0.77990,7,southaaa
4204,15933813,choiyuri,"2026-05-12 03:54:54",0.77990,3,choiyuri8
4205,15920018,dhr@,"2026-05-12 05:54:16",0.77990,8,dhr050
4206,15901360,RGXYZ123,"2026-05-12 06:21:24",0.77990,9,rgxyz123
4207,15627696,"koki yoshimura","2026-05-12 08:11:18",0.77990,2,kokiyoshimura
4208,15931841,"Kevser Nur Kiraz","2026-05-12 13:56:38",0.77990,9,kevsernurkiraz
4209,15937420,"Charbel Canisius AIYA","2026-05-12 11:50:53",0.77990,3,charbelcanisiusaiya
4210,15937415,"Arya Deshpande","2026-05-12 09:51:31",0.77990,2,aryadeshpande05879
4211,15937472,JackThomas07,"2026-05-12 10:02:01",0.77990,2,jackthomas07
4212,15872682,"Mert Aksoy #2","2026-05-12 10:32:57",0.77990,3,mert1aksoy
4213,15938626,muralidhar1512,"2026-05-12 12:35:51",0.77990,1,muralidhar1512
4214,15938664,"Kevser Kiraz","2026-05-12 13:11:44",0.77990,4,kevserkiraz
4215,15939525,"Yixuan Wu","2026-05-12 14:26:55",0.77990,3,ooo1xxxxx
4216,15397000,"David Muñoz #2","2026-03-17 09:40:40",0.77751,2,davidmuozsan
4217,15369965,"meshari almutairi","2026-03-13 14:38:49",0.77751,5,mesharialmutairix
4218,15397965,"Sergey Lapukhov","2026-03-13 15:24:16",0.77751,1,sergeylapukhov
4219,15399039,"Lexlol Gamer","2026-03-13 19:57:32",0.77751,3,lexlolgamer
4220,15399249,"Enrique S 10","2026-03-15 20:18:47",0.77751,8,enriques10
4221,15399788,"Alden W","2026-03-14 01:39:10",0.77751,2,aldenw
4222,15365946,"Eulo Sebastian Meneses","2026-03-14 02:35:22",0.77751,10,eulosebastianmeneses
4223,15400281,laijunyu,"2026-03-14 05:11:23",0.77751,3,laijuny
4224,15400417,"Plato Chakma","2026-03-14 05:33:51",0.77751,1,platochakma
4225,9058040,"Karim Taher","2026-03-14 08:07:30",0.77751,2,karimabdelhamid
4226,15399844,"Tanaka Masashi","2026-03-14 08:26:26",0.77751,3,mmmasashi
4227,15401369,"zixin zhang","2026-03-14 09:06:20",0.77751,3,ririko721
4228,15367367,ゼロ（lol47007）,"2026-03-14 09:50:20",0.77751,10,lol47007
4229,15366102,"Alvin Micah Ignacio","2026-03-14 09:29:40",0.77751,13,alvinmicahignacio
4230,14019204,"hammad ul mustafa","2026-03-15 05:48:20",0.77751,10,hammadulmustafa
4231,15401848,WH123a,"2026-03-14 10:11:13",0.77751,3,wh123a
4232,15402059,PatrickAbad,"2026-03-14 10:25:12",0.77751,1,patrickabad
4233,15401984,lablajdfladfsdf,"2026-03-14 10:38:32",0.77751,5,lablajdfladfsdf
4234,15397232,"Jad allh Al biter","2026-03-14 11:18:50",0.77751,11,jadallhalbiter
4235,15338370,"Billy Joel Perdez","2026-03-14 11:03:42",0.77751,20,billyjoelperdez
4236,15270496,"Amine Habchi","2026-04-16 12:26:04",0.77751,20,aminehabchi
4237,15402794,KennardLime,"2026-03-14 14:37:09",0.77751,2,kennardlime
4238,15393949,"Yuxin Sun","2026-03-14 14:03:16",0.77751,3,yuxinsun61
4239,15399067,"Luka Shekiladze","2026-03-14 16:46:11",0.77751,1,lukashekiladze
4240,15366136,"Jakob Benedict DeLeon","2026-03-14 16:52:45",0.77751,10,jakobbenedictdeleon
4241,15403874,nikikaggler,"2026-03-14 18:19:28",0.77751,2,nikikaggler
4242,925149,TitanicSurvivors,"2026-03-14 19:56:11",0.77751,1,"flowerkowski,gpreda,ldobre"
4243,15404381,Rian-Bonin,"2026-03-14 21:38:03",0.77751,1,rianbonin
4244,15398663,calebras28,"2026-03-14 22:49:12",0.77751,7,calebras28
4245,15291634,"seif #3","2026-03-15 01:38:19",0.77751,2,seif222
4246,15404909,"Nhat Thien Nguyen","2026-03-15 03:28:37",0.77751,2,nhatthiennguyen
4247,15404842,bigbangdash,"2026-03-15 03:00:07",0.77751,2,bigbangdash
4248,15401577,"Miyashita Mizuki","2026-03-15 03:25:01",0.77751,3,miyashitamizuki
4249,15394570,TuTu,"2026-03-16 16:41:22",0.77751,8,tutu321
4250,15405607,"Bierstedt Visocsky","2026-03-15 07:33:13",0.77751,1,bierstedtvisocsky
4251,15405210,Orange_Ice28,"2026-03-30 16:28:10",0.77751,4,orangeice28
4252,15406352,"Pongrit Baowan","2026-03-15 10:30:43",0.77751,1,pongritbaowan
4253,15404728,"Antonia #2","2026-03-15 11:49:14",0.77751,7,annelieeee
4254,15406831,JiaYuZhang,"2026-03-15 13:13:55",0.77751,4,jiayuzhangfrank
4255,15406180,wh0ng525,"2026-03-15 13:23:10",0.77751,2,wh0ng525
4256,15407385,tyqh1234,"2026-03-15 13:35:58",0.77751,1,tyqh1234
4257,15140914,Ryan_rqh,"2026-04-06 08:43:34",0.77751,3,ryanrqh
4258,15407772,sh0redry,"2026-03-15 15:03:43",0.77751,1,sh0redry
4259,15406068,"theja b nair","2026-03-15 15:28:57",0.77751,4,thejabnair
4260,15408026,"Vitória B.G.","2026-03-15 16:04:39",0.77751,1,vitriabg
4261,15407923,"hehehe #3","2026-03-18 17:19:28",0.77751,4,heheheheheheh
4262,15409096,"Marcus #8","2026-03-15 21:08:23",0.77751,10,infokey
4263,15408301,"Vitor Saddi","2026-03-20 12:42:25",0.77751,30,vitorsaddi
4264,15409849,"Nick #39","2026-03-15 23:51:31",0.77751,1,nicklien
4265,15409975,gungnirc,"2026-03-16 00:39:54",0.77751,1,gungnirc
4266,15410998,tommy1237,"2026-03-16 05:20:03",0.77751,1,tommy1237
4267,15411012,"tong huimin","2026-03-16 05:23:48",0.77751,1,tonghuimin
4268,15411070,"Rishan Ratha","2026-03-16 06:48:23",0.77751,2,rishanratha
4269,15268332,Taeko1109,"2026-05-12 07:09:56",0.77751,12,taeko1109
4270,15405609,"Peiru Lien","2026-03-16 08:40:16",0.77751,1,peirulien
4271,15412317,2252978,"2026-03-16 09:46:47",0.77751,6,tsinphon
4272,15412716,xuankailah,"2026-03-16 10:30:36",0.77751,1,xuankailah
4273,15318271,czq001,"2026-03-16 11:17:30",0.77751,3,czq001
4274,15413168,miasanmia1325,"2026-03-16 11:51:10",0.77751,2,miasanmia1325
4275,15413123,"Darren Hardjadinata","2026-03-16 11:54:28",0.77751,2,darrenhardjadinata
4276,15391037,slermo,"2026-03-24 13:41:30",0.77751,4,slermo
4277,15407400,"xiao #5","2026-03-16 12:50:33",0.77751,11,xiaoxier
4278,15413483,"Zhihao Jin","2026-03-16 12:41:53",0.77751,3,zhihaojin0826
4279,15413842,"Alan ckw","2026-03-16 13:44:56",0.77751,1,alanckw
4280,15414030,Tetoche,"2026-03-16 14:11:49",0.77751,1,tetoche
4281,9650916,Skylorun,"2026-03-16 15:40:18",0.77751,5,skylorun
4282,15414692,thoughtlessnessofman,"2026-03-16 16:27:44",0.77751,3,thoughtlessnessofman
4283,15415777,"Hayley Tong","2026-03-16 19:27:14",0.77751,1,hayleyyyyy
4284,15416147,"Yassine Gargouri","2026-03-16 22:34:59",0.77751,4,yassinegargouri88
4285,15417153,"Chan Cheong Ho","2026-03-17 01:34:32",0.77751,1,chancheongho
4286,15348183,Shane_LINZ,"2026-03-17 05:54:09",0.77751,4,zixuanlinshane
4287,15417985,zhoutianyang,"2026-03-18 05:25:06",0.77751,11,zhoutianyang
4288,15414168,yuwangchoi,"2026-03-17 06:26:48",0.77751,3,yuwangchoi
4289,15418818,JadezFlowz,"2026-03-17 07:06:07",0.77751,1,analyst12344321
4290,15419244,"Prateek Negi","2026-03-17 08:07:23",0.77751,1,prateeknegi90
4291,15376534,"Patricia Tiu","2026-03-17 08:29:38",0.77751,2,patriciatiu
4292,15420259,peterLam5507,"2026-03-17 10:50:00",0.77751,1,peterlam5507
4293,15420811,"Jiang muhai","2026-03-17 12:02:12",0.77751,1,jiangmuhai
4294,15411410,Kathy809,"2026-03-17 13:25:30",0.77751,8,kathy809
4295,15420899,2252935祖博,"2026-03-17 13:07:11",0.77751,6,cascvvas
4296,15420965,nantus,"2026-03-17 12:24:45",0.77751,1,nantus
4297,15421240,wang-wk,"2026-03-17 13:21:01",0.77751,3,wwk1981
4298,15421140,FYF20061009,"2026-03-17 15:14:54",0.77751,6,fyf20061009
4299,15421549,"Eren Chow","2026-03-17 13:43:27",0.77751,1,erenchow
4300,15420847,fengyu珉,"2026-03-17 13:50:49",0.77751,3,fengyudamin
4301,15377932,"Kyle E Tan","2026-03-17 15:53:55",0.77751,5,kyleetan
4302,15422255,"Shota 1nose","2026-03-17 15:34:04",0.77751,3,shota1nose
4303,15422374,"Stacey Sa","2026-03-17 16:01:38",0.77751,4,staceysa
4304,15405394,"CHENGSHAO JIANG","2026-03-17 15:55:24",0.77751,2,chengshaojiang
4305,15154731,"turbo shanson","2026-03-17 17:07:48",0.77751,5,turboshanson
4306,15424364,"Mariana Rodriguez","2026-03-17 19:06:07",0.77751,1,marianardgz
4307,15425592,"SALI FOUANI","2026-03-18 12:03:34",0.77751,2,salifouani
4308,15423631,"Anastasia Tonkonogova","2026-03-17 23:39:55",0.77751,5,anastasiatonkonogova
4309,15192673,"xuanlin zeng","2026-03-18 01:46:27",0.77751,1,xuanlinzeng
4310,15429966,hieu_wuyen,"2026-03-18 13:07:32",0.77751,10,hieuwuyen
4311,15385944,"Zengye Liu","2026-03-18 10:45:20",0.77751,2,zengyeliu
4312,15430927,"yu liang #2","2026-03-18 13:05:07",0.77751,4,vsmade
4313,15431514,nemok1rra,"2026-03-18 13:54:13",0.77751,10,nemok1rra
4314,15432957,"Sabrina Mahfuja Haque - 0421873","2026-03-18 16:20:00",0.77751,1,sabrinahaque55
4315,15433130,"Aathish Rao","2026-03-18 16:40:51",0.77751,1,aathishrao
4316,15434653,"Freny Nilesh Vahanka","2026-03-18 19:13:45",0.77751,2,frenynileshvahanka
4317,15434735,Harleenkaur07122005,"2026-03-18 19:17:51",0.77751,1,harleenkaur07122005
4318,15346615,JoS1503,"2026-03-18 19:37:17",0.77751,5,jos1503
4319,15429602,"Xuanyi Liao","2026-03-19 08:27:03",0.77751,12,xuanyiliao
4320,15438209,tonyzeng0428119,"2026-03-19 04:23:15",0.77751,1,tonyzenggg0428119
4321,15438363,"Lewis Tong","2026-03-19 08:37:31",0.77751,10,lewistong
4322,15368761,刘芳瑜liufangyu,"2026-03-23 07:41:20",0.77751,10,liufangyuliu
4323,15439462,"Ivan Klarić","2026-03-19 07:54:56",0.77751,3,ivanklari
4324,15440075,RileyChen23,"2026-03-19 08:57:26",0.77751,3,rileychen1023
4325,15440545,"Karthik Kathera","2026-03-19 10:18:47",0.77751,4,karthikkathera
4326,15441126,AnaMing,"2026-03-19 11:52:19",0.77751,1,anaming
4327,15398084,Rahul1672,"2026-03-23 17:51:07",0.77751,8,rahul1672
4328,15443292,Nitin_d4,"2026-03-19 17:01:12",0.77751,1,nitind4
4329,15442012,Anastasikates,"2026-03-19 17:53:23",0.77751,10,anastasikates
4330,15443833,AkaiKitsune_2107,"2026-03-19 18:17:28",0.77751,1,akaikitsune2107
4331,15436363,Игорь,"2026-03-19 21:04:00",0.77751,3,rogalic
4332,15444634,"Harsh Raj #9","2026-03-19 21:04:35",0.77751,1,maxwellaus
4333,15445446,j1vvon,"2026-03-20 01:07:03",0.77751,4,j1vvon
4334,15445463,LeeJunWoo,"2026-03-20 01:12:48",0.77751,6,demisodagreenapple
4335,15446072,h0323667,"2026-03-20 03:41:20",0.77751,1,h0323667
4336,15430405,ChengMa1010,"2026-03-20 04:18:00",0.77751,2,chengma1010
4337,15446833,"Chen Leonid Shaopeng_bnbu","2026-03-20 09:00:39",0.77751,5,chenleonid
4338,15447014,"Minhajul Arefin","2026-03-20 06:48:58",0.77751,4,minhajularefin
4339,15439907,"Claire OCBC","2026-03-20 07:24:06",0.77751,14,claireocbc
4340,15447596,"Tarun Tej GV","2026-03-20 08:13:17",0.77751,1,taruntejgv
4341,15448349,"take Z taketake","2026-03-20 10:21:21",0.77751,1,takeztaketake
4342,15448646,"Victor Ohiwerei","2026-03-20 11:17:27",0.77751,1,victorohiwerei
4343,15448480,_LeniviyTulen_,"2026-03-20 11:29:30",0.77751,3,leniviytulen
4344,15449610,"Екатерина Захарова","2026-03-20 13:16:43",0.77751,2,kate10013
4345,15449799,"yyyy #3","2026-03-20 14:06:55",0.77751,3,gfdjgs
4346,15452644,"Technical Pro gaming","2026-03-20 17:24:29",0.77751,1,technicalprogaming
4347,11489668,"Lex Perevosikov","2026-03-20 19:26:12",0.77751,3,lexperevosikov
4348,15400091,丫丫丫丫,"2026-03-21 07:26:53",0.77751,10,houyaqi
4349,15454556,amjang,"2026-03-21 03:55:37",0.77751,1,amjang
4350,15414112,"kang An","2026-03-21 10:15:33",0.77751,6,kangan6316
4351,9168560,"Shinji Yabe","2026-03-21 16:01:43",0.77751,6,shinjiyabe
4352,15458936,ZhuYing,"2026-03-21 17:17:02",0.77751,1,zzoeyyyyy
4353,14610815,kazuma00,"2026-03-22 04:57:13",0.77751,12,kazuma00
4354,15459659,"Octavian Caracioni","2026-03-21 19:11:32",0.77751,1,octaviancaracioni
4355,618527,"Tom Darowski","2026-03-21 20:50:45",0.77751,1,tomdarowski
4356,15461030,Ryutogrrr,"2026-03-22 06:27:23",0.77751,5,ryutogrrr
4357,15461121,jianglai077,"2026-03-22 06:18:36",0.77751,1,jianglai077
4358,13389589,"LI SAHNGQING","2026-03-22 07:50:45",0.77751,3,lisahngqing
4359,15456362,Raster0x2a,"2026-03-22 07:43:13",0.77751,5,raster0x2a
4360,15462146,Bluevalentine,"2026-03-22 08:34:23",0.77751,1,bluevalentine
4361,2779461,"Gopal Bhardwaj","2026-03-22 09:13:34",0.77751,1,gopalbhardwaj
4362,15462873,"Pranay Solanki","2026-03-22 10:18:03",0.77751,3,pesola
4363,15463249,Am1r999,"2026-03-22 11:45:30",0.77751,2,am1r999
4364,15463299,"kllkTuan Vu","2026-03-22 12:23:08",0.77751,8,kllktuanvu
4365,4609200,"Thierry Girod","2026-03-22 15:58:36",0.77751,2,thierrygirod
4366,15465069,"Anjali A. Varun","2026-03-22 16:59:43",0.77751,1,anjaliavarun
4367,15423343,ShimizuYouta,"2026-03-23 08:12:32",0.77751,5,shimizuyouta
4368,15465776,Burak40,"2026-03-22 20:50:30",0.77751,2,burak40
4369,15466800,[Deleted]12345,"2026-04-15 07:24:45",0.77751,2,deleted12345
4370,15405711,"Jackson Franco","2026-03-28 06:42:27",0.77751,11,jacksonfranco4
4371,15463956,"YACY LI","2026-03-23 07:26:40",0.77751,9,yacyli
4372,15468300,EmmaZYD,"2026-03-23 08:14:29",0.77751,2,emmazyd
4373,15468497,qiuyv123,"2026-03-23 08:27:25",0.77751,1,qiuyv123
4374,15468217,"Maik Lukaszuk","2026-03-24 07:59:18",0.77751,15,maiklukaszuk
4375,15470203,"sreesha rath","2026-03-23 12:42:23",0.77751,1,sreesharath
4376,15394864,sky_add,"2026-03-23 14:55:05",0.77751,3,skyadd
4377,9738858,ZharkovVladimir,"2026-03-23 18:20:22",0.77751,2,zharkovvladimir
4378,15468238,LEEHOSUK,"2026-03-24 00:55:31",0.77751,7,szpdls
4379,15240384,MyaL3606,"2026-03-24 03:52:47",0.77751,8,myal3606
4380,15476352,"Mykola Tsaryk","2026-03-24 07:06:38",0.77751,2,mykolatsaryk
4381,15475952,"Kiran Rao matta","2026-03-24 09:39:45",0.77751,2,kiranraomatta
4382,15478118,"Raffi Poghosyan","2026-03-24 13:46:12",0.77751,4,raffipoghosyan
4383,15479403,JinHui@AoYaYun,"2026-03-24 15:21:52",0.77751,1,jinhuiaoyayun
4384,15480311,"Tulio Fogagnoli","2026-03-24 18:48:58",0.77751,4,tuliofogagnoli
4385,15480505,lei_fu666,"2026-03-24 19:02:49",0.77751,1,leifu666
4386,15480764,Vseiko,"2026-03-24 20:52:58",0.77751,5,vseiko
4387,15481988,"Isaac Barrón","2026-03-29 02:57:57",0.77751,5,isaacbarrn
4388,15483686,"Chris Botelho","2026-03-25 09:50:12",0.77751,1,chrisbotelho
4389,15483797,"Vincent Burte","2026-03-28 15:06:19",0.77751,5,vincentburte
4390,15418752,UOM_230242A,"2026-03-25 11:53:51",0.77751,6,mudithah
4391,15478503,"yangfjinru nh","2026-03-25 12:55:52",0.77751,3,yangjinrunh
4392,15473879,Andmi22,"2026-03-30 20:37:50",0.77751,6,andmi22
4393,15485338,"Anna Tanygina","2026-03-25 14:02:33",0.77751,1,anuya09
4394,15406396,Nicola1997,"2026-03-25 14:53:38",0.77751,6,nicola1997
4395,15485322,Kenzaburo,"2026-03-25 16:39:18",0.77751,3,kenzaburou
4396,15481940,Jeb9487,"2026-03-25 15:56:09",0.77751,7,jeb9487
4397,15486145,"Владислав Заев","2026-03-25 16:08:30",0.77751,1,sunwaylancer
4398,15487557,UOM_230243D,"2026-03-25 20:24:19",0.77751,3,uom230243d
4399,15492474,"Kaiming Hu","2026-03-26 07:28:06",0.77751,1,kaiminghu
4400,15495227,Ralifgrannik,"2026-03-26 13:51:34",0.77751,1,ralifgrannik
4401,15495722,"cupid J ie","2026-03-26 15:29:02",0.77751,3,cupidjie
4402,15496079,ZZH4206,"2026-03-27 05:25:05",0.77751,2,zzh4206
4403,15478012,"Kristof Fischer","2026-03-26 19:55:23",0.77751,8,kristoffischer
4404,15484860,"Manjusha Swami","2026-03-27 09:36:38",0.77751,6,manjushaswami
4405,15501347,bloom1234,"2026-03-30 11:39:35",0.77751,20,bloom1234
4406,15501100,"Alfred Olsson","2026-03-27 13:02:04",0.77751,8,pastaalfredo
4407,15501409,vincent5569,"2026-03-27 11:17:14",0.77751,1,vincent5569
4408,15485003,"Sanika v More ","2026-04-06 12:01:39",0.77751,10,sanikavmore
4409,15447279,shuozhao,"2026-03-27 15:20:17",0.77751,3,shuozhaoxiaobai
4410,15497396,coldbrewjp,"2026-03-27 22:04:32",0.77751,4,coldbrewjp
4411,15488848,"Evgenii Naumov","2026-03-28 01:49:08",0.77751,3,evgeniinaumov
4412,15504967,"Baisnabi Rout","2026-03-28 02:57:58",0.77751,3,baisnabirout
4413,15505727,admin799,"2026-03-28 08:42:46",0.77751,10,admin799
4414,15506258,"Rebecca W","2026-03-30 11:42:17",0.77751,4,rwan7010
4415,13043542,"Jared Chang","2026-03-28 09:08:25",0.77751,2,jaredchang
4416,15506872,"Prateek Jain #8","2026-03-29 16:33:47",0.77751,5,prateekjain98y
4417,15480658,MikeUr2,"2026-04-07 09:54:53",0.77751,10,mikeur2
4418,15507530,"Zeng Deyang","2026-03-28 16:23:53",0.77751,10,zengdeyang
4419,15508509,"Umama Alim #2","2026-04-03 20:13:55",0.77751,6,umamaalim2025
4420,15509345,Cookie.aiyo,"2026-03-29 01:46:16",0.77751,1,cookieaiyo
4421,15331067,東　勇介,"2026-03-29 05:04:18",0.77751,1,yusuke0111
4422,15509795,はぎわら,"2026-03-29 07:57:06",0.77751,5,tomohag
4423,15511731,azedgray,"2026-03-29 10:20:01",0.77751,1,azedgray
4424,15511788,"Damian Cebula","2026-03-29 11:05:17",0.77751,2,damiancebula
4425,15512137,XaverMNG,"2026-03-29 12:40:13",0.77751,4,xavermng
4426,15513292,TNIANT,"2026-03-29 15:25:04",0.77751,1,tniant
4427,15513653,lyx050925,"2026-03-29 16:48:54",0.77751,1,lyx050925
4428,15513970,NEWMAN789,"2026-03-29 18:03:12",0.77751,1,newman789
4429,15514746,"Judercio Nhauche","2026-03-29 23:23:26",0.77751,1,judercionhauche
4430,15515017,"Alexander Noyola","2026-03-30 01:20:18",0.77751,1,alexandernoyola
4431,15516349,Jiandu1202,"2026-03-30 08:44:38",0.77751,3,jiandu1202
4432,15408509,"Dexter Mtetwa","2026-03-30 09:46:03",0.77751,8,dextermtetwa
4433,15516354,Kb_4114,"2026-03-31 05:34:16",0.77751,3,kb4114
4434,15518313,RNichita,"2026-03-30 13:24:44",0.77751,2,rnichita
4435,15479051,lyra0814d,"2026-03-30 13:37:12",0.77751,3,lyra0814d
4436,15517517,umbertor,"2026-03-31 14:27:12",0.77751,5,umbertodilaudo
4437,15518594,ayushchauhan0910,"2026-03-30 18:27:45",0.77751,10,ayushchauhan0910
4438,15521724,"Michael Walker #3","2026-04-02 01:18:28",0.77751,8,michaelwalker11
4439,15523931,"Cyprien H","2026-03-31 10:42:37",0.77751,2,cyprienh
4440,15524191,"Priestking Kl","2026-03-31 12:03:04",0.77751,3,priestkingkl
4441,15474332,sato310,"2026-03-31 12:21:54",0.77751,3,sato310
4442,15524404,"KAWAJIRI SHINYA","2026-03-31 12:22:29",0.77751,1,kawajirishinya
4443,15523047,balochfizza,"2026-03-31 14:08:45",0.77751,1,balochfizza
4444,15525237,"Bharath Pendyala","2026-03-31 14:52:15",0.77751,1,bharath2006p
4445,6061525,thbraet,"2026-03-31 15:57:21",0.77751,10,thbraet
4446,15525765,"Reo sasaki","2026-03-31 17:53:47",0.77751,6,ioo7zn
4447,13953822,TheNullHunter,"2026-04-01 17:01:31",0.77751,10,thenullhunter
4448,15497516,"Nick Swekosky","2026-03-31 20:31:43",0.77751,10,nickswekosky
4449,15526747,"Zifan Gu","2026-04-02 16:28:34",0.77751,3,zifangu
4450,15494352,HANYUJIA,"2026-04-01 04:35:51",0.77751,5,nightree54
4451,15244311,"Vasilii Frolov","2026-04-01 07:34:49",0.77751,5,vasiliifrolov
4452,15094921,"Sophie Nguyen Thu Thuy","2026-04-01 09:44:02",0.77751,1,sophienguyenthuthuy
4453,15530649,Nait0620,"2026-04-01 12:09:02",0.77751,4,nait0620
4454,15531601,"Eric Perske","2026-04-01 15:01:01",0.77751,1,ericperske01
4455,15530635,Jlee383,"2026-04-01 17:02:17",0.77751,2,jlee383
4456,15533751,joskiii,"2026-04-03 16:50:12",0.77751,10,joskiii
4457,15535070,"yeee Zser","2026-04-02 01:19:46",0.77751,1,yeeezser
4458,15535466,jooeeee_xzk,"2026-04-02 03:26:30",0.77751,5,jooeeeexzk
4459,15536309,"RS FF","2026-04-02 08:02:50",0.77751,2,rsffdq
4460,15537771,DavidJulie,"2026-04-02 09:52:22",0.77751,7,davidjulie
4461,15538232,xyliaounicorn,"2026-04-02 10:44:16",0.77751,2,xyliaounicorn
4462,15540110,"EVA ZHAO","2026-04-02 16:20:34",0.77751,1,baihuizhao
4463,15540113,-PhilmoreKoung11,"2026-04-02 16:25:05",0.77751,3,philmorekoung11
4464,15039834,Maymyself,"2026-04-02 17:25:42",0.77751,2,maymyself
4465,15321663,Afterlife0123,"2026-04-03 07:25:33",0.77751,3,afterlife0123
4466,15543543,YongFeng8,"2026-04-03 03:28:50",0.77751,1,yongfeng8
4467,15542858,"Zhou DingWei","2026-04-03 03:48:41",0.77751,4,zhoudingwei
4468,15539779,seojoonyoung,"2026-04-03 04:48:59",0.77751,5,seojoonyoung
4469,8828469,"Cheese Popcorn","2026-04-03 07:39:06",0.77751,1,cheesepopcorn
4470,15536820,"Sven Ritzmann","2026-04-03 11:17:43",0.77751,5,svenritzmann
4471,15546291,"Venelin Mitov","2026-04-03 11:19:13",0.77751,1,venelinmitov
4472,6273879,"Suraj Gupta #2","2026-04-22 04:54:27",0.77751,15,surajgupta59
4473,15547288,KReenaRao,"2026-04-03 12:40:24",0.77751,1,kreenarao
4474,15547655,"Xavier Doussau","2026-04-03 13:19:52",0.77751,1,xavierdoussau
4475,13369463,Fluuvys,"2026-04-03 15:16:29",0.77751,4,fluuvys
4476,15550715,Ivinator,"2026-04-03 22:25:31",0.77751,6,ivinator
4477,15551101,Malllak,"2026-04-03 23:54:32",0.77751,9,malllak
4478,15551411,"qi zehan","2026-04-04 03:10:15",0.77751,7,qizehan
4479,15553770,"Eddy Biscay #2","2026-04-04 15:45:52",0.77751,5,eddybiscay
4480,15555249,mochamocha_Y,"2026-04-08 07:44:29",0.77751,3,mochamochay
4481,9309590,"Lucas Brandan","2026-04-05 03:04:36",0.77751,3,lucasbrandan
4482,15549773,"Niraj Nathan","2026-04-05 13:27:32",0.77751,4,nirajnathan
4483,15559528,"Ignatius Audric Wijaya","2026-04-12 13:58:18",0.77751,3,ignatiusaudricwijaya
4484,15559521,"Akshit Rana","2026-04-05 13:34:34",0.77751,1,akshitrana00
4485,15559958,"Вербицький Андрій Сергійович","2026-04-05 15:06:59",0.77751,1,verbyt
4486,15560420,"Elaa Ben aoun","2026-04-05 17:09:45",0.77751,3,elaabenaoun
4487,7711063,"Edric Lukmana","2026-04-06 06:53:22",0.77751,6,edriclukmana
4488,15563360,abhii5436,"2026-04-06 07:52:55",0.77751,10,abhii5436
4489,15563412,"Karan Tanshukh","2026-04-06 07:14:06",0.77751,4,karantanshukh
4490,15564647,JYnovation,"2026-04-06 12:33:24",0.77751,5,jynovation
4491,15565374,"Anisha Priya","2026-04-06 13:57:45",0.77751,1,anishapriya68
4492,15565593,"Dason Tiovino","2026-04-06 14:54:12",0.77751,2,dasontiovino
4493,15566090,"Shiv Bharanidharan","2026-04-07 15:35:34",0.77751,10,shivbharanidharan
4494,15566373,"Pragati #2","2026-04-06 17:08:00",0.77751,2,praggati
4495,15567166,Xencvbx,"2026-04-06 20:51:31",0.77751,6,xencvbx
4496,15567306,"Charmaine Aggson","2026-04-10 02:58:04",0.77751,13,charmaineaggson
4497,15569372,IEEM26_112034066,"2026-04-07 09:44:25",0.77751,3,ppp3333
4498,15569368,IEEM26_112034055,"2026-04-07 07:53:55",0.77751,6,s112034055yihsuan
4499,15569703,IEEM_112034005,"2026-04-07 10:28:03",0.77751,7,lin112034005
4500,15570525,Laurence1101,"2026-04-07 11:11:34",0.77751,4,laurence1101
4501,15571255,shuhey00,"2026-04-07 13:28:40",0.77751,3,shuhey00
4502,15572601,hxyxxn,"2026-04-07 17:20:57",0.77751,2,hxyxxn
4503,15572736,"Uttam Mahato","2026-04-07 17:45:01",0.77751,2,uttammahato
4504,15572698,"Minh Hiếu Nguyễn","2026-04-07 17:56:44",0.77751,7,nmhuei
4505,15567326,"Chloe Diaz","2026-04-08 20:14:02",0.77751,7,chloediaz21
4506,15573787,"Amr El-Eisawi","2026-04-07 23:07:48",0.77751,2,amreleisawi
4507,15575442,Radha9265,"2026-04-09 13:43:00",0.77751,7,radha9265
4508,15545352,"Katsuaki Tanabe #2","2026-04-08 07:03:35",0.77751,3,ktana41
4509,15568189,Eito21,"2026-04-09 10:34:57",0.77751,22,eitohoshino
4510,15578414,"Nayana Sharma","2026-04-08 15:41:11",0.77751,1,nayana1sharma
4511,14878439,"Meer Moomin","2026-04-09 13:18:06",0.77751,8,meermoomin
4512,15579548,"Evan Kimball","2026-04-08 20:24:53",0.77751,3,evankimball
4513,15582302,Rober234,"2026-04-09 09:09:49",0.77751,6,rober234
4514,15582587,"Pratik Thete","2026-04-09 07:29:48",0.77751,1,pratikthete77
4515,15579876,"Veda Kairos","2026-04-09 20:46:20",0.77751,11,vedakairos
4516,15583625,"alexzander huang","2026-04-09 11:19:14",0.77751,4,alexzanderhuang
4517,15584001,"Pierre Da Silva Coelho","2026-04-09 12:24:18",0.77751,3,pierredasilvacoelho
4518,15584228,"daoran zou","2026-04-09 12:45:26",0.77751,1,daoranzou
4519,15291976,Mikhailgavva,"2026-04-09 16:00:54",0.77751,34,mikhailgavva
4520,15584968,GuiMAI,"2026-04-09 15:18:37",0.77751,5,guimai
4521,15587524,vau128,"2026-04-11 03:41:30",0.77751,6,vau128
4522,15575795,"Sang Ngoc","2026-04-10 03:59:32",0.77751,13,sangngoc
4523,15588128,"Austin Hough","2026-04-10 05:42:42",0.77751,9,austinhough
4524,14052864,y.hasebe,"2026-04-22 06:53:11",0.77751,15,yhasebe
4525,13654105,"vinayak naithani","2026-04-10 06:14:13",0.77751,4,vinayaknaithani
4526,15588924,"Wooil Kim","2026-04-10 12:41:27",0.77751,5,wooilkim
4527,15590128,"JiHyen Park","2026-04-10 11:47:25",0.77751,2,jihyenpark
4528,15591113,"Daniel Singh","2026-04-10 14:59:25",0.77751,1,dsingh1977
4529,15591780,"Karnakbayev Artur","2026-04-10 17:17:17",0.77751,6,karnakbaevarthur
4530,15591882,"Surya Pratap Singh03","2026-04-10 17:40:06",0.77751,2,suryapratapsingh03
4531,15592318,"Josué ALLAGBE","2026-04-10 19:06:14",0.77751,1,josuallagbe
4532,15592878,"Muhammad Alshurman","2026-04-10 21:27:00",0.77751,5,muhammadshurman
4533,15344177,"Kazuya Saito","2026-04-24 11:53:27",0.77751,34,kazuyasaito2026
4534,15595581,calber,"2026-04-20 06:21:59",0.77751,10,calber
4535,11429688,"Eldamar17 17","2026-04-11 11:23:16",0.77751,2,eldamar1717
4536,15596949,mucaahit,"2026-04-12 19:18:49",0.77751,2,mucaahit
4537,15585996,"Giulia Saugo","2026-04-11 14:13:18",0.77751,2,giuliasaugo
4538,15564721,"Sena Okama","2026-04-11 14:22:25",0.77751,3,senaokama
4539,15597702,"Berkay Yükünç","2026-04-11 15:29:24",0.77751,2,berkayykn
4540,15598058,Jasumichi,"2026-04-11 15:41:47",0.77751,2,jasumichi
4541,15559691,"Oleksandr Rudskyi","2026-04-11 17:13:47",0.77751,5,oleksandrrudskyi
4542,15598694,"Dongjing Le","2026-04-13 11:52:35",0.77751,3,dongjingle
4543,15599012,"Faisal Imam","2026-04-11 18:56:01",0.77751,1,faisalimam19
4544,15598970,AmrMohamedEid0,"2026-04-11 20:29:11",0.77751,5,amrmohamedeid0
4545,15599344,chuunya7,"2026-04-11 20:23:04",0.77751,1,chuunya7
4546,15365383,"Michael Bowen #2","2026-04-11 23:57:32",0.77751,7,michaelbowen2735
4547,15548741,"A. J. Shepherd ","2026-04-12 03:05:14",0.77751,7,ajshepherd
4548,15599921,sayuri.i,"2026-04-12 02:18:03",0.77751,3,foofuwante
4549,15595968,"Christop Guscott","2026-04-12 02:57:00",0.77751,2,christopguscott
4550,15358628,AyanshJain7,"2026-04-12 03:13:28",0.77751,1,ayanshjain7
4551,15601889,"David Wang #8","2026-04-12 09:57:12",0.77751,1,dwangdscs
4552,15199812,Koteyka,"2026-04-12 09:57:13",0.77751,2,danilborisenko
4553,15602212,"Pulkit Kohli","2026-04-12 11:03:09",0.77751,1,babakulhadi
4554,15602790,Jathan-Shi,"2026-04-12 13:19:29",0.77751,3,jathanshi
4555,15601609,EndlessHorizon_qi,"2026-04-12 15:17:55",0.77751,3,endlesshorizonqi
4556,15603998,"Kayuni Seyu","2026-04-12 16:37:37",0.77751,1,kayuniseyu
4557,15604688,"Rohit Sujan_244","2026-04-13 08:12:08",0.77751,6,rohitsujan244
4558,15605588,Bili_Q,"2026-04-13 01:05:49",0.77751,2,bili1q
4559,15605954,wbs0608,"2026-04-20 03:17:58",0.77751,5,wbs0608
4560,15605750,"Mohira Q","2026-04-13 03:12:31",0.77751,2,mohiraq
4561,15606546,"Dhananjay Khulbe","2026-04-13 04:34:51",0.77751,3,dhananjaykhulbe
4562,15588775,森下大夢,"2026-04-13 05:21:51",0.77751,7,pentanc5h12
4563,15607082,pritamghorui001,"2026-04-13 06:37:43",0.77751,2,pritamghorui001
4564,15607516,608018_Chanont,"2026-04-13 08:04:32",0.77751,2,chanont608018
4565,15607613,Gurleen_kr,"2026-04-13 08:08:56",0.77751,1,gurleenkr
4566,15603276,navinP46,"2026-04-23 14:40:40",0.77751,36,navinp46
4567,15508934,"Mircea Preda","2026-04-20 20:48:11",0.77751,30,mirceapreda
4568,15608857,liming08,"2026-04-13 13:11:49",0.77751,10,liming08
4569,15609759,timevil,"2026-04-13 14:57:25",0.77751,1,timevil
4570,15610464,"komei #3","2026-04-14 10:05:27",0.77751,8,komei0107
4571,15610574,Vans123456,"2026-04-13 17:19:02",0.77751,1,vans123456
4572,15610833,"Alexandru Joita","2026-04-13 18:06:31",0.77751,1,alexandrujoita
4573,15611951,"Angie lCardenas","2026-04-14 00:29:45",0.77751,2,angielcardenas
4574,15612854,"Ayush Bansal #2","2026-04-14 04:23:54",0.77751,2,abansal132
4575,15607331,"nikolaou nikolaou","2026-04-14 06:41:34",0.77751,8,nikolaounikolaou
4576,15616280,"qingqingqing lv","2026-04-14 14:44:58",0.77751,1,qingqingqinglv
4577,15616448,"Hesham Dahy","2026-04-16 12:16:33",0.77751,17,heshamdahy485
4578,15617240,"Leskó Zsolt","2026-04-14 18:50:54",0.77751,6,lezso84
4579,15617515,"Daniel Melkonyan","2026-04-14 19:41:02",0.77751,2,danielmelkonyan
4580,15617723,"ERICK IGLESIAS R","2026-04-14 20:07:41",0.77751,1,erickiglesiasr
4581,15617969,Rin018,"2026-04-14 21:29:14",0.77751,1,rin018
4582,15619105,"Matthew Kabot","2026-04-15 04:59:28",0.77751,3,matthewkabot
4583,15613052,"Neev Jain","2026-04-15 05:17:50",0.77751,3,neevjain004
4584,15619591,"НАСАНБАТ ЗОЛТУЯА","2026-04-15 06:44:00",0.77751,4,zoltuya
4585,15620045,"Aleesha Nadeem","2026-04-15 07:51:52",0.77751,1,nalisha
4586,15621229,"Đào Janek","2026-04-15 11:08:24",0.77751,3,ojanek
4587,15621597,"LEE HEEDEUK","2026-04-15 10:46:57",0.77751,1,leeheedeuk
4588,15621960,M1ssingU,"2026-04-17 11:44:58",0.77751,14,m1ssingu
4589,15558866,Jerry#856,"2026-04-18 10:16:00",0.77751,12,jerry856
4590,15307936,Syogo.S,"2026-04-15 15:23:45",0.77751,3,syogos
4591,15623296,"Amr Noser","2026-04-15 16:00:57",0.77751,1,amrnoser
4592,15623945,"Isah Aminu","2026-04-15 18:44:13",0.77751,1,isahaminu
4593,15623351,dinglibob,"2026-04-15 21:15:26",0.77751,2,dinglibob
4594,15622853,xiaowolaopo,"2026-04-16 06:38:41",0.77751,12,xiaowolaopo
4595,15628017,"Duc Phu Hoang","2026-04-16 06:24:46",0.77751,2,ducphuhoang
4596,15628133,love1507!!,"2026-04-16 06:28:50",0.77751,3,love1507
4597,15628221,"Jedsa Puttt","2026-04-16 06:49:08",0.77751,10,jedsaputtt
4598,14150979,"Sneha V","2026-04-16 07:15:07",0.77751,1,snehav1205
4599,15628808,model-workshop,"2026-05-07 15:25:01",0.77751,15,modelworkshop
4600,15161241,"Zwei Kag","2026-04-16 09:25:12",0.77751,1,zweikag
4601,15630179,"jaanvi sain","2026-04-16 10:53:28",0.77751,1,jaanvisain
4602,15628541,"Umidjon Qobiljonov","2026-04-28 01:06:55",0.77751,23,umidjonqobiljonov
4603,15632593,"jeswin stanly","2026-04-18 16:57:27",0.77751,2,jeswinstanly
4604,15632678,Shoxruzbek,"2026-04-16 17:04:03",0.77751,2,shoxruzbek
4605,14953395,LeonardoSerpaV8,"2026-04-23 18:49:51",0.77751,8,leonardoserpav8
4606,15634140,Ferlethe,"2026-04-16 22:57:33",0.77751,2,ferlethe
4607,15634419,"Koshiro Y","2026-04-17 01:20:33",0.77751,3,koshiroy
4608,15624219,"Johnny Nicholson","2026-04-17 00:37:28",0.77751,5,johnnynicholson
4609,15635534,"Simran Agrawal1414","2026-04-17 05:29:40",0.77751,1,simranagrawal1414
4610,15635708,"AN CHI SHIAU","2026-04-17 06:01:23",0.77751,1,anchishiau
4611,15635776,Haku_941026,"2026-04-17 06:14:21",0.77751,1,haku941026
4612,15635929,TaiwanPingLord,"2026-04-17 06:49:22",0.77751,2,helloworldtesting
4613,15635887,Selina0614,"2026-04-17 06:47:51",0.77751,4,selina0614
4614,15635952,TokioMarineMotorCoE,"2026-04-17 08:35:20",0.77751,5,tokiomarinemotorcoe
4615,15636039,wayne931121,"2026-04-17 14:47:08",0.77751,6,wayne931121
4616,15636067,Laurence祐,"2026-04-17 06:52:10",0.77751,1,laurence0209
4617,15636069,0601,"2026-04-17 06:52:19",0.77751,1,user0601
4618,15636094,Chuangyaoyu,"2026-04-17 06:55:48",0.77751,1,chuangyaoyu
4619,15635971,json12,"2026-04-17 06:57:13",0.77751,6,json12
4620,15636103,zhang-l-x,"2026-04-17 07:51:45",0.77751,2,longxuzhang
4621,15637493,"Stanley #6","2026-04-17 11:08:05",0.77751,2,stankaggle123
4622,15632560,"Shrutika sri Saravanan","2026-04-18 08:23:21",0.77751,8,shrutikasrisaravanan
4623,15639128,chengyousheng48,"2026-04-17 15:08:20",0.77751,1,chengyousheng48
4624,15639387,ita_dollars,"2026-04-17 15:44:03",0.77751,1,itadollars
4625,15639448,DmitriiIvanov2004,"2026-04-17 16:26:12",0.77751,3,dmitriiivanov2004
4626,15640028,"Andrés Melo","2026-04-17 17:19:25",0.77751,1,andrsmelo
4627,15642387,"Jayfree P","2026-04-18 03:06:04",0.77751,1,jayfreep
4628,15642639,"Mehak Priyadarshi","2026-04-18 03:48:23",0.77751,1,mehakpriyadarshi
4629,15643702,数据驾驶员,"2026-04-18 07:16:41",0.77751,1,lj2394303017
4630,15642691,p1vapyva,"2026-04-30 09:12:26",0.77751,6,p1vapyva
4631,15630011,"Данил Дужинский","2026-04-18 12:20:10",0.77751,4,kariesm
4632,15643816,"Victoria Chou","2026-04-18 12:41:53",0.77751,4,v1c999
4633,15645987,Dolphin01@nju,"2026-04-18 14:18:32",0.77751,3,dolphin01nju
4634,15631605,"Сардор Норматов","2026-04-26 10:05:39",0.77751,7,snormatoff
4635,15559119,Bexultan,"2026-04-18 19:37:43",0.77751,7,beksultan2004
4636,15648291,"Angel N Maldonado","2026-04-18 22:01:00",0.77751,1,angelnmaldonado
4637,15644163,"Nolann Mathieu","2026-04-19 07:35:05",0.77751,7,nolannmathieu
4638,13231116,kenta.koizumiii,"2026-04-19 07:29:22",0.77751,4,kentakoizumiii
4639,15650772,"Zephyr #3","2026-04-19 09:29:31",0.77751,1,zephdev
4640,15622646,進藤唱平,"2026-04-20 07:56:49",0.77751,12,perfectsukuna
4641,15651453,dauhlesh,"2026-04-19 11:55:48",0.77751,1,dauhlesh
4642,15651815,kinoue7,"2026-04-19 12:58:39",0.77751,1,kinoue7
4643,15652072,mataneko,"2026-04-19 13:48:23",0.77751,1,mataneko
4644,15652612,VanshTiwari15,"2026-04-19 15:21:44",0.77751,1,vanshtiwari15
4645,15652884,Jaanvi,"2026-04-19 16:28:03",0.77751,1,jaanvi9914
4646,15653809,"Nitin Sharma #3","2026-04-19 19:48:53",0.77751,1,nitins715
4647,15654276,"Тарас Смакоуз","2026-04-19 22:21:01",0.77751,1,tarassm
4648,15628548,"XinJing Wang","2026-04-20 00:59:35",0.77751,3,xinjingwang666
4649,15654950,Smiley1010,"2026-04-22 06:44:58",0.77751,5,smiley1010
4650,15656052,"BLAIR WARREN","2026-04-20 05:07:03",0.77751,1,blairgwarren
4651,15657079,Veyrin2004,"2026-04-20 07:29:51",0.77751,1,veyrin2004
4652,15658975,Cliu2026,"2026-05-10 12:34:08",0.77751,12,cliu2026
4653,15660996,"Julio A. Ramirez","2026-04-20 17:42:06",0.77751,1,julioaramirez
4654,15644142,mogeng,"2026-04-21 00:35:49",0.77751,2,mogeng
4655,15663376,jbogaryo,"2026-04-21 02:15:42",0.77751,5,jbogaryo
4656,15663607,CHENDINGSHIYI,"2026-04-21 02:25:07",0.77751,2,chendingshiyi
4657,15663742,ALEJANDRO,"2026-04-21 02:38:02",0.77751,1,c25romero
4658,15021351,"Temuulen Sanjaasuren","2026-04-21 05:57:49",0.77751,13,temuulensanjaasuren
4659,15663992,"Barnasan Gantogtokh","2026-04-21 03:23:39",0.77751,1,barnasangantogtokh
4660,15663981,ZHAOYUBOO,"2026-04-21 03:50:38",0.77751,1,zhaoyuboo
4661,15665063,"Khannah Tse","2026-04-21 06:40:21",0.77751,3,khannahtse
4662,15658479,"Lukas Badendick","2026-04-22 09:37:43",0.77751,15,lukasbadendick
4663,7188891,"Rainer Ricardo Rodrigues","2026-04-21 08:00:09",0.77751,3,triplerrr
4664,15665366,zhn.123,"2026-04-21 14:03:33",0.77751,8,zhn123
4665,15668010,Blobidou,"2026-04-29 16:11:13",0.77751,7,blobidou
4666,15666246,ZiyingYang_1,"2026-04-22 06:58:55",0.77751,12,ziyingyang1
4667,15671273,kaggle_account_4353,"2026-04-21 13:34:32",0.77751,1,shrujan123
4668,15671556,Charlene123,"2026-04-22 02:00:55",0.77751,2,charlene123
4669,15671592,Tsukii224,"2026-04-21 14:15:36",0.77751,1,tsukii224
4670,15672103,"yufu li","2026-04-21 15:02:09",0.77751,1,yufuli
4671,15672939,"Md. Jilalish Saif khan","2026-04-21 16:31:47",0.77751,1,mdjilalishsaifkhan
4672,15672710,"Hattie McGraw","2026-04-21 17:46:10",0.77751,8,hattiemcgraw
4673,1034664,toshimelonhead,"2026-04-30 16:42:53",0.77751,7,toshimelonhead
4674,15674877,"Mekhriddin ","2026-04-21 18:34:19",0.77751,1,mekhriddin
4675,15526331,"Kade Schofield","2026-04-21 19:30:25",0.77751,2,kadeschofield
4676,8811091,"Jun Peng #2","2026-04-21 23:24:39",0.77751,6,pengjun
4677,15526308,"Emaiya James-Plew","2026-04-22 01:33:22",0.77751,8,emaiyajamesplew
4678,14891264,"Songwoot Laksanakoset","2026-04-22 03:27:33",0.77751,1,songwootlaksanakoset
4679,15684108,"MASAKI FUKUTOMI","2026-04-22 05:11:18",0.77751,4,masakifukutomi
4680,15693608,"azim 2000","2026-04-22 08:04:59",0.77751,1,azim2000
4681,15652322,"Rugved Bane","2026-04-24 14:17:34",0.77751,6,rugvedbane
4682,15577141,"Владимир Сазонов","2026-04-22 12:49:53",0.77751,4,sazonovvd
4683,15649744,"Samudyatha karanth","2026-04-22 14:53:12",0.77751,17,samudyathakaranth
4684,15578635,PrateekAB17,"2026-04-22 15:19:27",0.77751,4,prateekab17
4685,15696243,"C-159 pragati","2026-04-22 14:57:11",0.77751,2,c159pragati
4686,15638575,"HOÀNG NGUYỄN VINH","2026-04-22 15:58:03",0.77751,6,hongnguynvinh
4687,15702462,AlekseiC,"2026-04-22 21:25:38",0.77751,3,alekseic
4688,15702644,"Mihir Patel2ydyd","2026-04-22 20:32:49",0.77751,10,mihirpatel2ydyd
4689,15688742,YW_o2@begginer,"2026-04-23 07:39:53",0.77751,6,yusansoo2
4690,15704683,"Yamato Matsumura","2026-04-23 03:59:13",0.77751,3,yamatomatsumura
4691,15705342,"Jada Burton","2026-04-27 09:19:47",0.77751,13,jadabhi600
4692,15601019,pyrex_123,"2026-04-23 08:16:36",0.77751,8,pyrex123
4693,15705437,jitsuharahanon,"2026-04-24 00:26:23",0.77751,5,jitsuharahanon
4694,15708279,"Debashis Mohapatra","2026-04-23 08:41:43",0.77751,2,debashismohapatra
4695,15708798,"Sharmistha Nandy","2026-04-23 09:18:18",0.77751,1,sharmisthanandy
4696,15666060,周一凡（sun-chief）,"2026-04-23 09:36:48",0.77751,3,sunchief
4697,15607368,Han0301,"2026-04-23 10:51:55",0.77751,16,han0301
4698,15709065,"opencode poc","2026-04-23 11:21:18",0.77751,3,opencodepoc
4699,15722170,Tagiyev-Tehmasib,"2026-04-23 19:22:46",0.77751,3,tagiyevtehmasib
4700,15702912,"Pujan Khunt","2026-04-23 19:55:04",0.77751,3,pujankhunt
4701,15722871,"Mary Stravinsky","2026-04-23 21:32:59",0.77751,10,marystravinsky
4702,15720865,jbyp,"2026-04-23 23:44:10",0.77751,1,jbypldfx
4703,15723775,"Jotaro Shibui","2026-04-27 01:11:40",0.77751,6,jotaroshibui
4704,15724940,"Suraj yadav26","2026-04-24 05:02:23",0.77751,4,surajyadav26
4705,15725049,"PANDARABOYINA Ganga","2026-04-26 04:10:40",0.77751,2,pandaraboyinaganga
4706,5017184,正人君子,"2026-04-24 07:26:39",0.77751,5,starlib
4707,15729029,jinsehyun,"2026-04-24 08:32:27",0.77751,7,jinsehyun
4708,15729112,EnochBao,"2026-04-24 08:13:35",0.77751,6,enochbao
4709,15601621,Erobern,"2026-04-24 09:45:58",0.77751,6,erobern
4710,15730277,"Serhii #3","2026-04-24 10:37:26",0.77751,1,sigoria
4711,15731559,LRhoden,"2026-04-24 19:13:26",0.77751,4,lrhoden
4712,15730016,enzuo_mp,"2026-04-24 14:12:11",0.77751,1,enzuomp
4713,15731801,Piyoyuki,"2026-04-24 14:12:58",0.77751,1,piyoyuki9
4714,15732078,"Nithin kumar Naik","2026-04-24 14:46:04",0.77751,1,nithinkumarnaik
4715,15732432,"Kartik Sethi #2","2026-04-24 15:43:00",0.77751,3,kartiksethi2001
4716,15732492,"Saranyapat Tawatchaipornpong","2026-04-24 16:36:06",0.77751,4,saranyapat
4717,15732609,"Gianna Fotia","2026-04-24 19:05:36",0.77751,7,giannafotia
4718,15735111,"Piyush Khandelwal","2026-04-25 02:58:18",0.77751,1,piyushkhandelwalpiet
4719,15733914,"Boon Khiong Tan","2026-04-26 04:35:43",0.77751,15,boonkhiongtan
4720,5629281,fujii,"2026-04-29 15:33:54",0.77751,6,kojisoemi
4721,15735308,"Ryan Mesko","2026-04-25 05:02:01",0.77751,8,ryanmesko
4722,15736393,"Nikhil Murugesan","2026-04-25 07:41:18",0.77751,1,nikhilmurugesan
4723,15737474,"Jake Lee #6","2026-04-25 11:07:55",0.77751,3,corrfunc
4724,15738106,Mschmid19,"2026-04-25 13:03:01",0.77751,1,mschmid19
4725,15677363,teten1389,"2026-04-25 13:57:19",0.77751,3,teten1389
4726,15738954,"Pieter Kruger","2026-04-25 18:58:17",0.77751,10,pieterkruger
4727,15739241,"Rado #2","2026-04-25 16:32:08",0.77751,1,baturbaev
4728,15740083,"el científico","2026-04-30 03:54:31",0.77751,5,elcientfico
4729,15739819,"Callum Davies","2026-04-25 19:49:50",0.77751,8,callumdavies27
4730,15560549,"abd el moujib","2026-05-10 19:22:24",0.77751,5,abdelmoujib
4731,15740731,"Juan Pablo hyt","2026-04-25 23:43:48",0.77751,1,juanpablohyt
4732,15740864,Biaah,"2026-04-26 01:36:40",0.77751,3,k230889tasbihasaeed
4733,14095332,pomegranate16,"2026-04-26 01:27:34",0.77751,10,pomegranate1616
4734,15650823,noma_data,"2026-04-26 01:55:57",0.77751,2,nomataka
4735,15670945,"Bruce Domy","2026-04-26 06:07:50",0.77751,12,brucedomy
4736,15742163,"Kyle Muldbakken","2026-04-26 06:52:46",0.77751,1,kylemuldbakken
4737,15645532,sss13_masa,"2026-04-26 08:38:34",0.77751,5,sss13masa
4738,15742713,"Itoje Ovowero","2026-04-26 09:06:02",0.77751,5,itojeovowero
4739,15583147,"Antoine Marion #2","2026-04-26 09:40:51",0.77751,2,antoinemrn
4740,15734661,"Andres Gonzalez A.D.","2026-04-26 14:26:07",0.77751,15,andresgonzalezad
4741,15745165,"Lance Axton","2026-04-26 18:15:40",0.77751,8,lanceaxton
4742,15746690,"Diego Fernandez #2","2026-04-27 00:54:57",0.77751,1,diegofernandez7
4743,15724184,dirtommy,"2026-04-27 01:55:52",0.77751,5,dirtommy
4744,15746671,"kuroda koyuki","2026-04-27 03:47:07",0.77751,4,kurodakoyuki
4745,15746708,"GENKI YAMAGISHI","2026-04-27 02:46:58",0.77751,5,genkiyamagishi
4746,15746676,"Yuhi Saiki","2026-04-30 00:46:29",0.77751,5,yuhisaiki
4747,15726480,"kana ito","2026-04-27 05:53:01",0.77751,8,kanaito
4748,15747619,"Zaira Akhtar","2026-04-27 04:55:13",0.77751,1,zairaakhtar
4749,15738972,ToiVu27,"2026-04-27 05:29:54",0.77751,13,toivu27
4750,15746680,"Moe Nakaoka","2026-04-27 07:46:11",0.77751,6,moenakaoka
4751,15749414,"Rayson Barnachia","2026-04-28 04:21:17",0.77751,3,raysonbarnachia
4752,15614007,"Sh Abylay","2026-04-27 09:28:12",0.77751,4,shabylay
4753,15749672,"Suraj Jha #2","2026-04-27 09:59:23",0.77751,1,jhasuraj06
4754,11463809,"Arsalan Hashmi 7","2026-04-30 08:25:12",0.77751,4,arsalanhashmi7
4755,15749921,"Myla Cathey2","2026-04-27 12:35:40",0.77751,6,mylacathey2
4756,15745989,"Pascalis Nastos","2026-04-27 14:14:55",0.77751,4,pascalisnastos
4757,15752126,"Yiğit Aykut","2026-04-27 15:16:37",0.77751,3,yiitaykut
4758,15752129,"Brianna Francis","2026-04-27 15:24:32",0.77751,7,briannaleighfrancis
4759,15754142,starhyun7,"2026-04-27 23:35:32",0.77751,3,starhyun7
4760,15756894,Catemcm,"2026-04-27 22:59:22",0.77751,7,catemcm
4761,15747694,koyama,"2026-04-28 02:19:17",0.77751,5,koyama6400
4762,15757829,"mizutani teiko","2026-04-28 02:07:17",0.77751,5,mizutaniteiko
4763,15747350,"Kase Hiroki","2026-04-28 01:56:11",0.77751,5,kasehiroki
4764,15758115,"Camden Rockcastle","2026-04-28 03:24:58",0.77751,8,camdenrockcastle
4765,15757807,"SATO Yu","2026-04-28 05:04:26",0.77751,5,yuyuyuyuyu0903
4766,15757795,"Junichiro H","2026-04-28 05:47:44",0.77751,5,junichiroh
4767,15757601,"Nohata Takeshi","2026-04-28 06:56:23",0.77751,6,nohatatakeshi
4768,864490,tezuka43,"2026-04-28 07:35:00",0.77751,3,rodulph
4769,15759351,"Yoshiharu Suzuki","2026-04-28 07:53:31",0.77751,6,yoshiharusuzuki
4770,15762362,"Abrorjon Qodiraliyev","2026-04-28 08:01:50",0.77751,6,abrorjonqodiraliyev
4771,15762949,"trinkets star","2026-04-28 08:43:00",0.77751,3,trinketsstar
4772,15764227,Ashutosh_007,"2026-04-28 10:23:36",0.77751,1,ashutosh830774
4773,15764838,"Daniel Mineev","2026-05-01 14:24:04",0.77751,3,nilpotent1
4774,15764923,brunoenop,"2026-04-28 11:35:25",0.77751,2,brunoenop
4775,15765493,"Pan Guanrong","2026-04-28 12:17:18",0.77751,1,panguanrong
4776,15765704,"Игорь Соколов","2026-04-29 09:51:31",0.77751,8,akbeak
4777,15766403,"Eli Fulton","2026-04-28 15:11:14",0.77751,3,elroyfalcon
4778,15770042,"Nathan Wentling","2026-04-28 20:26:41",0.77751,7,nathanwentling1
4779,15772564,Abbito,"2026-04-28 23:41:55",0.77751,10,abbito
4780,15426326,"Bogdan Dolzhenko","2026-04-29 00:50:35",0.77751,2,bogdandolzhenko
4781,15773380,"Sean Hawthorne","2026-04-29 02:14:41",0.77751,6,seanhawthorne
4782,15777365," Miriam Amani","2026-04-29 07:49:47",0.77751,1,miriamamani
4783,15779150,"Alex #120","2026-04-29 10:30:25",0.77751,1,adavi3s
4784,15780495,Rajabzzz,"2026-04-29 12:46:37",0.77751,4,rajabzzz
4785,15781092,MarkLeones,"2026-04-29 13:26:18",0.77751,2,markleones
4786,15781185,"Michael Petrick2","2026-04-29 16:56:48",0.77751,7,michaelpetrick2
4787,15785238,"Arista Witty","2026-05-04 12:25:56",0.77751,3,aristawitty
4788,2613220,linusarode,"2026-05-03 12:27:31",0.77751,7,linussarode
4789,15786063,"Aviral Jain #3","2026-04-29 20:02:35",0.77751,2,aviraljain15
4790,15786285,"Dominique Walko","2026-04-29 20:36:07",0.77751,10,dominiquewalko
4791,15781975,"David Tabakman","2026-04-29 20:53:30",0.77751,3,davidtabakman
4792,15786892,"Priscilla Boateng","2026-05-01 22:09:07",0.77751,4,priscillaboa
4793,15787306,"Alexander Wolfe","2026-04-29 22:30:16",0.77751,7,ajwst316
4794,15787547,"Ron Matthews","2026-04-29 23:19:55",0.77751,8,ronmatthews
4795,15772552,"Brooke Benton","2026-04-30 01:16:31",0.77751,7,brookebenton
4796,15787425,"Mason Verdecchia","2026-04-30 00:30:44",0.77751,7,masonverdecchia
4797,15787939,DONGWR,"2026-04-30 02:48:29",0.77751,2,dongwr
4798,15759454,"nakasone wakana","2026-04-30 03:54:07",0.77751,5,nakasonewakana
4799,15762354,mmmmizuki,"2026-04-30 02:25:10",0.77751,5,mmmmizuki
4800,15746922,mJGck9+W,"2026-04-30 04:13:04",0.77751,5,mjgck9w
4801,15788662,Samayeeta,"2026-04-30 02:19:12",0.77751,2,samayeeta
4802,15788224,ggbondgz,"2026-04-30 03:32:30",0.77751,6,ggbondgz
4803,15788595,shojihayate,"2026-04-30 04:27:53",0.77751,4,shojihayate
4804,15788003,"Ririka Saito","2026-04-30 06:08:59",0.77751,8,ririkasaito
4805,15788399,RF2241,"2026-04-30 05:44:47",0.77751,5,rf2241
4806,15790334,"Taiyo Mizoguchi","2026-04-30 23:16:04",0.77751,2,taiyomizoguchi
4807,15762134,"Toya Suzuki","2026-04-30 05:14:50",0.77751,5,toyasuzuki
4808,15788023,Lisa.Sak,"2026-04-30 05:32:13",0.77751,7,lisasak
4809,15757955,"Kyosuke OKano","2026-04-30 07:05:11",0.77751,8,kyosukeokano
4810,15789847,Takumi0670,"2026-04-30 07:02:18",0.77751,6,takumi0670
4811,15790097,"Moe Yokotsuka","2026-04-30 07:13:51",0.77751,5,moeyokotsuka
4812,15788743,"Kimura Misuzu","2026-05-07 03:54:10",0.77751,7,kimuramisuzu
4813,15792031,"David Pintea","2026-04-30 07:09:43",0.77751,3,davidpintea
4814,15788976,"NAKAYAMA RIO","2026-05-01 05:35:54",0.77751,6,nakayamario
4815,15791519,内藤凜々子,"2026-04-30 08:08:30",0.77751,6,ririkonaito
4816,15792969,"Ariq Naufal Wahyono","2026-04-30 07:55:35",0.77751,3,ariqnaufalwahyono
4817,15795055,"Akash Nath #2","2026-04-30 10:36:18",0.77751,1,ankitgupta251226
4818,15795175,Nickkdisini,"2026-04-30 10:48:54",0.77751,1,nickk48
4819,15796218,ww6543,"2026-04-30 12:46:15",0.77751,3,ww6543
4820,15797866,"Riddhima Jaiswal","2026-04-30 14:46:54",0.77751,1,riddhimaj
4821,14148587,"Andrey Timoshenko","2026-04-30 16:08:06",0.77751,13,shad0w81
4822,15799315,"Muhammad Yoga Isnaeni","2026-04-30 16:06:46",0.77751,1,muhammadyogaisnaeni
4823,15803204,"Enrique Eder","2026-04-30 22:49:29",0.77751,2,enriqueeder
4824,15804975,"Leo #7","2026-05-01 02:42:08",0.77751,6,leo829
4825,15811370,SongHuang01,"2026-05-01 08:52:19",0.77751,1,songhuang01
4826,15813557,"Hector D.V.","2026-05-01 11:41:19",0.77751,2,hectordv
4827,5955761,LeeChangseob,"2026-05-01 16:37:34",0.77751,3,leechangseob
4828,15802656,"Long Thái","2026-05-02 04:44:13",0.77751,3,longthai1
4829,15812489,kasuuuu,"2026-05-03 07:21:00",0.77751,22,kasuuuu
4830,15788867,Zakuro16,"2026-05-02 13:23:10",0.77751,4,zakuro16
4831,15600421,"Istiaq Mahmud Biplob","2026-05-02 14:55:32",0.77751,4,istiaqmahmudbiplob
4832,15830985,"Caryn Ds","2026-05-02 17:38:00",0.77751,1,carynds
4833,15831599,"Роман Андреев","2026-05-02 18:47:49",0.77751,1,xxraay
4834,15832363,"Garima Jain #2","2026-05-02 20:46:07",0.77751,1,garimajain5
4835,15832348,CoollimeHokage,"2026-05-02 21:13:23",0.77751,2,randomrandomgrrrrr
4836,14880729,LiangZhang518,"2026-05-03 08:15:27",0.77751,10,liangzhang518
4837,15838237,"Yair Sher","2026-05-03 13:12:46",0.77751,10,yairsher
4838,15827809,Alen·Li,"2026-05-03 13:13:36",0.77751,6,alenli2025
4839,15839825,nofish666,"2026-05-03 15:55:32",0.77751,7,nofish666
4840,15839973,"Mahfujur Rahman Maher","2026-05-03 15:32:55",0.77751,1,mahfujurrahmanmaher
4841,15840691,Iewihzgnahz.,"2026-05-03 17:05:07",0.77751,1,iewihzgnahz
4842,15842215,"Eduardo Joudzbalis","2026-05-03 21:35:43",0.77751,1,eduardojoudzbalis
4843,15843001,"Adarsh Marinedrive","2026-05-04 01:43:09",0.77751,1,adarshmarinedrive7
4844,15747441,"Jaswanthi Arunachalam","2026-05-04 02:45:05",0.77751,14,jaswanthi2004
4845,15581777,"Johan Andres Mahech","2026-05-04 05:56:33",0.77751,5,johanandresmahech
4846,15847528,"Rojan Shrestha","2026-05-04 10:33:58",0.77751,1,rojanshrestha111
4847,15838879,Yernar123,"2026-05-04 15:27:38",0.77751,6,yernar123
4848,15850103,MyeongseongKim,"2026-05-04 12:39:51",0.77751,2,prestigekim
4849,15851142,"Tsukasa Yoshidomi","2026-05-04 14:20:28",0.77751,1,tsukasayoshidomi
4850,15853035,"Yasin Yıldız","2026-05-04 19:17:25",0.77751,10,yasinyldz1
4851,14189928,wawawawawawawawawa1,"2026-05-05 03:41:23",0.77751,10,wawawawawawawawawa1
4852,12508999,tkikuchi98,"2026-05-05 07:11:08",0.77751,2,tkikuchi98
4853,14964845,bigpudding,"2026-05-05 09:36:21",0.77751,1,bigpudding
4854,15849913,"MOSTAFA EL HADROUBI","2026-05-05 10:48:10",0.77751,16,mostafaelhadroubi
4855,15862045,abiao001,"2026-05-05 13:29:50",0.77751,1,abiao001
4856,15281557,"Odrick Smith","2026-05-06 13:01:54",0.77751,2,odricksmith
4857,15863270,WuzixiaoCC,"2026-05-05 15:17:31",0.77751,1,wuzixiaocc
4858,15832581,AnnT89,"2026-05-05 19:42:25",0.77751,5,annt89
4859,4607907,"Catalina Naranjo","2026-05-05 22:12:45",0.77751,6,catalinanaranjo
4860,15867283,JasonKSM,"2026-05-05 21:48:48",0.77751,4,jasonksm
4861,15772374,"valentina garcia acuña","2026-05-05 21:51:57",0.77751,4,valentinagarciaacua
4862,15772376,"Giselle Alejandra Rozo","2026-05-05 21:43:20",0.77751,3,gisellealejandrarozo
4863,15867453,"Felipe Olmos #2","2026-05-05 22:09:15",0.77751,1,felipeolmos
4864,15868960,"Chase Muir","2026-05-06 03:18:15",0.77751,2,chasemuir
4865,15870122,"Đan Tâm Phạm","2026-05-06 04:39:56",0.77751,1,antmphm
4866,15869756,SonJiaton,"2026-05-06 06:20:30",0.77751,3,sonjiaton
4867,15867876,"Samuel Cooper","2026-05-06 06:35:31",0.77751,4,cdakaggle
4868,15745549,"Mahesh Bhalekar 26/88","2026-05-06 07:55:21",0.77751,8,maheshbhalekar2688
4869,15808385,"Shubhanker Thapa","2026-05-06 09:59:16",0.77751,10,shubhanker1909
4870,15874122,"Sorasaki alukato","2026-05-06 10:53:51",0.77751,1,sorasakialukato
4871,15874198," Tamo Massaka","2026-05-06 11:01:54",0.77751,1,tamomassaka
4872,15875709,"Igor Machado","2026-05-06 14:24:12",0.77751,4,igorgmachado
4873,15876139,"Seva #3","2026-05-08 16:13:02",0.77751,4,sevaii
4874,15877162,"Priyanshi Patel #3","2026-05-06 16:05:55",0.77751,1,priyanshipatel6806
4875,15877265,"[Deleted] 3f3ad9cf-e868-46d6-8e93-47dbc20ad020","2026-05-06 16:45:06",0.77751,10,del=bba28131d78254c2
4876,12098520,PipDataScientist,"2026-05-06 23:25:56",0.77751,3,pipdatascientist
4877,7005313,"LAURINDO VILONGA DUMBA","2026-05-07 23:02:33",0.77751,3,laurindovilongadumba
4878,15878871,"Amal Najah","2026-05-06 19:46:43",0.77751,1,amalnajah
4879,15879782,AslThiagoAB,"2026-05-06 22:59:06",0.77751,1,aslthiagoab
4880,15879791,"Gustavo Baron","2026-05-06 23:01:01",0.77751,1,gustavobaron
4881,15879793,"Guilherme Rafael de Jesus","2026-05-06 23:01:11",0.77751,1,guilhermerafaeljesus
4882,15879796,"Alex Allan","2026-05-06 23:01:44",0.77751,1,alexallan7
4883,15879798,"Matheus Pesch Zenere","2026-05-06 23:02:00",0.77751,1,matheuspz
4884,15879805,"Iga lapos","2026-05-06 23:03:02",0.77751,1,igalapos
4885,15879806,"Otávio Bernardo","2026-05-06 23:03:49",0.77751,1,otviobernardo
4886,15879816,"Felipe Pilz","2026-05-06 23:06:12",0.77751,1,felipepilz
4887,15879819,"gabriel schappo","2026-05-06 23:06:38",0.77751,1,gabrielschappo
4888,15879824,"Robertha Rezende","2026-05-06 23:09:49",0.77751,2,robertharezende
4889,15879825,"Natal #2","2026-05-06 23:08:27",0.77751,1,kaiohnatal
4890,15879831,"Gustavo do Rosário","2026-05-06 23:09:46",0.77751,1,gustavodorosrio
4891,15879833,"Lucas Amaralll","2026-05-06 23:10:37",0.77751,1,lucasamaralll
4892,15879838,"Gabriel Walendolf","2026-05-06 23:11:58",0.77751,1,gabrielwalendolf
4893,15879846,"João Rosa","2026-05-06 23:13:58",0.77751,1,joovrosa
4894,11722243,"Noa Shinoda","2026-05-07 00:22:53",0.77751,3,noashinoda
4895,15880262,kidding222,"2026-05-07 01:25:16",0.77751,10,kidding222
4896,15790792,"Runo Fuku","2026-05-07 04:04:42",0.77751,4,runofuku
4897,15881334,맛있는빵통조림,"2026-05-07 03:44:38",0.77751,1,testml2
4898,15880671,髙田　実和,"2026-05-07 04:00:53",0.77751,6,miwatakada
4899,15880746,"Yuto Yamamiya","2026-05-07 05:55:49",0.77751,4,yutoyamamiya
4900,15877342,"Andrey Granenko","2026-05-07 05:13:42",0.77751,2,andreygranenko
4901,15880709,"Riki Ueno","2026-05-08 01:46:12",0.77751,5,rikiueno
4902,15880348,DaichiTerashima,"2026-05-07 05:40:02",0.77751,5,daichiterashima
4903,15881980,"RYOYA SUGANO","2026-05-08 06:46:20",0.77751,4,ryoyasugano
4904,15882821,GiantRabbit,"2026-05-07 06:31:51",0.77751,1,giantrabbit
4905,15880178,"zz yyzz666","2026-05-07 06:52:14",0.77751,2,zzyyzz666
4906,15885137,"Rasindu Dulshan Siriwardhana","2026-05-08 19:23:58",0.77751,6,rasindudulshan
4907,15883846,mokou2525,"2026-05-07 10:30:37",0.77751,6,mokou2525
4908,15885836,"Yinkai Guo","2026-05-07 12:23:55",0.77751,3,gyk521
4909,15860329,"Maxime Monnier","2026-05-08 14:08:17",0.77751,14,monmax
4910,15889959,"Ronny Pichardo","2026-05-07 20:28:57",0.77751,3,ronnypichardo
4911,15891244,DavidFrancaa,"2026-05-07 23:05:43",0.77751,1,davidfrancaa
4912,15891249,"sticraft craft","2026-05-07 23:06:34",0.77751,1,sticraftcraft
4913,15891275,"Anderson Lusio","2026-05-07 23:14:03",0.77751,1,andersonlusio
4914,15891330,"Murilo O.O Hinckel","2026-05-07 23:21:01",0.77751,1,zoltar666
4915,15891488,"KEVIN PARENTE HERNANDEZ","2026-05-08 00:18:37",0.77751,6,xxkevxx
4916,15891741,JW1111,"2026-05-08 00:29:20",0.77751,1,jw1111
4917,15868168,r0binjr,"2026-05-08 00:59:00",0.77751,3,r0binjr
4918,15892570,"Mritunjoy Hazra","2026-05-08 03:10:56",0.77751,2,mritunjoyhazra
4919,15758539,"Urano Tomonao","2026-05-08 06:40:37",0.77751,5,uranotomonao
4920,15881588,Tatsuya537,"2026-05-12 00:28:09",0.77751,5,tatsuya537
4921,15892287,moonkarn,"2026-05-08 06:50:09",0.77751,7,moonkarn
4922,13930241,Nikita_kek,"2026-05-08 06:39:40",0.77751,1,nikitakek
4923,15887696,佐藤元紀,"2026-05-08 06:50:11",0.77751,5,yoro4ku
4924,15881907,"SHUN TANAKA2","2026-05-11 07:36:05",0.77751,5,shuntanaka2
4925,8949716,bhyunco,"2026-05-08 08:15:01",0.77751,9,bhyunco
4926,15730157,Rimpy9,"2026-05-08 09:28:56",0.77751,2,rimpy9
4927,15895487,czyTt3n,"2026-05-08 09:56:07",0.77751,6,czytt3n
4928,249603,MartaBajorek,"2026-05-11 13:43:05",0.77751,4,martab
4929,15898220,"Taha ASLAN","2026-05-08 13:38:15",0.77751,3,tahaas
4930,15898408,"Rajko Balen","2026-05-08 14:09:28",0.77751,3,rajkobalen
4931,15903429,"Leticia Carvalho","2026-05-08 22:32:06",0.77751,1,leticiascarvalho
4932,15903457,"Diogo Germano","2026-05-08 22:36:33",0.77751,1,diogogermano
4933,15903912,"Érick Leandro Dalabona","2026-05-09 00:23:18",0.77751,1,rickleandrodalabona
4934,15902155,"_ Tasetoon _","2026-05-09 11:35:54",0.77751,4,tasetoon
4935,15885444,muffy_K,"2026-05-09 07:29:48",0.77751,5,muffyk
4936,15907631,"Zula Kathan","2026-05-09 17:50:39",0.77751,3,zulakathan
4937,15743750,Kakky08,"2026-05-09 09:20:04",0.77751,4,kakky08
4938,15909665,"Park MyeongHwan","2026-05-09 11:54:21",0.77751,2,parkmyeonghwan
4939,15874821,rustemski,"2026-05-09 12:35:51",0.77751,10,rustemski
4940,15910278,"İlker KESER","2026-05-09 12:53:57",0.77751,1,llkerkeser
4941,15304136,asilburakcan,"2026-05-09 12:59:37",0.77751,2,asilburakcan
4942,15911689,"Malte Hegel","2026-05-09 15:34:11",0.77751,1,maltehegel
4943,15831697,"Kelvin Abdulai","2026-05-09 16:13:48",0.77751,2,kelvinabdulai
4944,15912166,LowRoar12,"2026-05-09 16:40:02",0.77751,1,lowroar12
4945,15913153,"Fayaz Ali Muktadir","2026-05-09 19:00:02",0.77751,2,problemthinkerbox
4946,15913779,"Hessa Khalfan","2026-05-09 20:47:46",0.77751,2,hessakhalfan
4947,15915041,"鈴木 文康","2026-05-10 06:47:36",0.77751,8,suzufumi
4948,15916708,Juhoon.Chen,"2026-05-10 07:47:34",0.77751,1,juhoonchen
4949,15916709,RANFERI,"2026-05-10 08:18:20",0.77751,3,ranferi
4950,15917091,"Sultan Ersultan","2026-05-10 08:47:56",0.77751,1,su7tan
4951,15917242,ym-kang,"2026-05-10 09:28:46",0.77751,3,ymkang
4952,15918369,"mario araujo","2026-05-10 11:55:14",0.77751,1,marioaraujoxl
4953,15918261,"Chen Yan Chang","2026-05-10 12:43:10",0.77751,5,chenyanchang
4954,15919598,"Hakan Şahin","2026-05-10 14:25:17",0.77751,1,hakansahinn
4955,15920195,"Grigorios Tsakalis","2026-05-10 16:03:45",0.77751,4,grigoriostsakalis
4956,15920278,"Frozen Liquid","2026-05-10 15:47:27",0.77751,1,frozenliquid
4957,15884855,"Vy Võ Trần Ngọc","2026-05-10 16:00:20",0.77751,2,vyvtrnngc
4958,15920424,"Sayan Paul #2","2026-05-10 16:04:12",0.77751,1,sayanpaul08
4959,15912204,"Vinh Dinh Thien","2026-05-10 18:37:28",0.77751,3,vinhdinhthien
4960,14527475,"Kyle O'Brien #2","2026-05-10 23:05:24",0.77751,1,kyleob84
4961,15922751,"Ip Kin","2026-05-11 00:39:55",0.77751,2,oskin142
4962,15923213,W683#KcEVnQg.@6,"2026-05-11 02:25:13",0.77751,1,w683kcevnqg6
4963,15893621,EMANHassan26,"2026-05-11 05:29:14",0.77751,2,emanhassan26
4964,15880745,HayatoKudo,"2026-05-11 08:04:25",0.77751,5,kudohaya0507
4965,15925374,vcarma,"2026-05-11 07:46:09",0.77751,1,vcarma
4966,15924908,"Rebecca Zou0213","2026-05-11 08:15:32",0.77751,4,rebeccazou0213
4967,15925422,"Shahzodbek O'roqov","2026-05-11 08:21:55",0.77751,4,azizlazizov
4968,15848862,minkyumkim,"2026-05-11 11:01:12",0.77751,7,minkyumkim09
4969,15927001,whacls,"2026-05-11 11:02:52",0.77751,5,whacls
4970,15927088,PriotomPaul,"2026-05-11 11:03:19",0.77751,1,priotompaul1
4971,15927714,Tosokane,"2026-05-11 12:04:25",0.77751,1,ktwfcmdcs
4972,15927818,"Esmanur Dönmez","2026-05-11 12:51:53",0.77751,5,esmanurdnmz
4973,15926133,xjh2001,"2026-05-11 13:00:00",0.77751,7,xjh2001
4974,15760912,Yin-You328,"2026-05-12 05:57:35",0.77751,7,yinyou328
4975,15929206,"Manasi Takle","2026-05-11 14:40:42",0.77751,1,manasivilastakle
4976,15932495,"Meredith Saggers","2026-05-11 23:17:39",0.77751,1,meredithsaggers
4977,15932504,"Myguel ","2026-05-11 23:20:09",0.77751,1,myguel
4978,15000076,"Atharv Santosh","2026-05-11 23:41:32",0.77751,25,atharvsantosh
4979,15932751,菅原　大希,"2026-05-12 02:05:29",0.77751,4,ssuuggaawwaarraa
4980,15372498,Simon101101,"2026-05-12 11:34:44",0.77751,3,simon101101
4981,15932794,yoneto,"2026-05-12 04:52:32",0.77751,7,yoneto
4982,15934066,"shouvik Dey","2026-05-12 04:53:01",0.77751,6,shouvik2758
4983,15894204,"inoue ta","2026-05-12 06:22:42",0.77751,6,inoueta
4984,15881388,"Hikaru Kondo D","2026-05-12 05:12:12",0.77751,6,hikarukondod
4985,15933227,hyz.dir,"2026-05-12 06:55:53",0.77751,6,hyzdir
4986,15932981,ANTWARRIOR,"2026-05-12 06:06:23",0.77751,10,antwarrior
4987,15925189,"a/4ru,6yu","2026-05-12 05:58:20",0.77751,5,a4ru6yu
4988,15934693,"Midas Indominus","2026-05-12 05:41:19",0.77751,8,midasindominus
4989,15935049,"Jed Chan","2026-05-12 05:39:29",0.77751,1,jedchan
4990,15882207,"Koki Manabe","2026-05-12 06:59:02",0.77751,7,kokimanabexhello
4991,15935723,"Dillon Fernandez","2026-05-12 06:31:48",0.77751,2,dillonfernandez
4992,15894317,"Akihiro YAMADA","2026-05-12 07:22:14",0.77751,5,akihiroyamada
4993,15935754,JukovBilguun,"2026-05-12 07:40:26",0.77751,7,jukovbilguun
4994,15758963,ijichishunndai,"2026-05-12 07:57:46",0.77751,6,ijichishunndai
4995,15934465,"Manami Yamaji","2026-05-12 07:32:56",0.77751,2,manamiyamaji
4996,15880292,koki_dir,"2026-05-12 08:08:28",0.77751,6,kokidir
4997,15934196,"Roy Ka Chen","2026-05-12 08:14:06",0.77751,2,roykachen
4998,15872684,"mehmet karakaya015","2026-05-12 10:09:32",0.77751,12,mehmetkarakaya015
4999,15937537,"Yusuf Asutay","2026-05-12 10:14:51",0.77751,4,yusufasutay
5000,15937758,"Yu Zhang06","2026-05-12 11:09:28",0.77751,6,yuzhang06
5001,15938690,"Serdar Yaşa","2026-05-12 12:43:46",0.77751,1,serdaryaa
5002,15938674,"Omer Cimsit","2026-05-12 12:53:11",0.77751,5,omercimsit
5003,15938953,"Enes AYDOGDU","2026-05-12 14:11:39",0.77751,3,nonexistent00000
5004,15396962,"Juan Martin Pereyra","2026-03-13 11:51:21",0.77511,1,juanpereyra94
5005,15397136,"shang lv1","2026-03-13 12:28:09",0.77511,1,shanglv1
5006,15395937,"chengyu Zhang","2026-03-13 12:38:19",0.77511,1,johnnyzhang723
5007,15397207,namev0id,"2026-03-13 12:44:35",0.77511,1,namev0id
5008,15397294,Kim-Icily,"2026-03-13 13:03:28",0.77511,1,kimicily
5009,15397249,"Nisha Kumari Srivastwa","2026-03-13 13:15:43",0.77511,1,nishakumarisrivastwa
5010,15397384,"Alex Petrov #3","2026-03-14 13:50:31",0.77511,3,alexpetrov59
5011,15397426,"Daniel Van Twisk","2026-03-13 13:55:23",0.77511,2,danielvantwisk
5012,15397640,PNN5,"2026-03-13 14:20:48",0.77511,1,hpnn518
5013,15375379,"Cao Đức Thành","2026-03-13 14:24:43",0.77511,2,thanhmcpe
5014,15397653,NhanTr1412,"2026-03-13 14:24:57",0.77511,1,nhantr1412
5015,15397745,"Ananya Gupta #6","2026-03-13 14:41:39",0.77511,1,ananyagupta16
5016,15391220,V1per,"2026-03-14 01:14:34",0.77511,2,zhenyaoxi
5017,5162852,jay_choi0722,"2026-04-30 13:29:51",0.77511,2,jaychoi0722
5018,15398624,"Quiana LaRae Anderson","2026-03-13 17:51:52",0.77511,4,quianalaraeanderson
5019,15398675,"Kai Bromiley","2026-03-13 17:45:58",0.77511,1,kaibromiley
5020,15398626,praneethb7,"2026-03-13 17:47:03",0.77511,4,praneethbudati
5021,15398744,"Divya Kushwaha","2026-03-13 18:03:36",0.77511,1,divyakdata
5022,15398853,"Kriti Agrawal #2","2026-03-13 18:29:39",0.77511,1,kritiseattle
5023,15354543,"Олег Клыков","2026-03-13 18:40:32",0.77511,7,ichyfive
5024,15399002,"Rowan Medlock","2026-03-13 19:07:24",0.77511,1,rowanmedlock
5025,15399017,"Jenna Mukavitz","2026-03-13 19:12:19",0.77511,1,jennamukavitz
5026,15399129,"Diego Lopez Orellana","2026-03-13 19:43:47",0.77511,1,diegolopezorellana
5027,15159987,"Tabbabi Mahdi","2026-03-13 22:38:32",0.77511,5,tabbabimahdi
5028,15399573,"Brett Dean","2026-03-15 01:34:10",0.77511,2,brettdean
5029,15399638,"Dmitry Petukhov #2","2026-03-13 23:34:10",0.77511,1,dmitrypetukhov
5030,15399647,"James Varillo","2026-03-13 23:40:25",0.77511,1,jamesvarillo
5031,15399726,zhangzhang22,"2026-03-14 00:32:23",0.77511,1,zhangzhang22
5032,14099987,"Raymond Baker","2026-03-14 01:18:09",0.77511,1,raymondbaker
5033,14438133,"Avik Das","2026-05-11 03:48:12",0.77511,29,avikdas567
5034,15399924,tianxiwei,"2026-03-14 02:23:07",0.77511,1,xiaotian001
5035,15399984,yiyiandyangyang,"2026-03-14 02:44:09",0.77511,1,yiyiandyangyang
5036,15400101,capybara20,"2026-03-14 03:39:58",0.77511,1,capybara20
5037,15400187,"Muzikayise Khuzwayo","2026-03-14 04:14:13",0.77511,1,muzikayisekhuzwayo
5038,15400305,Kelvin_Cheng0012,"2026-04-16 15:13:12",0.77511,5,kelvincheng0012
5039,15392915,gcounit,"2026-03-15 15:56:56",0.77511,4,gcounit
5040,15400461,非正义的伙伴,"2026-03-14 05:45:18",0.77511,1,yhh114514
5041,15400562,A3616815138,"2026-03-14 06:05:37",0.77511,1,a3616815138
5042,15400690,"REN HOSOYA","2026-03-25 10:59:14",0.77511,4,rhosoya
5043,15366630,"Gaku #3","2026-03-15 04:32:32",0.77511,3,poppudo
5044,15401087,"JG SAC","2026-03-14 07:56:54",0.77511,3,jesusgonzalezsac
5045,15401103,Bytemldg,"2026-03-14 07:28:24",0.77511,1,datarml
5046,15401411,yzyuan142857,"2026-03-19 03:12:06",0.77511,4,yzyuan142857
5047,15401468,"yanze mu","2026-03-14 09:52:04",0.77511,6,yanzemu
5048,15401520,"Aryan Shah #2","2026-03-14 08:50:50",0.77511,1,aryanshah099
5049,15362427,mflo_ust,"2026-03-14 09:05:27",0.77511,1,mfloust
5050,15401560,"Jeffrey Ling2","2026-03-14 09:57:01",0.77511,2,jeffreyling2
5051,15401653,"Maryam Nadeem","2026-03-14 09:24:41",0.77511,1,maryamnadeem7
5052,15401829,"Aon Obeidat","2026-03-14 10:02:56",0.77511,2,aonobeidat
5053,11637454,solisD,"2026-03-14 10:07:28",0.77511,1,solisd
5054,15401978,EraCat,"2026-03-14 10:09:55",0.77511,1,eracat
5055,15402007,ahmed1210,"2026-03-14 10:15:08",0.77511,1,ahmed1210
5056,15401607,"Yunyao Zhou","2026-03-14 10:32:23",0.77511,2,yunyaozhou
5057,15401847,"coldrain chan","2026-03-14 10:53:04",0.77511,2,coldrainchan
5058,15402360,NguyenNewbie,"2026-03-14 11:29:23",0.77511,1,nguyennewbie
5059,15402400,bright666888,"2026-03-21 11:25:31",0.77511,4,bright666888
5060,15402421,"kamalesh yadav","2026-03-14 11:47:09",0.77511,1,admino19
5061,15389429,wuuuuuuuuujjjjj,"2026-03-17 14:02:25",0.77511,2,wuuuuuuuuujjjjj
5062,15402607,"Jingrui Guo","2026-03-14 12:42:32",0.77511,1,jingruiguo
5063,15401401,weiliangli3501,"2026-03-17 04:24:14",0.77511,3,weiliangli3501
5064,15402847,"Ben Ouattara","2026-03-14 13:36:56",0.77511,1,bouattara
5065,15403072,"Aleksandr Dulepov","2026-03-14 14:35:40",0.77511,1,aleksandrdulepov
5066,15403077,"Bharath V L","2026-03-14 14:36:12",0.77511,1,bharathvl
5067,15403082,"Võ Trần Hiếu Nhân 2","2026-04-05 09:38:14",0.77511,2,vtrnhiunhn2
5068,15403185,nothing.humble,"2026-03-14 15:00:33",0.77511,1,nothinghumble
5069,15403186,DNRKJB,"2026-03-14 15:01:04",0.77511,1,dnrkjb
5070,15403202,"Virananda Iskandar","2026-03-14 15:41:18",0.77511,8,viranandaiskandar
5071,15403426,"Fathima Mehrin V S","2026-03-14 16:11:32",0.77511,1,fathimamehrinvs57
5072,8826537,"Paul Kuruvilla","2026-03-14 16:43:14",0.77511,5,rohitpaulk
5073,15403581,Snook03,"2026-03-14 16:59:32",0.77511,1,snook03
5074,15365306,"Анастасия С","2026-03-14 17:37:03",0.77511,3,asyastr
5075,13170639,djs100201,"2026-03-14 17:37:35",0.77511,1,djs100201
5076,15403784,"Harshil Sandhu","2026-03-14 17:45:13",0.77511,1,harshilsandhu
5077,15403894,Pepeni,"2026-03-14 18:22:07",0.77511,1,pepeni
5078,15403914,"Hakkı Kondak","2026-03-14 18:28:10",0.77511,1,hakkkondak
5079,15403945,"Akmal Khakimov","2026-03-14 18:37:24",0.77511,1,akmalkhakimov
5080,15404010,"Felix Polim","2026-03-14 19:01:09",0.77511,1,supermanmakjos
5081,15404042,"Cal Doese","2026-03-14 19:19:37",0.77511,1,caldoese
5082,15404185,"Florian Dufour","2026-03-14 20:27:09",0.77511,2,flodufour
5083,15404249,"Stephen Taborek","2026-03-14 20:49:28",0.77511,1,stephentaborek
5084,15404278,"ROTEM BEN MOUYAL","2026-03-14 20:55:53",0.77511,1,rotembenmouyal
5085,15404517,Hanan.,"2026-03-14 22:49:29",0.77511,1,hanan123ayoob
5086,15404643,anabiarochar,"2026-03-15 00:15:52",0.77511,1,anabiarochar
5087,15404770,Leeako,"2026-03-16 09:12:52",0.77511,2,leeako
5088,15404814,Maybe...,"2026-03-15 02:07:17",0.77511,1,shigure32
5089,13920801,Blumine,"2026-03-15 02:55:35",0.77511,2,blumine
5090,15404952,"Eslee G","2026-03-19 01:20:53",0.77511,5,esleeg
5091,15404953,"Cao Tiantong","2026-03-23 09:34:47",0.77511,11,caotiantong
5092,15405037,"Muhammad Haikal H","2026-03-15 04:07:17",0.77511,1,muhammadhaikalh
5093,15405107,"Nalini Chalamalla","2026-03-15 04:33:32",0.77511,1,nalinichalamalla
5094,15405183,ConnerL1210,"2026-03-15 05:12:41",0.77511,1,connerl1210
5095,15404739,skolseg,"2026-03-15 21:33:34",0.77511,6,skolseg
5096,15405489,zhangzibo54,"2026-03-15 06:57:06",0.77511,1,zhangzibo54
5097,15405594,"Klein Peng","2026-03-15 07:28:43",0.77511,1,kleinpeng
5098,15405625,"Hh Shang","2026-03-15 07:39:09",0.77511,1,hhshang
5099,1860482,Athul.22,"2026-03-15 07:58:22",0.77511,1,athulanish
5100,15405715,"Kiran Vitly","2026-03-15 08:07:36",0.77511,1,kiranvitly
5101,15405789,MindPrisoner,"2026-03-15 09:50:10",0.77511,10,mindprisoner
5102,952656,live,"2026-03-15 08:52:44",0.77511,1,livefour
5103,15405951,Id4568,"2026-03-15 16:23:59",0.77511,6,id4568
5104,15406144,ChinmayGupta01_,"2026-03-15 09:53:03",0.77511,1,chinmaygupta01
5105,15406145,"jukai zhu","2026-03-15 09:53:22",0.77511,1,jukaizhu
5106,15406160,rosh03,"2026-03-15 09:57:23",0.77511,1,rosh03
5107,15406163,"Farhan Sadique","2026-03-15 09:57:35",0.77511,1,fallenmessiah
5108,15406374,guibi,"2026-03-15 10:35:34",0.77511,1,explorerbi
5109,15406473,"Shital Sonkusale","2026-03-15 10:54:44",0.77511,1,shitalsonkusale
5110,14122859,"Geoffrey Yang #2","2026-03-15 12:08:53",0.77511,5,geoffreyyang21
5111,15407035,"fan yang #3","2026-03-15 12:36:00",0.77511,1,fanyang1234
5112,15407268,"Vydehi Jamalapuram","2026-03-15 13:16:27",0.77511,1,vydehijamalapuram
5113,15407297,YYSSSBB,"2026-03-15 13:21:55",0.77511,1,yysssbb
5114,15407347,zizifrank,"2026-03-15 13:29:36",0.77511,1,zizifrank
5115,15407502,yangyaqi777,"2026-03-15 14:06:23",0.77511,1,yangyaqi777
5116,15407538,"Iftikar Ali","2026-03-15 14:29:27",0.77511,1,aliiftikar
5117,15407814,O0O0O,"2026-03-15 15:12:31",0.77511,1,jf7516
5118,15407933,"zih li","2026-03-15 15:52:36",0.77511,2,zi77li
5119,4684423,"Jack Yang #2","2026-03-15 16:41:28",0.77511,1,yangjack1
5120,15408521,"Florian Troude","2026-03-15 18:07:03",0.77511,1,floriantroude
5121,15408627,"Emiliano saá","2026-03-20 20:58:16",0.77511,2,saatelite
5122,15408663,"Helin Kesip","2026-03-15 18:41:56",0.77511,1,helinkesip
5123,15408741,"Jitender Mutreja","2026-03-17 10:43:54",0.77511,12,jitendermutreja
5124,15408949,kwho789,"2026-03-15 19:38:28",0.77511,1,kwho789
5125,15409018,"Vivian Brent","2026-03-15 19:52:13",0.77511,1,vivianbrent
5126,15409355,Cristina74,"2026-03-15 21:43:18",0.77511,1,cristina74
5127,15409423,"daniel brattle ","2026-03-15 22:05:10",0.77511,4,danielbrattle
5128,15409676,"Randy Zhang","2026-03-15 22:46:17",0.77511,1,randyzhang3
5129,15409758,orbistertius,"2026-03-15 23:11:41",0.77511,1,orbistertius
5130,15409885,"Ava Pun","2026-03-16 14:27:36",0.77511,2,avapun
5131,15410081,"Isabel Flores","2026-03-16 02:10:11",0.77511,2,iflores18
5132,15410087,"Maria Coronada Rodriguez Medina","2026-03-16 01:17:32",0.77511,1,mariacoronada
5133,15377869,홍기사랑단,"2026-03-16 02:40:58",0.77511,4,horizon1427
5134,1324926,glm4.7-openclaw,"2026-03-17 03:41:26",0.77511,6,hengzheng
5135,15410512,"Chaoli Wang","2026-03-16 03:05:29",0.77511,1,calebwang0601
5136,15410622,ykbrrr,"2026-03-16 03:21:53",0.77511,1,ykbrrr
5137,15410713,hoanglongnguyen9002,"2026-03-16 03:50:19",0.77511,2,hoanglongnguyen9002
5138,15410911,"Zoe Cheng","2026-03-16 04:45:53",0.77511,1,zoecheng98
5139,15410936,"Maxim Khazov","2026-03-16 04:55:45",0.77511,1,maximskhazov
5140,15410956,"Yuki #9","2026-03-16 05:06:01",0.77511,1,nixiangzadi
5141,15411021,"Malak Hassan2003","2026-03-16 05:25:53",0.77511,1,malakhassan2003
5142,15411329,_Kyraaalqiqi,"2026-03-18 05:16:13",0.77511,2,pipi677
5143,15411351,"Masafumi Someya","2026-05-09 06:29:43",0.77511,12,masafumisomeya
5144,15411407,lipyyy,"2026-03-16 06:47:53",0.77511,1,lipyyy
5145,15411443,zzzzzzy45,"2026-03-16 06:54:37",0.77511,1,zzzzzzy45
5146,15411477,Cc自由随风,"2026-03-16 07:39:58",0.77511,4,cckagglec
5147,15407460,dhu2252974,"2026-03-16 08:05:26",0.77511,6,"bigging,shengchaoli,winnie0105"
5148,15411692,岡本典大,"2026-03-16 09:32:48",0.77511,2,norihirookamoto
5149,15411703,fieldwalk21,"2026-04-13 08:23:43",0.77511,2,fieldwalk21
5150,15411736,"Lo Ho Yat","2026-03-16 07:52:21",0.77511,1,lohoyat
5151,15411928,"White Lee","2026-03-16 08:29:05",0.77511,1,tokaiteio114514
5152,15411992,"Hải Đăng","2026-03-16 08:36:31",0.77511,1,haidang12
5153,15412064,"Lee man Ye","2026-03-16 08:42:44",0.77511,1,leemanye
5154,15412188,"Lin Joyce","2026-03-16 08:59:54",0.77511,1,linjoyce
5155,15412263,Miekye,"2026-03-17 11:29:54",0.77511,5,miekye
5156,15412347,"Jack Acland","2026-03-16 09:21:09",0.77511,1,jackacland
5157,15412398,"Yue Fung Lau","2026-03-16 09:29:18",0.77511,1,yuefunglau
5158,15412404,"Jingyin Zheng","2026-03-16 09:30:48",0.77511,1,jingyinzheng
5159,15332733,"Eugene Kuzmin","2026-03-16 09:32:43",0.77511,1,zkuzmine
5160,15412418,JuanyongHao,"2026-03-16 09:34:09",0.77511,1,juanyonghao
5161,15412453,刘海波大,"2026-03-16 09:41:14",0.77511,1,whylhb123
5162,15412475,"King Yam Tam","2026-03-16 09:45:14",0.77511,1,kingyamtam
5163,15412583,"Usman Kousar","2026-03-16 10:08:25",0.77511,2,usmankousar
5164,15412609,"Lokesh Badam","2026-03-16 10:10:44",0.77511,1,lokeshbadam7
5165,15412856,"HY #2","2026-03-16 10:58:31",0.77511,1,hyl0928
5166,15412996,"Jenson P P","2026-03-16 11:09:47",0.77511,1,jensonpp
5167,15413066,"Rubén Urraca Torices","2026-03-16 11:26:44",0.77511,1,rubnurracatorices
5168,15413216,"kakaa jim","2026-03-16 11:57:40",0.77511,1,kakaajim
5169,12499605,1v7w,"2026-03-17 03:26:26",0.77511,11,ii1v7w
5170,15413340,arakulets,"2026-03-16 12:18:39",0.77511,1,arakulets
5171,15413272,"Fang Shanchuan","2026-03-16 12:22:13",0.77511,2,fangshanchuan
5172,15413565,ZEROCUBE47,"2026-03-16 13:27:31",0.77511,3,zerocube47
5173,15413673,"Choi Jacey","2026-03-17 01:18:50",0.77511,5,choijacey
5174,15413773,"Pham Quang Duong","2026-03-16 13:34:11",0.77511,1,phamquangduong1604
5175,15413796,"Cao Thai Ha","2026-03-16 13:38:15",0.77511,1,tyha24
5176,15414215,Lutevj,"2026-03-16 14:41:24",0.77511,1,lutevj
5177,15414402,H1cYber,"2026-03-16 15:09:25",0.77511,1,h1cyber
5178,15414490,"dev gautam ","2026-03-16 15:18:37",0.77511,1,devgautam007
5179,15414577,"Bishal Sutradhar","2026-03-16 15:33:35",0.77511,1,bishalsutradhar2006
5180,15414616,"kai wang18","2026-03-16 15:39:14",0.77511,1,kaiwang18
5181,15414718,"Vishael Denis","2026-03-16 15:55:14",0.77511,1,vishaeldenis
5182,15414798,dora911,"2026-03-16 16:10:10",0.77511,1,dora911
5183,15414844,"Geonwoo Shin","2026-03-16 16:17:44",0.77511,1,geonwooshin
5184,15414769,"Yuquan Lin2004","2026-03-16 16:33:24",0.77511,4,yuquanlin2004
5185,15414805,"Parth Panchal #4","2026-03-16 16:26:42",0.77511,1,parthpanchal262502
5186,15415020,"Zengjia LI1122","2026-03-16 16:45:42",0.77511,1,zengjiali1122
5187,15415055,Rowena_yty,"2026-03-16 16:54:38",0.77511,1,rowenayty
5188,15415077,"Hilary Yuen","2026-03-16 16:58:55",0.77511,1,hilaryyuen
5189,15415159,"Li Wing Lok","2026-03-17 06:25:30",0.77511,3,zoeli43433
5190,15415145,"Marco 456","2026-03-16 17:27:48",0.77511,3,marco456
5191,15408466,"Lau Doris","2026-03-16 17:21:07",0.77511,2,laudoris
5192,15415213,"WONG Chi Yeung Angus","2026-03-16 17:41:13",0.77511,2,anguswong0911
5193,14682856,"Timur #9","2026-04-04 13:34:05",0.77511,2,timur82
5194,15415397,"Rohit #25","2026-03-16 18:04:19",0.77511,1,rohitv18
5195,15415599,"Abdelrahman Lasheen","2026-03-16 18:51:04",0.77511,1,pascal17
5196,15415625,"Chris #59","2026-03-16 19:23:05",0.77511,1,chrisj86
5197,15415996,"Voxter Vargas Orozco","2026-03-16 20:18:38",0.77511,1,voxtervargasorozco
5198,15416081,"Kuvaiev Mykyta","2026-03-16 20:54:15",0.77511,2,kuvaievmykyta
5199,15416084,"Md Aashir Iqbal","2026-03-16 20:47:23",0.77511,1,mdaashiriqbal
5200,15416087,"Wilmer Alvarez","2026-03-16 22:45:57",0.77511,4,wilmeralvarez9
5201,15416477,"Hanako Daino-Laizure","2026-03-16 22:15:15",0.77511,1,hanakodainolaizure
5202,15416621,"Megan Reed","2026-03-16 23:01:12",0.77511,1,mnslovak
5203,15416780,"Ama Bunny","2026-03-16 23:54:43",0.77511,1,amabunny
5204,15416936,"Veronica Gonzalez","2026-03-17 00:37:23",0.77511,1,veronicagonzalez74
5205,15416957,"Jean Miquelino","2026-03-17 00:57:47",0.77511,3,jeanmiquelino
5206,15416959,郭二包(bren),"2026-03-19 23:56:36",0.77511,3,davidybren
5207,15417110,jamestsai106,"2026-03-17 01:29:01",0.77511,2,jamestsai106
5208,15417242,santakg,"2026-03-24 04:17:32",0.77511,2,santakg
5209,15417407,"Tianzhe Li","2026-03-17 02:41:38",0.77511,2,tianzheli
5210,15417581,poivronvert,"2026-03-17 03:14:11",0.77511,1,mingchiehkuo
5211,15417596,"Rafael Beltran Haro","2026-03-17 03:17:03",0.77511,1,rafaelbeltranharo
5212,15418589,ShotDownInMay,"2026-03-17 06:22:28",0.77511,1,shotdowninmay
5213,15418626,"Mahesh #17","2026-03-17 06:28:26",0.77511,1,maheshmanvi
5214,10355195,CyborgOctopus,"2026-03-19 19:51:11",0.77511,11,cyborgoctopus
5215,15419001,"Ben Leclair","2026-03-17 07:38:22",0.77511,1,benleclair
5216,15419083,"shivam kumar6783","2026-03-17 07:47:03",0.77511,1,shivamkumar6783
5217,15419100,"Mak Wai Laam","2026-03-17 07:48:17",0.77511,1,dino31760
5218,15419183,"Youdu Liu","2026-03-17 07:58:32",0.77511,1,youduliu
5219,15419193,"LEE Lok Ching Bernice","2026-03-17 08:00:02",0.77511,1,leelokchingbernice
5220,15419229,"Mak Wai Laam #2","2026-03-17 08:05:56",0.77511,1,makwailaam
5221,15419309,C!FdyniH754!pF4,"2026-03-17 09:31:31",0.77511,3,cfdynih754pf4
5222,15419404,Jamie0818,"2026-03-17 08:33:03",0.77511,1,jamie0818
5223,15419505,"enci guan","2026-03-17 08:46:43",0.77511,1,enciguan
5224,15419520,HarryYU,"2026-03-17 09:56:28",0.77511,2,harryyu123
5225,15419240,"Aiden Abenee","2026-03-17 10:42:59",0.77511,10,aidenabenee
5226,15419660,DuGiaKhang,"2026-03-17 09:08:38",0.77511,1,dugiakhang
5227,15419691,"Hamood ur Rehman","2026-03-17 09:12:25",0.77511,1,hamoodurrehman123
5228,15419717,HermanChung,"2026-03-17 11:30:58",0.77511,2,hermanchung519
5229,15419794,"He Yingxin, Mandy","2026-03-17 09:27:26",0.77511,1,heyingxinmandy
5230,15420011,"Colm Lehane","2026-03-17 10:03:43",0.77511,1,colmlehane
5231,15420566,Marencin,"2026-03-17 11:28:23",0.77511,1,marencin
5232,15420367,"Isaac Ngai","2026-03-17 11:30:46",0.77511,2,isaacngai
5233,15420591,Nick_N123,"2026-03-17 15:02:19",0.77511,2,nickn123
5234,15420432,YiuKeiYAU,"2026-03-17 11:49:16",0.77511,2,yiukeiy
5235,15420900,"Yuxuan Peng","2026-03-17 12:13:34",0.77511,1,yuxuands
5236,15420925,"Olebogeng Moraka","2026-03-17 12:17:47",0.77511,1,olebogengmoraka
5237,15420981,Elkaid0512,"2026-03-17 12:26:29",0.77511,1,elkaid0512
5238,15421002,Fallingstar1232,"2026-03-17 12:29:33",0.77511,1,fallingstar1232
5239,15421151,"Feiyue Teng","2026-03-17 12:48:31",0.77511,1,feiyueteng
5240,15421333,"Samuel TCY","2026-03-17 13:16:28",0.77511,1,samueltcy
5241,15403773,"Sunil Simon","2026-03-17 13:49:44",0.77511,7,sunilsimon
5242,15421409,TheresaTam,"2026-03-17 13:43:00",0.77511,2,theresatam
5243,15421598,"Abror Kamolov","2026-03-17 13:51:24",0.77511,2,abrorkamol77
5244,15137867,rrrchen,"2026-03-17 14:00:31",0.77511,1,rrrchen
5245,15421714,L21059420,"2026-03-17 14:07:37",0.77511,1,l21059420
5246,15421834,"Erna #2","2026-03-17 14:21:52",0.77511,1,ernaru
5247,15421952,Moonl1t,"2026-03-17 14:58:46",0.77511,8,moonl1t
5248,15422164,anavrb,"2026-03-17 15:09:23",0.77511,1,anavrb
5249,15422170,"Natsume Kafka","2026-03-17 15:09:48",0.77511,1,natsumekafka
5250,15422423,"Ashab Ribat","2026-03-17 15:47:21",0.77511,1,ribatashab
5251,15422450,"Wilbon Pang","2026-03-17 15:52:32",0.77511,2,wilbonpang
5252,15422909,Anushagowda2005,"2026-04-14 07:14:45",0.77511,2,anushagowda2005
5253,15423150,"Abdelrahman Mostafa #2","2026-03-17 17:10:06",0.77511,1,abdelrahmanmostafa8
5254,15423326,"thanos kokkinos1989","2026-03-17 17:26:44",0.77511,1,thanoskokkinos1989
5255,15423420,"CHAITANYA GOYAL","2026-03-17 17:35:18",0.77511,1,chaitanya13goyal
5256,15423846,jddroguett,"2026-03-17 18:15:20",0.77511,1,jddroguett
5257,15417424,"Dekkan Ziad","2026-03-17 18:22:44",0.77511,3,dekkanziad
5258,15423878,"Sahand Naghibi","2026-03-18 06:38:30",0.77511,2,sahandnaghibi
5259,15424046,"Aniket Mondal","2026-03-17 18:52:18",0.77511,5,aniket21destiny
5260,6963321,"Ani Susanti","2026-03-17 18:35:56",0.77511,1,anisusanti
5261,15424108,Yanxiii,"2026-03-17 18:38:01",0.77511,1,yanxiii1
5262,15424735,giorzang,"2026-03-17 19:51:54",0.77511,2,giorzang
5263,15424814,"Sarah Whitbourn","2026-03-17 19:57:34",0.77511,1,sarahwhitbourn
5264,15424912,"Dawn Arrowood","2026-03-17 20:07:58",0.77511,1,dawnarrowood
5265,15425132,"Atul Yadav #2","2026-03-17 20:31:36",0.77511,1,raoatul
5266,15425283,"Jason Lehmann","2026-03-17 20:49:31",0.77511,1,lehmanndev
5267,15425562,"Imraan Alas","2026-03-17 21:32:13",0.77511,1,imraanalas
5268,15425570,HinataS,"2026-03-17 21:33:18",0.77511,1,hinatas
5269,15425261,"Nafissatou Ouédraogo","2026-03-21 09:46:09",0.77511,8,nafissatououdraogo
5270,15425768,"Rafiq Lohani","2026-03-17 22:02:56",0.77511,1,rafiqlohani
5271,12353348,massimiliano_go,"2026-03-17 22:50:43",0.77511,1,massimilianogo
5272,15426093,"Black right handed","2026-03-17 23:14:33",0.77511,1,blackrighthanded
5273,15426358,pennstater,"2026-03-18 00:20:29",0.77511,1,pennstater
5274,15426500,"hajeera khanum1","2026-03-18 15:55:33",0.77511,4,hajeerakhanum1
5275,15426552,JinruYao0815,"2026-03-18 01:30:11",0.77511,3,jinruyao0815
5276,15426623,Haruyuki0714,"2026-03-19 06:46:36",0.77511,3,haruyuki0714
5277,15426664,"Chloe Robinson265","2026-04-18 03:00:23",0.77511,4,chloerobinson265
5278,15426618,kuroha39,"2026-03-18 02:10:35",0.77511,3,kuroha39
5279,13078182,黒川悠馬,"2026-03-18 02:10:54",0.77511,1,ultrabumbuku
5280,15427593,"Jaron Stevens","2026-03-18 03:47:26",0.77511,2,jaronstevens
5281,15427643,"Aziz Sahli","2026-03-18 03:35:54",0.77511,1,azizsahli57
5282,15427737,"BINBIN LI 1989","2026-03-18 03:48:42",0.77511,1,binbinli1989
5283,15428149,"Ky Barbee","2026-03-18 04:49:46",0.77511,1,kybarbee
5284,15428438,cerebraters,"2026-03-18 05:33:24",0.77511,1,lexluzakov
5285,15428491,"MANJURUL HAQUE","2026-03-18 05:44:39",0.77511,2,manjur13673
5286,15428852,"pepper fan","2026-03-20 01:40:13",0.77511,6,pepperfan
5287,15428130,"Chu Nguyen Tuan Anh","2026-03-18 09:11:44",0.77511,10,chunguyentuananh
5288,15428890,"Elsayed Elfayoumi","2026-03-18 06:35:46",0.77511,1,elsayedelfayoumi
5289,15429065,"Navid Armanfar","2026-03-18 07:04:25",0.77511,1,navidarmanfar
5290,15429066,"Mr Kelada","2026-03-18 07:04:27",0.77511,1,mrkelada
5291,15429142,Colourhuh,"2026-03-18 07:21:30",0.77511,2,colourhuh
5292,15429196,xuyshlp,"2026-03-18 07:22:22",0.77511,1,xuyshlp
5293,15429595,huyouxu,"2026-03-18 08:21:28",0.77511,1,huyouxu
5294,15429796,"Eemil Ylä-Nikkilä","2026-03-18 10:02:18",0.77511,3,eemilylnikkil
5295,15430153,ghost58001,"2026-03-23 13:53:19",0.77511,2,ghost58001
5296,15430434,"Michelle #12","2026-03-18 10:31:05",0.77511,1,michelleknol
5297,906845,mnasrutdinov,"2026-03-18 10:35:41",0.77511,1,mnasrutdinov
5298,15430534,"Janesh Parnami","2026-03-18 10:42:05",0.77511,1,janeshparnami
5299,15381683,zxtlpw,"2026-03-18 10:42:25",0.77511,1,zxtlpw
5300,15430573,"guo bingjie","2026-03-18 10:50:44",0.77511,1,guobingjie12345678
5301,15430762,Sarashse,"2026-03-18 11:20:02",0.77511,1,sarashse
5302,15430776,PeakYi,"2026-03-18 11:22:13",0.77511,1,peakyi
5303,15430887,ProgrammistVita,"2026-03-18 11:35:47",0.77511,1,programmistvita
5304,15431448,"Mario Yee","2026-03-18 13:02:03",0.77511,1,marioyee
5305,15431607,Zsttsz,"2026-03-18 13:30:25",0.77511,1,zsttsz
5306,15431608,"[Deleted] bb8a18e3-25f4-4865-adb1-4ade25efd2c0","2026-03-18 13:30:37",0.77511,1,sahnostream
5307,15431406,"Bart van der W","2026-03-18 13:40:08",0.77511,5,bartvanderw
5308,15431689,xiaoaukjs,"2026-03-18 13:42:39",0.77511,1,xiaoaukjs
5309,15431700,"Felix S #3","2026-03-19 06:04:42",0.77511,3,felixseq
5310,15294794,"shuqi cao","2026-03-18 14:10:54",0.77511,1,shuqicao
5311,15432084,"Mainol De Jesús Díaz Mota","2026-03-18 14:32:56",0.77511,1,mainoldejessdazmota
5312,15432220,ItsAyaya,"2026-03-18 14:50:18",0.77511,1,itsayaya
5313,15432411,"Cauã Will Sacramento","2026-03-18 15:12:29",0.77511,1,cauwillsacramento
5314,15432532,Philipp8049,"2026-03-18 15:28:26",0.77511,1,philipp8049
5315,15431516,"Kareem Mustafa","2026-03-19 13:16:59",0.77511,5,kareemmustafa123
5316,15432629,"Hoàng Vinh","2026-03-18 15:40:03",0.77511,1,vinhdeptraii
5317,13209085,"Thanat #2","2026-03-18 16:28:49",0.77511,1,thanat13x
5318,15433062,"Maceo Gonzalez","2026-03-18 16:33:10",0.77511,1,maceogonzalez
5319,15433113,"Jason Haas #2","2026-03-18 16:38:31",0.77511,1,jasonhaas03
5320,15433123,GlimHJer,"2026-03-19 03:12:53",0.77511,2,glimhjer
5321,15433280,"Alice Clark","2026-03-18 17:00:23",0.77511,1,aclarkmlis
5322,15433555,Rohan_songara,"2026-03-18 17:27:58",0.77511,1,rohansongara
5323,15430956,"Alonso Cascajero López","2026-03-18 17:31:40",0.77511,3,alonsocascajerolopez
5324,15433975,"Szymon Kuzniar","2026-03-18 18:03:02",0.77511,1,szymonkuzniar
5325,15434429,"Mohd Ibrahim","2026-03-18 18:45:18",0.77511,1,mohdibrahim7
5326,15433608,"Artem Koniashin","2026-03-18 20:39:35",0.77511,5,artemkoniashin
5327,15434986,"Lucas Galvan","2026-03-18 19:46:02",0.77511,1,lucasgalvan
5328,15042493,moeuuu,"2026-03-18 20:15:23",0.77511,1,moeuuu
5329,15435424,"Abilasha Rajmohan","2026-03-18 20:49:54",0.77511,1,abilasharajmohan
5330,15435554,"Jon Newton","2026-03-18 21:08:03",0.77511,1,roninthewhite
5331,15435693,GuilleRey,"2026-03-18 21:25:23",0.77511,1,guillerey
5332,15436200,JVentz,"2026-03-18 23:33:54",0.77511,2,jventz
5333,15378005,"wenqian gao","2026-03-19 14:53:56",0.77511,4,wenqiangao1
5334,15436947,ycchenzhi,"2026-03-19 01:07:55",0.77511,2,ycchenzhi
5335,15437114,GluttonSAMA,"2026-03-19 01:37:07",0.77511,1,gluttonsama
5336,15437352,madrlibr,"2026-03-19 02:10:44",0.77511,1,madrlibr
5337,15437389,"xiao sun","2026-03-19 02:18:02",0.77511,1,fafa3557
5338,15437678,"Wen Eu Cheah","2026-03-19 03:02:13",0.77511,1,weneucheah
5339,15437766,DavidHKS,"2026-03-19 03:12:44",0.77511,1,davidhks
5340,15437767,"Kevin Chia","2026-03-19 03:12:46",0.77511,1,kevchia
5341,15437776,"Yusuke Ohtori","2026-03-19 03:13:26",0.77511,1,yusukeohtori
5342,15437800,"Ganesh Radhakrishnan #2","2026-03-19 03:15:41",0.77511,1,ganikris
5343,15438305,Starprince123,"2026-03-19 04:38:12",0.77511,1,starprince123
5344,15438586,Vaishali119,"2026-03-19 05:28:35",0.77511,1,vaishali119
5345,12427251,KulMec,"2026-04-14 04:54:09",0.77511,4,kulmec
5346,15438685,KCPAas,"2026-03-19 05:42:29",0.77511,1,kcpaas
5347,15438940,"Zhuoqun Liu","2026-03-19 06:10:21",0.77511,1,zhuoqunl
5348,15439332,"Ujjwal Maniklal Patil","2026-03-19 06:58:43",0.77511,1,ujjwalmaniklalpatil
5349,15439517,"Marta Bazan","2026-03-19 07:26:12",0.77511,1,martabazan
5350,15439894,Nojari,"2026-03-19 08:18:10",0.77511,1,nojari
5351,15440070,"danis shresthaCC","2026-03-19 08:41:14",0.77511,1,danisshresthacc
5352,13979364,"Vedant Baldwa","2026-03-19 08:45:40",0.77511,1,vedantbaldwa
5353,15440122,"Runze Han","2026-03-19 08:48:38",0.77511,1,runzehan1
5354,15440165,"hua danni","2026-03-21 07:35:46",0.77511,6,huadanni
5355,15325403,utkarsh6174_,"2026-03-19 10:05:50",0.77511,3,utkarsh6174
5356,15440489,"prachi priyam","2026-03-19 09:50:47",0.77511,1,priyam0710
5357,15440525,"Saptarshi Meghamala","2026-03-19 09:56:44",0.77511,1,saptarshimeghamala
5358,15440717,"Moon Lawlier","2026-03-19 10:34:45",0.77511,2,moonlawlier
5359,15440886,Adarshramaseshu,"2026-03-19 11:13:22",0.77511,1,adarshramaseshu
5360,15440976,"hadi almusawi","2026-03-19 11:19:52",0.77511,1,hadialmusawi
5361,15441268,"ben bright","2026-03-19 12:19:22",0.77511,1,benbright
5362,15441538,"Jopet Caguioa","2026-03-19 13:00:02",0.77511,1,jopetcaguioa
5363,15441716,"Eduarda Borba","2026-03-19 13:24:56",0.77511,1,eduardaborba
5364,15441883,beichengyibei,"2026-03-19 13:47:47",0.77511,1,beichengyibei
5365,15441966,"Wang Wenxu","2026-03-19 13:56:42",0.77511,1,wwx152
5366,15442197,"Judge Wang","2026-03-19 14:33:26",0.77511,1,judgewang
5367,15442451,"BNBU Yuan Anpeng","2026-03-19 15:26:30",0.77511,4,chesteryuan
5368,15442629,"Tuan Minh - 0418070","2026-03-19 16:16:55",0.77511,3,tuanminh2222
5369,15442679,"John Ohiosimuan ","2026-03-19 15:40:54",0.77511,1,johnohiosimuan
5370,15442780,"Ibhi Yassine","2026-03-19 15:59:09",0.77511,1,ibhiyassine
5371,15442804,veronickies,"2026-03-19 16:51:09",0.77511,10,veronickies
5372,15442889,"Rihem Fathallah4","2026-03-19 16:11:50",0.77511,1,rihemfathallah4
5373,15442010,"Jaro Drongowski","2026-03-19 16:16:01",0.77511,5,jarodrongowski
5374,15442931,"John Bradford","2026-03-19 16:17:35",0.77511,1,autoboy2000
5375,15443474,liangpeifeng,"2026-03-19 17:25:16",0.77511,1,liangpeifeng
5376,15443553,"Dmitrijs Livinskis","2026-03-19 17:37:28",0.77511,1,dmitrijslivinskis
5377,15443586,uhhahffk,"2026-03-19 17:42:00",0.77511,1,uhhahffk
5378,15444050,"Vladyslav Matviiuk","2026-03-19 18:49:54",0.77511,1,vladyslavmatviiuk
5379,15240394,"Ariana CM","2026-03-20 19:36:18",0.77511,11,arianacm
5380,15444411,"Luis Balderas","2026-03-19 20:00:18",0.77511,1,thespooder
5381,15444479,"Rjaul karim","2026-03-19 21:00:01",0.77511,3,reja37
5382,15444775,"Алёна Щепачёва","2026-03-19 21:47:45",0.77511,1,helency
5383,15444946,Palak,"2026-03-19 22:38:21",0.77511,1,palakverma0123
5384,15445027,"Kian Loong","2026-03-22 01:30:46",0.77511,3,kianloong
5385,15445143,"Asomugha Grace","2026-03-19 23:23:56",0.77511,1,asomughagrace
5386,15445440,jaehyunjeung,"2026-03-20 00:48:33",0.77511,1,jaehyunjeung
5387,15445450,093_이민재,"2026-03-20 01:13:01",0.77511,2,dannyahn1
5388,15445511,djbmin,"2026-03-20 01:04:44",0.77511,1,djbmin
5389,15445593,doqcky,"2026-03-20 01:32:48",0.77511,1,doqcky
5390,15445654,"Eric Gomez","2026-03-20 01:48:17",0.77511,1,ergomez0201
5391,15445684,YOLOO666,"2026-03-20 01:59:58",0.77511,1,yoloo666
5392,15445720,vvyas426950,"2026-03-20 02:07:40",0.77511,1,vvyas426950
5393,15445840,VoDanh1111,"2026-03-20 02:41:40",0.77511,1,vodanh1111
5394,15445842,"NATALIE Hussain","2026-03-20 03:48:09",0.77511,7,nataliehussain
5395,15446209,destroymizuki,"2026-03-20 04:14:58",0.77511,1,destroymizuki
5396,15446439,asukasensei1,"2026-03-20 05:13:40",0.77511,1,asukasensei1
5397,15446680,hzcovo,"2026-03-20 05:57:56",0.77511,1,hzcovo
5398,15446734,SunCoral,"2026-03-20 06:09:02",0.77511,1,suncoral
5399,15446737,"Gana sai teja velicheti","2026-03-20 06:09:24",0.77511,1,ganasaitejavelicheti
5400,15446810,Zoe_0730,"2026-03-20 06:16:24",0.77511,1,zoe0730
5401,15447197,"Kevin #53","2026-03-20 09:04:43",0.77511,4,kevinsch7
5402,15447242,"Weiqi Huang","2026-03-20 07:12:37",0.77511,1,weiqihuang12
5403,15447264,jaejin0me,"2026-03-20 07:14:57",0.77511,1,jaejin0me
5404,15447282,The_64tm4n,"2026-03-20 07:17:14",0.77511,1,the64tm4n
5405,11439942,sigurn,"2026-03-20 08:18:10",0.77511,1,sigurn
5406,15447815,"Ryutaro Makishima","2026-03-26 14:43:48",0.77511,4,ryutaromakishima
5407,15447969,"Maksat Omorov","2026-03-20 09:11:04",0.77511,1,maksatomorov
5408,15447973,"pooja G P","2026-03-20 09:11:29",0.77511,1,poojagowdruprakash
5409,15447998,"Chandu Gavireddi","2026-04-03 04:55:52",0.77511,3,chandugavireddi
5410,15448612,"Alberto José Pedrera Ros","2026-03-20 11:11:11",0.77511,1,albertojopedreraros
5411,15001919,lemonplusmilk,"2026-03-22 01:53:55",0.77511,8,lemonplusmilk
5412,15449172,Serendipiy,"2026-03-20 12:11:18",0.77511,1,serendipiy
5413,15449323,Gongxinran,"2026-03-20 12:28:34",0.77511,1,gongxinran
5414,15449343,JiangBeixi,"2026-03-20 12:31:01",0.77511,1,jiangbeixi
5415,15449353,Marrinatte,"2026-03-20 12:32:56",0.77511,1,marrinatte
5416,15449470,Leorigo,"2026-03-20 13:13:45",0.77511,10,leorigo
5417,15450006,"Túlio Sousa","2026-03-20 13:37:29",0.77511,1,tliosousa
5418,15450357,SahilB7,"2026-05-03 08:05:22",0.77511,2,sahilb7
5419,15451227,kanchit.data,"2026-03-29 02:44:12",0.77511,3,kanchitdata
5420,732217,nbhk,"2026-03-20 15:33:53",0.77511,2,msmnbhk
5421,15451521,Veljko03,"2026-03-20 15:44:30",0.77511,1,veljko03
5422,15451583,"Stephan Botha","2026-03-20 15:51:00",0.77511,2,stephanbotha
5423,15451654,"Manali Nilesh Sagvekar","2026-03-20 17:55:58",0.77511,2,manalinileshsagvekar
5424,15452164,"Dhruv Manoj Bhatt","2026-03-20 16:42:38",0.77511,1,dhruvmbhatt
5425,15452875,"Pablo Ceballos","2026-03-20 18:09:15",0.77511,1,pablocbllos
5426,15453139,"Natalia Bobrova","2026-03-20 19:11:59",0.77511,2,natabobrova
5427,15453199,"Jahnavi Patibandla","2026-03-20 19:19:10",0.77511,1,jahnavipatibandla28
5428,15453202,Fuzzy_Man,"2026-03-20 19:19:46",0.77511,1,fuzzyman
5429,15453242,"Alicia Roman","2026-03-20 19:28:50",0.77511,1,aliciaroman
5430,15453552,"Weston Rolf II","2026-03-20 20:46:33",0.77511,1,westonrolfii
5431,15425858,"José Luis Benítez Solano","2026-03-20 20:53:46",0.77511,17,josluisbentezsolano
5432,15453603,"Héctor Cañada Jaime","2026-03-20 21:05:39",0.77511,1,hctorcaadajaime
5433,15454147,"Kerem Günaydın","2026-03-21 01:31:35",0.77511,1,keremgnaydn
5434,15454332,"Isadora Mastria","2026-03-21 02:32:39",0.77511,1,isadoramastria
5435,15454355,BNBU_HuangJiahua,"2026-03-21 04:37:18",0.77511,2,bnbuhuangjiahua
5436,15454697,sflearn,"2026-03-21 04:38:03",0.77511,1,sflearn
5437,15454865,MinhHa,"2026-03-21 05:33:11",0.77511,1,minhhh
5438,15454942,"[Deleted] 37e196f5-d501-48dd-8dc1-54d295ee6f4e","2026-03-21 05:53:12",0.77511,1,del=d1196fee3a080eba
5439,15455019,"Luke Papaevangeliou","2026-03-21 06:08:59",0.77511,1,lukepapadev
5440,15455147,"Ayush Agrawal #5","2026-03-21 06:32:36",0.77511,1,ayushagrawalin67
5441,15455227,pyt666,"2026-03-21 07:10:27",0.77511,2,pyt666
5442,15455329,diamondsdust,"2026-03-21 07:12:53",0.77511,1,diamondsdust
5443,15455356,wzwz123,"2026-03-21 07:18:10",0.77511,1,wzwz123
5444,15455372,"Bùi Phúc","2026-03-21 08:54:54",0.77511,5,phucbuif2175
5445,15455384,"Đức Nguyên","2026-03-21 07:25:31",0.77511,1,nguyennnnnnnnnnnnn
5446,15455428,Undefeated567,"2026-03-21 07:35:30",0.77511,1,undefeated567
5447,15455455,Hvatti,"2026-03-21 07:40:10",0.77511,1,hvatti
5448,15455610,DUcrane,"2026-03-21 08:15:48",0.77511,1,ducrane
5449,15455618,Shi-Miyuki,"2026-03-21 08:41:48",0.77511,3,azizadipramana
5450,12552624,"Shardul Gore","2026-03-21 08:20:48",0.77511,1,shardulggore
5451,15455637,LuoShaoxian,"2026-03-21 08:21:28",0.77511,1,pliskin128
5452,15455625,kajita12345,"2026-03-21 08:21:32",0.77511,1,kajita12345
5453,15455643,"Ankit Kumar #33","2026-03-21 08:22:44",0.77511,1,ankitkumar981888
5454,15455691,Lzqkig,"2026-03-21 08:34:55",0.77511,1,lzqkig
5455,15455727,"Kai Yang #4","2026-03-21 08:45:44",0.77511,1,ykkken
5456,15455773,PENGYT1,"2026-03-22 09:30:13",0.77511,2,pengyt1
5457,15455939,"jinjiang xu","2026-03-21 09:35:34",0.77511,1,jinjiangxu
5458,15456020,FANXING52,"2026-03-21 09:51:35",0.77511,1,fanxing52
5459,15456029,Kaihang_Wu,"2026-03-21 09:53:55",0.77511,1,kaihangwuovo
5460,15456077,"SHASHANK VOOTKUR","2026-03-21 10:04:34",0.77511,1,shashankvootkur
5461,7103068,"Kayla Ratley","2026-03-21 10:17:23",0.77511,1,kaylaratley
5462,15456484,"Madhav #5","2026-03-21 11:51:03",0.77511,1,mdhvvr
5463,15456652,Summeria,"2026-03-21 12:30:57",0.77511,1,summeria
5464,15456673,"Zhao Zuqi","2026-03-21 12:36:05",0.77511,1,arou77
5465,15456711,"YU XIA","2026-03-21 12:44:34",0.77511,1,yuxialj
5466,15456804,"Ahmed Abdellatif #2","2026-03-21 13:23:38",0.77511,3,ahmedmoabdo
5467,15456886,"bo w","2026-04-04 09:41:39",0.77511,2,bowthugo
5468,15457251,wxgao323,"2026-03-23 13:55:30",0.77511,7,wxgao323
5469,15457580,"no address","2026-03-21 14:37:27",0.77511,1,noaddresstouse
5470,15457594,kamigu,"2026-03-21 14:39:03",0.77511,1,kamigu
5471,15457774,MR55M,"2026-03-21 15:18:21",0.77511,3,mr555m
5472,15457804,"kenji choi","2026-03-21 15:02:17",0.77511,1,kenjichoi
5473,15457900,"Martin S","2026-03-21 15:12:28",0.77511,1,martins1234
5474,15448994,"Alex Kapend","2026-03-21 15:35:00",0.77511,6,alexkapend
5475,15456858,"Rober López","2026-03-25 10:24:07",0.77511,5,roberlpez
5476,15458748,"Kyle Dang","2026-03-22 11:12:49",0.77511,4,dangmauanhquan
5477,15459010,"Максим Сухоруков","2026-03-22 11:52:21",0.77511,6,foggyoi4
5478,15459116,Diamantaire,"2026-03-21 17:44:06",0.77511,1,diamantaire
5479,15459360,"Brandon Mathu","2026-03-21 18:17:45",0.77511,1,brandonmathu
5480,15459602,"Nishant Agrawal #5","2026-03-21 18:55:14",0.77511,1,nishantagrawal13
5481,15459618,"suraj #6","2026-03-22 09:13:55",0.77511,2,surajgjadhav
5482,15459698,"France Calibo","2026-03-21 19:22:11",0.77511,1,francecalibo
5483,15459797,"Murad Attal","2026-03-21 19:57:19",0.77511,1,muradattal
5484,15459816,Kodai-06,"2026-03-21 20:07:25",0.77511,1,kodai06
5485,15459086,"maia khutsishvili","2026-03-21 20:53:59",0.77511,6,maiakhutsishvili
5486,15460187,"Wifek Chabir","2026-03-21 23:27:24",0.77511,1,wifekchabir
5487,15427538,"Leonardo Bertucci dos Santos","2026-03-22 01:53:35",0.77511,19,leobertucci
5488,15460409,Gypsiii,"2026-03-22 01:48:58",0.77511,1,gypsiii
5489,15460421,"chang shiao chou","2026-03-22 01:57:55",0.77511,1,changshiaochou
5490,15460572,"Xiaoqing Song2","2026-03-22 03:09:37",0.77511,2,xiaoqingsong2
5491,15460488,"Sohan Mahajani","2026-03-22 03:55:53",0.77511,3,sohanmahajani
5492,1243804,atodev,"2026-03-22 03:40:59",0.77511,6,atodev
5493,15460802,"kappa #2","2026-03-22 04:45:58",0.77511,1,tomoyau
5494,15460814,"Roman A. Smirnov","2026-03-22 04:50:16",0.77511,1,romanasmirnov
5495,15460861,LinYunzhi,"2026-03-22 05:07:49",0.77511,1,ka99lec0m
5496,15460860,"Hải Tuấn Vũ","2026-03-22 05:35:09",0.77511,10,hitunv
5497,15461454,"Zhou Zihao","2026-03-22 08:43:36",0.77511,6,szhouzihao
5498,15462143,"Sang Yuqi","2026-03-22 10:12:25",0.77511,2,sangyuqi
5499,15462185,star159753star,"2026-03-22 08:38:14",0.77511,1,star159753star
5500,15462344,姚_Louis,"2026-03-22 08:57:02",0.77511,1,lou1syao
5501,15462885,"Bhavya Sharma #2","2026-03-30 06:15:18",0.77511,2,bhavyasharma2005
5502,15462887,"Max Nyman","2026-03-22 10:09:07",0.77511,1,mnyman1
5503,15463244,曉華（MPass）,"2026-03-22 11:39:40",0.77511,1,mpass666
5504,15463295,zcc200,"2026-03-22 12:17:50",0.77511,3,zcc200
5505,15463504,yczyczs,"2026-03-22 12:34:27",0.77511,1,yczyczs
5506,15463506,Myh闵云浩,"2026-03-22 12:34:47",0.77511,1,minyunhao
5507,15463802,jumpking,"2026-03-22 13:01:26",0.77511,3,jumpking
5508,15463807,cChenyuhan,"2026-03-22 12:53:13",0.77511,1,cchenyuhan
5509,15463912,"Zeinab Hassaneen","2026-03-24 18:29:02",0.77511,2,zeinabhassaneen
5510,15461271,PuteusPorta,"2026-03-22 13:20:14",0.77511,3,puteusporta
5511,15464138,"Angeliani Junitaviana","2026-03-22 13:54:09",0.77511,1,angelianijunitaviana
5512,15463939,"MLP with L","2026-03-22 13:57:16",0.77511,2,mlpwithl
5513,15464710,BuiTranQuocAnh,"2026-03-22 15:34:12",0.77511,1,buitranquocanh
5514,15464879,"Cristian Iosif Vrinceanu Tomici","2026-03-22 16:13:39",0.77511,1,cristivt
5515,15464984,"Vincenzo Sannino","2026-03-22 16:37:56",0.77511,1,vincenzosannino
5516,14120376,"Abhineet Sahay","2026-03-22 18:21:27",0.77511,1,abhineetsahay
5517,15465438,"Pierre Mailler","2026-03-22 18:41:53",0.77511,1,pierremailler
5518,15465724,"QI XU 2002","2026-03-22 20:25:27",0.77511,1,qixu2002
5519,15465798,KseniyaPetrovahse,"2026-03-22 20:59:26",0.77511,1,kseniyapetrovahse
5520,15465825,"Robert Streetman","2026-03-22 21:16:00",0.77511,1,robertstreetman
5521,15465897,"Jessica WS","2026-03-22 21:33:22",0.77511,1,jessicaws
5522,15465899,"Bahaa #2","2026-03-22 21:34:13",0.77511,1,bahaa12
5523,15014263,MatthewRGreenwood,"2026-03-22 22:17:57",0.77511,2,matthewrgreenwood
5524,15466027,"Chris Li #5","2026-03-22 22:23:50",0.77511,1,atrixis
5525,15466064,"Bongani Nkomo","2026-03-22 22:39:54",0.77511,1,bonganinkomo
5526,15466516,ryuzaki,"2026-03-23 01:22:46",0.77511,1,ardianaslani
5527,15466524,"Noribel Ortega","2026-03-23 01:26:52",0.77511,2,noribelortega
5528,15466526,"Carlos Daniel Moreno ","2026-03-23 01:26:11",0.77511,1,carlosdanielmoreno
5529,15466689,"Harue Tomiyama","2026-03-23 02:16:47",0.77511,1,haruetomiyama
5530,15466979,"Joseph Ghanem","2026-03-23 03:32:35",0.77511,1,josephghanem
5531,15467286,"Truong Dong To","2026-03-23 04:49:10",0.77511,1,truongdongto
5532,15467431,"Brenda Azul","2026-03-23 16:22:33",0.77511,2,brendaazul
5533,15467908,"Jittin C","2026-03-23 06:43:46",0.77511,1,jittinc
5534,15467992,"Nandita Gandhi","2026-03-23 06:56:30",0.77511,1,nanditagandhi
5535,12164268,IrOtoko,"2026-03-23 06:57:15",0.77511,1,akiyoshikuwata
5536,15467890,chenbuzz,"2026-03-23 07:07:03",0.77511,1,chenbuzz
5537,15468166,"Sheng Xia266","2026-03-23 07:26:17",0.77511,1,shengxia266
5538,15468512,asy@qq.com,"2026-03-23 09:09:23",0.77511,3,asyqqcom
5539,15468560,"Hoàng Thế Ngọc","2026-03-27 03:53:27",0.77511,6,hehe1706
5540,15468630,jaehyun73,"2026-03-23 08:46:44",0.77511,1,jaehyun73
5541,15468658,Dr_FlyingPig,"2026-03-23 08:57:42",0.77511,2,drflyingpig
5542,15468855,aneeshck@94,"2026-03-23 09:23:49",0.77511,1,aneeshck94
5543,15465738,"Mateusz Jakubowski","2026-03-23 09:43:54",0.77511,2,matthewjakubowski
5544,15468950,"Sanzhar Zholdybayev","2026-03-23 09:45:33",0.77511,1,sanzharzholdybayev
5545,15469632,sethelm,"2026-03-23 11:10:31",0.77511,1,sethelm
5546,14933030,"moron monkey","2026-03-23 11:37:26",0.77511,1,moronmonkey
5547,15460362,"Peter Crystal0111","2026-03-30 13:01:23",0.77511,4,petercrystal0111
5548,15469848,Stollwerck,"2026-03-23 11:48:08",0.77511,1,stollwerck
5549,15469864,AnronSakura,"2026-03-23 11:50:55",0.77511,1,anronsakura
5550,15469877,"Magnus Ressel","2026-03-23 11:53:59",0.77511,1,magnusressel
5551,15469884,"Francisco #12","2026-03-23 11:55:27",0.77511,1,fjmcfjmc
5552,15463090,haya26,"2026-03-30 08:49:45",0.77511,17,haya26
5553,15470132,vitaly_sysu,"2026-03-23 12:34:05",0.77511,1,vitalysysu
5554,15470461,"Afrae Saadaoui","2026-03-23 13:16:39",0.77511,1,afraesaadaoui
5555,15470942,"Lukas Bekermann","2026-03-23 14:10:22",0.77511,1,lukasbekermann
5556,15470985,"Iris Sun3387","2026-03-23 14:15:07",0.77511,1,irissun3387
5557,15471138,"Henry Soeiro","2026-03-23 14:34:57",0.77511,2,henrysoeiro
5558,15471256,"Charles-Henry Bomboko","2026-03-23 14:49:24",0.77511,1,charleshenrybomboko
5559,15471470,YinRui,"2026-03-23 15:21:07",0.77511,1,rainyin12580
5560,15471810,"Jimmy Priya","2026-03-23 16:01:54",0.77511,1,jimmypriya
5561,15472027,"Bruno Almeida #2","2026-03-23 16:27:09",0.77511,2,brunoalmeidac
5562,15369338,"Северный Олег","2026-03-23 16:43:47",0.77511,1,kochergaeq
5563,15472455,"Xuan Charl Ng","2026-03-23 17:17:55",0.77511,1,xuancharlng
5564,14059592,"Ishaan SK","2026-03-23 17:27:01",0.77511,1,ishaansk
5565,15472614,luckyman297,"2026-03-23 17:41:47",0.77511,2,luckyman297
5566,15472664,AntonioCVM,"2026-03-23 17:46:33",0.77511,1,antoniocvm
5567,15472878,"Adrian Sherard","2026-03-23 18:11:04",0.77511,1,adriansherard
5568,15472952,emma-antwi,"2026-03-23 18:23:16",0.77511,1,emmaantwi
5569,15473102,"Andy Yin","2026-03-23 18:46:29",0.77511,1,trumpetdoot
5570,15473186,"Eddie Jones0101","2026-03-23 19:04:40",0.77511,3,eddiejones0101
5571,15473254,RemyaMTNair,"2026-04-01 05:34:46",0.77511,8,remyamtnair
5572,15473726,"Saksham Umrao","2026-03-23 20:33:31",0.77511,1,sakshamumrao
5573,15474016,"Jingxin Yang","2026-03-23 21:40:40",0.77511,1,jingxin627
5574,15474091,XinruiWang605,"2026-03-23 21:59:57",0.77511,1,xinruiwang605
5575,15474420,"Syed F. Akhtar","2026-03-23 23:07:30",0.77511,1,syedfakhtar
5576,15458167,"Savannah Drouin","2026-03-24 00:13:50",0.77511,12,savannahdrouin
5577,15474828,"Ilya Bi","2026-03-24 00:42:11",0.77511,1,ilyabi
5578,15474986,SockThief_1,"2026-03-24 01:34:19",0.77511,1,sockthief1
5579,15475052,"Yimeng Li53","2026-03-24 01:57:34",0.77511,1,yimengli53
5580,15336409,"Nallib Nazareno","2026-03-24 02:06:05",0.77511,1,nallibnazareno
5581,15475262,똥개(갱쥐),"2026-03-24 03:02:11",0.77511,1,asdasffww
5582,15475434,"Tiankai Y","2026-03-24 04:33:15",0.77511,10,tiankaiy
5583,15475774,"Palmo Thinley","2026-03-24 04:56:02",0.77511,1,datasliced
5584,15475944,masteryee,"2026-03-24 05:20:45",0.77511,1,masteryee1121
5585,15476018,"Oskari Reuna","2026-03-24 05:38:51",0.77511,1,oskarireuna
5586,15476224,"Gaurav Kumar 060705","2026-03-24 06:05:20",0.77511,1,gauravkumar060705
5587,14244053,"Namya Jain","2026-03-24 06:16:10",0.77511,1,namyaajain
5588,15477029,Yash_Jain_90,"2026-03-24 08:25:18",0.77511,1,yashjain90
5589,15477348,slpngueu,"2026-03-24 09:17:38",0.77511,1,slpngueu
5590,15477454,leafs88,"2026-03-24 09:35:11",0.77511,1,leafs88
5591,15477569,liyangboooo,"2026-03-24 09:55:42",0.77511,1,liyangboooo
5592,15477605,"Pedro Pereira #5","2026-03-24 10:02:35",0.77511,1,pedropereira21
5593,15477878,"Tae Hyek Yim","2026-03-25 00:38:22",0.77511,4,taehyekyim
5594,15477882,Vall,"2026-03-24 11:02:19",0.77511,2,vallallll
5595,15477892,"Mateusz Małecki","2026-03-24 10:58:43",0.77511,1,mateuszmaecki20
5596,15477899,"Lequan Ouyang","2026-03-24 10:59:56",0.77511,1,lequanouyang
5597,15478021,"[Deleted] 890b32cf-ae2d-48a6-b589-27e28161b921","2026-03-24 11:25:59",0.77511,1,del=8f7b54a575e34d1f
5598,15478093,"guangjian wen","2026-03-24 11:37:14",0.77511,1,guangjianwen
5599,15478127,"Yuyang Bi","2026-03-24 11:47:09",0.77511,1,yuyangbi
5600,15478321,ThibaultWoloch,"2026-03-25 17:43:55",0.77511,3,thibaultwoloch
5601,15478268,"paul #4","2026-03-24 12:34:27",0.77511,2,hbpaullee
5602,15478481,Mercuriy,"2026-03-24 12:56:29",0.77511,1,mercuriy
5603,15240380,"Mark Buntin","2026-03-24 12:58:00",0.77511,4,markbuntin
5604,15240387,"Brody Rogers2222","2026-03-24 13:55:42",0.77511,5,brodyrogers2222
5605,15478744,"Bereketab Desalegn","2026-03-24 13:35:45",0.77511,1,bereketabdesalegn
5606,15478800,abstractHunter,"2026-03-24 13:45:15",0.77511,1,abstracthunter
5607,15478860,WWWHHT,"2026-03-24 13:55:41",0.77511,1,wwwhht
5608,15478889,"Afrin Shaik","2026-03-24 13:59:28",0.77511,1,shaikstack
5609,15478904,Hyuugah1nata,"2026-03-24 14:01:33",0.77511,1,hyuugah1nata
5610,15478973,jeesungso,"2026-03-24 14:11:24",0.77511,1,jeesungso5275
5611,15479023,LucasWang,"2026-03-24 14:17:39",0.77511,1,lucaswang2004
5612,15473437,"Durga Kumari","2026-03-24 19:19:31",0.77511,2,durgakumari12
5613,15479227,artemiiv,"2026-03-29 19:23:18",0.77511,2,artemiiv
5614,15479389,"Daniel Cho #3","2026-03-24 15:20:22",0.77511,1,danielscho
5615,15479487,"Daniella Scott-Young","2026-03-24 15:36:13",0.77511,1,daniellaascottyoung
5616,15479682,PedroCladera,"2026-03-24 16:09:38",0.77511,1,pedrocladera
5617,15479756,"Humera shaikh","2026-03-24 16:26:10",0.77511,1,humourous
5618,15479907,lzoolloozl,"2026-03-24 16:56:00",0.77511,1,lzoolloozl
5619,15480110,"Giorgio Colombo","2026-03-24 17:35:00",0.77511,1,giorgiocolomb0
5620,15480326,"Shaurya Peddireddy","2026-03-24 18:16:55",0.77511,1,shauryapeddireddy
5621,15480428,harshgiri,"2026-03-24 18:46:12",0.77511,1,harshgiri9
5622,15480654,KasieMac,"2026-03-24 19:49:11",0.77511,1,kasiestockman
5623,15480840,"Sandy Hhhhhh","2026-03-24 20:57:23",0.77511,1,sandyhhhhhh
5624,15480932,"Sejun Park #2","2026-03-24 21:25:27",0.77511,1,kates1337
5625,15481386,"Sangkyeong Lee","2026-03-25 00:27:07",0.77511,1,sangkyeonglee
5626,15481450,AA123,"2026-03-25 00:59:05",0.77511,1,darthvader1111
5627,15481410,ashark.0027,"2026-03-26 01:05:40",0.77511,3,ashark0027
5628,15481560,"Luke Flint","2026-03-25 01:49:41",0.77511,1,lukeflint
5629,15465008,"Jai Vasanth1","2026-03-25 02:35:41",0.77511,6,jaivasanth1
5630,15481796,这里是李新宇,"2026-03-25 03:04:57",0.77511,1,lxy25624123
5631,15482251,"Lance Johnson #2","2026-03-25 05:03:42",0.77511,2,lancejohnson2
5632,15482480,MandyZhou,"2026-03-25 05:43:31",0.77511,1,mandyzhou2025
5633,15482487,42,"2026-03-25 05:46:25",0.77511,2,yudonghui
5634,15482630,XinGao,"2026-03-25 06:18:34",0.77511,1,xingao101
5635,15482747,aadyxnt,"2026-03-25 07:10:23",0.77511,7,aadyxnt
5636,15482979,daean222,"2026-03-25 07:35:39",0.77511,1,daean222
5637,15483266,"Roshan #9","2026-03-25 08:22:00",0.77511,1,roshan2050
5638,15483403,"Siying Chen","2026-03-25 08:49:00",0.77511,1,siyingchen1029
5639,15483623,"Rajesh Hansda","2026-03-25 09:33:20",0.77511,1,rajeshhansda
5640,15483863,"Rohit Narain","2026-03-25 10:37:35",0.77511,2,damnimportant
5641,15484152,Vlad_001,"2026-03-25 11:04:36",0.77511,1,vlad001
5642,15484444,MarcusLGX,"2026-03-25 11:45:06",0.77511,1,marcuslgx
5643,15484510,Flatmasa,"2026-03-25 11:55:57",0.77511,1,masakihira
5644,15484564,"Clare Cheng","2026-03-25 12:04:54",0.77511,1,clarecheng
5645,15484574,"Justin #10","2026-04-01 11:22:29",0.77511,5,jd9208
5646,15484725,GoldExp3rience,"2026-03-25 14:58:25",0.77511,2,goldexp3rience
5647,14439886,WangZhenYu,"2026-03-25 12:38:29",0.77511,1,kgfish313
5648,15484979,Rockz_12,"2026-03-25 13:14:47",0.77511,1,rockz12
5649,15485130,"Marco Streit","2026-03-25 13:34:01",0.77511,1,marcostreit
5650,15485148,"Iúri Leão de  Almeida","2026-03-25 13:36:57",0.77511,1,ilalmeida
5651,15485578,"Renato Merigui","2026-03-25 14:40:19",0.77511,1,renatomerigui
5652,15481880,willy_10.6,"2026-03-25 15:15:39",0.77511,4,willy106
5653,15485910,"Marcos Segawa","2026-03-25 15:31:36",0.77511,1,msegawa
5654,15375564,"Malcolm Hsu","2026-03-26 22:51:39",0.77511,2,malcolmhsu
5655,15486006,"Le Wu","2026-03-25 18:43:01",0.77511,2,lyrabot
5656,15486013,"Ajay Kumar #18","2026-03-25 15:46:39",0.77511,1,ajaymahajan33
5657,15486118,"Quang Son","2026-03-25 16:03:59",0.77511,1,hippychoaichoai
5658,15481928,ivyyy,"2026-03-25 16:21:00",0.77511,3,ivyyy1025
5659,15486476,"Peter Ewart","2026-03-25 17:03:14",0.77511,1,peterewart
5660,15161673,"Zonglin Li #2","2026-03-26 07:21:34",0.77511,7,zli327
5661,15486787,ohnivykoblizek,"2026-03-25 18:05:58",0.77511,2,ohnivykoblizek
5662,15487021,"Thiago Nascimento","2026-03-25 18:37:24",0.77511,1,nascimenthiago
5663,15487259,"Muhammed Ibrahim","2026-03-25 19:20:37",0.77511,1,mohd5289
5664,15487694,"Sora Fukino","2026-03-27 03:02:59",0.77511,2,sorafukino
5665,15488178,Atemiya,"2026-03-25 22:28:47",0.77511,1,atemiya
5666,15490503,"Max Rothschild","2026-03-26 02:28:35",0.77511,1,maxrothschild
5667,15490543,"takuma taniguchi","2026-03-26 02:33:13",0.77511,1,takumataniguchi
5668,14123116,"Venkatesh Gaurav","2026-03-26 02:48:06",0.77511,1,venkateshgaurav
5669,15490827,"Ice Man #2","2026-03-26 03:12:43",0.77511,1,icemanic000
5670,15490878,"[Deleted] c87799c5-cd04-4ae8-b0d4-7394e6fac792","2026-03-26 03:21:52",0.77511,2,del=216f75bf60df592a
5671,15490890,"Ahmed Ali Shah","2026-03-26 03:22:47",0.77511,1,aheadshah
5672,15490966,"Sun Alice","2026-03-26 03:31:19",0.77511,1,sunalice
5673,15490975,"Richa Chetan Mandlik","2026-03-26 03:32:36",0.77511,1,richachetanmandlik
5674,15487466,"Sarbojit Biswas","2026-03-28 18:28:37",0.77511,14,sarbojitbiswas
5675,15491800,"Gui Yong Soh","2026-03-26 05:38:06",0.77511,1,sgy1103
5676,15492122,"Eduardo S #2","2026-03-26 06:27:01",0.77511,1,eduardos7
5677,15492174,the_fool_marina,"2026-03-26 06:36:35",0.77511,1,thefoolmarina
5678,15492229,hnsle,"2026-03-26 06:47:42",0.77511,1,hnslee
5679,15274108,"Jose Pablo Muñoz","2026-03-26 06:54:18",0.77511,3,josepmunoz
5680,15492379,joshualllll,"2026-03-26 07:12:15",0.77511,1,joshualllll
5681,15492486,"Light Selene","2026-03-26 07:29:45",0.77511,1,lightselene
5682,15493648,"Brian Mburu #2","2026-03-26 09:54:11",0.77511,1,brianmburu
5683,15493699,"Samuel Mensah","2026-03-26 10:01:54",0.77511,1,samuelmawulimensah
5684,15493847,比比拉布,"2026-03-26 10:24:23",0.77511,1,bibilabu88
5685,8629304,"Sibabalwe Sinyaniso","2026-03-27 12:26:04",0.77511,2,sibabalwesinyaniso
5686,15494371,"Roshan S Binning","2026-03-26 11:43:47",0.77511,1,roshansbinningt
5687,15494564,biexuman,"2026-03-26 12:20:41",0.77511,1,biexuman
5688,15494717,"Thiago Bezerra","2026-03-26 18:01:10",0.77511,4,thiagobezerra2014
5689,15494992,"SAGAR K Chaudhary","2026-03-26 13:17:10",0.77511,1,sagarkchaudhary
5690,15495339,"Felicia Calista","2026-03-26 14:07:14",0.77511,1,cfelice
5691,15495358,Fatherst,"2026-03-26 14:09:21",0.77511,1,fatherst
5692,15495406,"Камилла Хадиатуллина","2026-03-26 14:16:34",0.77511,1,khkamilla
5693,15495480,Mofu,"2026-03-26 14:30:24",0.77511,1,mofu235711
5694,15495616,mamematcha,"2026-05-12 04:54:08",0.77511,2,mamematcha
5695,15496083,"dr. simondonna","2026-03-26 16:05:48",0.77511,1,drsimondonna
5696,15496128,"Kiprop Trever","2026-03-26 16:13:00",0.77511,1,kiproptrever
5697,13163349,Ratstar216,"2026-03-26 16:18:29",0.77511,1,ratstar216
5698,15496483,"Ratnesh Kumar #2","2026-03-26 17:12:11",0.77511,1,ratneshk12
5699,15496625,TayorAki,"2026-03-26 17:36:24",0.77511,1,tayoraki
5700,13443904,"Shivali Savant","2026-03-26 17:44:01",0.77511,1,shivalisavant
5701,15496890,"maxime har","2026-03-26 18:30:33",0.77511,1,maximehar
5702,15497247,"Kristen Vinh","2026-04-09 20:13:49",0.77511,2,kristenvinh
5703,15497299,"Bernardo Escalona","2026-03-26 19:55:37",0.77511,1,bernardoesc
5704,15497537,"Michael Nyairo","2026-03-26 20:56:23",0.77511,1,michaelnyairoke
5705,15497739,BushraBatool0605,"2026-03-26 21:45:52",0.77511,1,bushrabatool0605
5706,15498111,"Viet Anh  #2","2026-03-27 08:38:11",0.77511,6,desmumei
5707,15498232,MoMoLabs,"2026-03-27 00:05:39",0.77511,1,momolabs
5708,15498269,"Claudia Patricia Rodriguez Rocha","2026-03-27 00:41:56",0.77511,2,claudiarodriguez047
5709,13543752,"Tushaar Ashar","2026-03-27 00:54:17",0.77511,1,tushaarashar
5710,15498372,"Caio Barros Dewnig","2026-03-27 00:56:50",0.77511,1,baiocars
5711,15498531,"Jason Nicholas W.","2026-03-27 01:45:12",0.77511,1,jasonnicholasw
5712,15499177,"Jarad Algiere","2026-03-27 03:40:33",0.77511,1,jaradalgiere
5713,15499263,PetertheGreat123,"2026-03-27 03:58:41",0.77511,1,peterthegreat123
5714,15499430,gyl001,"2026-03-27 04:27:42",0.77511,1,gyl001
5715,15499701,"logar foovi","2026-03-27 05:34:59",0.77511,2,logarfoovi
5716,15499651,UOM_230139N,"2026-03-27 07:44:34",0.77511,2,himathdhanapala
5717,15485763,Marcus_Employee,"2026-03-27 05:57:13",0.77511,3,marcusemployee
5718,15499858,kapeks,"2026-03-27 05:57:58",0.77511,1,kapeks
5719,15500310,"Nick H #2","2026-03-27 07:20:04",0.77511,1,nixksx
5720,15500768,"Mohamed Ashraf Mohamed Soliman","2026-03-27 08:55:06",0.77511,1,muhamedqg
5721,15501196,"Marita Neerakan","2026-03-27 10:28:54",0.77511,1,maritaneerakan
5722,15501387,"Yash Seth #2","2026-03-27 11:11:18",0.77511,1,yashseth25
5723,15501435,"Alessandro Arosio","2026-03-27 11:25:51",0.77511,1,alessandroarosio
5724,15501564,"Ziyi Zhu2868","2026-03-27 11:52:14",0.77511,1,ziyizhu2868
5725,15501649,"Letian Ye","2026-03-27 12:11:05",0.77511,1,yy13409656747qwe
5726,15501718,vramirezl,"2026-03-27 12:23:26",0.77511,1,vramirezl
5727,15232579,21f1003987,"2026-03-27 12:23:52",0.77511,1,ashuiitm
5728,15033996,rtyplm,"2026-03-28 12:48:33",0.77511,5,rtyplm
5729,14549857,Uriruziff,"2026-03-27 13:30:40",0.77511,3,uriruziff
5730,15502960,"Eve Lee","2026-03-27 15:06:59",0.77511,1,shiiiier
5731,15503118,"Jii shen","2026-03-27 15:34:08",0.77511,1,jiishen
5732,15503247,"Mahesh Bawane","2026-03-27 16:02:38",0.77511,2,maheshbawane073
5733,15503449,"Klim Popov #2","2026-03-27 16:43:40",0.77511,1,sekutor
5734,15503592,"PIYUSH CHAU","2026-03-27 17:15:15",0.77511,1,piyushchau
5735,15503872,"Barbara #5","2026-03-27 18:25:49",0.77511,2,varyaqt
5736,15504063,"Asiya Shireen","2026-03-27 19:21:09",0.77511,1,asiyashireen
5737,15504160,"Collen Sibitane","2026-03-27 19:55:23",0.77511,1,collensibitane
5738,15504175,udit-tripathi07,"2026-03-27 20:21:06",0.77511,2,udittripathi07
5739,15504275,"Elliott Ritchie","2026-03-27 20:39:12",0.77511,1,elliottritchie
5740,15504526,"Ankit Sharma #13","2026-03-27 22:41:24",0.77511,1,asharma246
5741,15504601,"Kirstin Edwards","2026-03-27 23:27:23",0.77511,1,kirstinedwards
5742,15504689,Muna707,"2026-03-31 05:17:34",0.77511,4,muna707
5743,15504691,Yanguul,"2026-03-28 01:57:39",0.77511,4,yanguul
5744,15504825,PancakesForRent,"2026-03-28 01:43:23",0.77511,1,pancakesforrent
5745,15504863,"Takumi Yokoyama","2026-03-28 01:55:38",0.77511,1,takumiyokoyama
5746,15251300,"Jeremy C #2","2026-03-28 03:00:24",0.77511,2,jeretic
5747,15222135,"Thái Hoàng #2","2026-04-14 04:14:43",0.77511,9,thaihon39
5748,1931909,ryosukehara,"2026-03-28 05:03:30",0.77511,1,ryosukehara
5749,15505534,CoderRuoyu,"2026-03-28 05:33:43",0.77511,1,coderruoyu
5750,15505548,"yamaguchi kazushi","2026-04-11 22:24:15",0.77511,18,yamaguchikazushi
5751,15354113,zhuyahui,"2026-03-28 06:14:17",0.77511,2,zhuyahui
5752,15505726,lovelixue,"2026-03-28 06:30:17",0.77511,1,lovelixue
5753,15505777,Hellodulguun,"2026-03-28 06:45:21",0.77511,1,hellodulguun
5754,15505859,"Michio Yasunishi00","2026-03-28 07:08:05",0.77511,2,michioyasunishi00
5755,15505869,shaonsm,"2026-03-28 07:09:03",0.77511,1,shaonsm
5756,15505888,"Felix Lin #2","2026-03-28 07:14:02",0.77511,2,felixlin6
5757,15505948,Akashkr73,"2026-03-28 07:26:25",0.77511,1,akashkr73
5758,15506048,"Haoran Wang #4","2026-03-28 07:50:44",0.77511,1,harriswang23
5759,15506057,kaixin0306,"2026-03-28 07:53:14",0.77511,1,kaixin0306
5760,15506372,"rohini maraskolhe","2026-03-28 10:01:16",0.77511,2,rohinimaraskolhe
5761,15506439,"RUOYU LI","2026-03-28 09:14:22",0.77511,1,ruoyuliiiii
5762,15506559,Soelema,"2026-03-28 09:43:51",0.77511,1,soelema
5763,15506641,"Ilisha Shah","2026-03-28 10:03:33",0.77511,1,ilishashah
5764,15506644,"Mac Ian","2026-03-28 10:10:19",0.77511,2,macian
5765,15506649,"Lê Nguyễn Thu Hà","2026-03-28 10:04:19",0.77511,1,smooshier
5766,15506807,"Christiane A. Bacani","2026-03-28 10:41:03",0.77511,1,christianeabacani
5767,15506923,"Rafay Shahid0","2026-03-28 11:11:28",0.77511,1,rafayshahid0
5768,15506982,"Aman Singh #20","2026-03-28 11:22:34",0.77511,1,amanux
5769,15507534,"عبد الحميد علي بالي","2026-03-28 13:23:23",0.77511,1,amid88
5770,15507527,"Tarun Munjani","2026-03-28 13:32:12",0.77511,2,tarunmunjani
5771,15508169,"Khánh Hưng Nguyễn Hữu","2026-03-28 15:29:00",0.77511,2,khnhhngnguynhu
5772,15508176,"Piotr Podscianski","2026-03-28 15:24:56",0.77511,1,piotrpodscianski
5773,15508233,"juily Ye","2026-03-28 15:37:48",0.77511,1,juilyye
5774,15508349,"Oleg Novikov 28","2026-03-28 16:04:11",0.77511,1,olegnovikov28
5775,15508502,Simon061,"2026-03-28 16:56:33",0.77511,1,simon061
5776,4000568,Bilkouristas,"2026-03-28 18:26:15",0.77511,1,bilkouristas
5777,15508954,thodotpro,"2026-03-28 18:42:41",0.77511,1,thodotpro
5778,15504028,"Vitaly Alkarev","2026-03-28 18:53:48",0.77511,8,alkarev
5779,15509139,"Iwumezie Macdonald","2026-03-30 20:08:09",0.77511,2,iwumeziemacdonald
5780,15509268,Great_Ded,"2026-03-28 20:14:57",0.77511,1,greatded
5781,15509327,"Tamar Vanishvili","2026-03-28 20:35:50",0.77511,1,tamarvanishvili
5782,15509681,"Mira Völker","2026-03-28 23:23:09",0.77511,1,miravlker
5783,15509749,"Tonyyyyy Tang","2026-03-28 23:57:46",0.77511,1,tonyyyyytang
5784,15267903,Kevinz2z2,"2026-03-29 00:41:47",0.77511,6,kevinz2z2
5785,15509934,"RAKSHITA SHARMA","2026-03-29 01:58:08",0.77511,1,rakshitasharma04
5786,15510177,LHRZXH,"2026-03-29 03:24:46",0.77511,1,lhrzxh
5787,15510382,kuaerospace,"2026-03-29 04:40:20",0.77511,1,kuaerospace
5788,15510434,baiWater,"2026-03-29 04:56:08",0.77511,1,baiwater
5789,15510627,"Anshu Choudhary","2026-03-29 05:58:19",0.77511,1,voiletfury
5790,15511041,"Yasharth Rai","2026-03-29 07:46:08",0.77511,1,yasharthrai123
5791,15511110,Renjie0618,"2026-03-29 08:00:35",0.77511,1,renjie0618
5792,15511165,"which cheng","2026-03-29 08:11:14",0.77511,1,whichcheng
5793,15511179,"yang zheng01","2026-03-29 08:16:14",0.77511,1,yangzheng01
5794,15511195,RoboDavo,"2026-03-29 08:19:04",0.77511,1,robertdavidson1911
5795,15511245,"hann z5","2026-03-29 08:29:01",0.77511,1,hannz5
5796,13018529,tinglan-hu,"2026-03-29 09:03:07",0.77511,4,tinglanhu
5797,15511554,"Er. Aryan Raj","2026-03-29 09:38:21",0.77511,1,eraryanraj
5798,15511555,"Pratyush Kumar Pandey","2026-03-29 09:38:46",0.77511,1,pratyushpandeyji462
5799,15511594,tomram,"2026-03-29 09:47:32",0.77511,1,tomrambaby
5800,14164624,"Somya Mangla","2026-03-29 11:16:52",0.77511,1,manglasom
5801,15512016,Dienele,"2026-03-29 11:42:32",0.77511,3,dienele
5802,15512460,YangYue0842,"2026-03-29 12:47:37",0.77511,1,yangyue0842
5803,15512717,"Vagisha Yadav","2026-03-29 13:36:40",0.77511,1,vagishayadav166
5804,15512772,"Yuya Kaino","2026-03-29 13:48:38",0.77511,1,yuyakaino
5805,15512816,ArtificiaIdiot,"2026-03-31 11:39:34",0.77511,4,artificiaidiot
5806,15512854,DataGlass,"2026-03-29 14:03:05",0.77511,1,dataglass
5807,15512991,assetnuk,"2026-03-29 14:25:32",0.77511,1,assetnuk
5808,15513072,youejin,"2026-03-29 14:40:18",0.77511,1,youejin
5809,15513229,DevJFive,"2026-03-29 15:12:11",0.77511,1,devjfive
5810,15513338,"Frank Dicken","2026-03-29 15:34:48",0.77511,1,frankdicken
5811,15513364,"Haeun Kim1225","2026-03-29 15:41:44",0.77511,1,haeunkim1225
5812,15513431,"Abdoul Samadou","2026-03-29 17:34:30",0.77511,3,abdoulsamadou
5813,15513423,"AREEJ FATIMA","2026-03-29 16:11:59",0.77511,2,areejml019fatima
5814,15513911,"Dennis Giribeshi","2026-04-17 13:42:18",0.77511,3,dennisgiribeshi
5815,15514052,"Nicolas Conners","2026-03-29 18:27:45",0.77511,1,tmainc
5816,15514206,"Kundan Kumaruhuhuygy","2026-03-29 19:13:19",0.77511,1,kundankumaruhuhuygy
5817,15514354,"Ethan England","2026-03-29 20:02:54",0.77511,1,ethanengland99
5818,15514385,"Степанов Иван","2026-03-30 21:04:40",0.77511,6,eerree345
5819,15514565,JustSynergy,"2026-03-29 21:36:38",0.77511,1,justsynergy
5820,15244658,"Zaid rasras","2026-04-25 19:54:13",0.77511,2,zaidrasras
5821,15515167,"Kun Yi","2026-03-30 02:14:03",0.77511,1,ykhnkf2026
5822,15515193,"Estelle Ou","2026-03-30 02:24:08",0.77511,2,estelleou
5823,15515222,Athynia,"2026-03-30 02:28:18",0.77511,1,athynia
5824,15515349,bandain,"2026-03-30 03:15:12",0.77511,10,braydenglk
5825,15515473,"Sarah Hill","2026-03-30 03:27:34",0.77511,1,sarahhill1217
5826,15515682,"Mia Noy","2026-03-30 04:26:23",0.77511,1,mianoy
5827,15515791,"Nolyn Zapatero","2026-03-30 04:40:00",0.77511,1,nolynzapatero
5828,15515820,"CHENG TOMMY000","2026-03-30 04:49:25",0.77511,1,chengtommy000
5829,15499705,"Hazuki Fukata","2026-03-30 05:36:58",0.77511,10,hazukifukata
5830,15516071,SngNakaji,"2026-03-30 05:41:25",0.77511,1,sngnakaji
5831,15516270,"Aman chaurasiya","2026-03-30 06:29:46",0.77511,1,amanxyt28
5832,15494991,"Rajeshwari Shinde","2026-03-30 06:48:56",0.77511,1,rajeshwarishinde28
5833,15516395,shuto.trk,"2026-03-30 06:52:56",0.77511,1,shutotrk
5834,15516435,"Кристина НАЗДРАЧЕВА","2026-03-30 07:01:53",0.77511,1,kristina110205
5835,15516524,"Khai Vuong Stupid","2026-03-30 07:23:04",0.77511,1,khaivuongstupid
5836,15516611,"Himanshu Kumar #13","2026-03-30 07:43:11",0.77511,1,himanshu8544
5837,15516822,NDTPine,"2026-03-30 08:19:54",0.77511,1,ndtpine
5838,15516919,LinFish88,"2026-03-30 08:34:18",0.77511,1,linfish88
5839,15517223,Suhaoyu,"2026-03-30 09:18:51",0.77511,1,shy12306
5840,15517197,"hans mik","2026-03-30 09:38:06",0.77511,4,hansmik
5841,15517366,"Zawadi Wachia","2026-03-30 09:43:32",0.77511,1,yesitsmazzini
5842,15516820,"Vladimir Nasalciuc","2026-03-30 09:55:59",0.77511,2,vladimirnasalciuc
5843,15517441,Thaminduu,"2026-03-30 09:56:27",0.77511,1,thaminduu
5844,15517577,"James Anderson #8","2026-03-30 10:31:19",0.77511,1,andulodev
5845,15517933,"gao jianjun","2026-03-30 12:20:43",0.77511,3,gaojianjun2001cn
5846,15518080,"Yuval Varke","2026-03-30 12:15:50",0.77511,1,yuvalvarke
5847,15274840,"KALYAN kalle","2026-03-30 12:33:06",0.77511,2,kalyankalle
5848,15518243,"Tohir Mardiyev","2026-03-30 12:49:24",0.77511,1,tohirmardiyev
5849,15257319,"Kenzen Kiongoro NG","2026-04-07 10:55:19",0.77511,5,kenzenk1ongorong
5850,15518457,"Adam Kois","2026-03-30 13:30:51",0.77511,1,adamkois
5851,15518623,Meowthh,"2026-03-30 14:01:20",0.77511,1,meowthh
5852,15518845,MishkaOvs,"2026-03-30 14:34:28",0.77511,1,mishkaovs
5853,15515542,sawon0418,"2026-03-30 14:43:24",0.77511,5,sawon0418
5854,15518938,"Lauren Gulacsi","2026-03-30 14:50:39",0.77511,1,laurengulacsi
5855,15519024,"Fortune Udemba","2026-03-30 15:06:22",0.77511,1,fortuneudemba
5856,5661810,"Francisco Gustavo ","2026-03-30 17:32:21",0.77511,2,franciscogustavo
5857,15519335,"Minh Nguyen #17","2026-03-30 15:59:07",0.77511,1,minhmdl
5858,15519379,SDeichsel,"2026-03-30 16:06:53",0.77511,1,sdeichsel
5859,15519392,"Hieu Trinh #2","2026-03-30 16:09:51",0.77511,1,hieutrinh123
5860,15519499,"Swathi Naga Devi","2026-03-30 16:55:45",0.77511,8,swathinagadevi
5861,15211753,Prash_Isai,"2026-03-30 17:14:10",0.77511,2,prashisai
5862,15519644,"Harshita Sen","2026-03-30 16:59:23",0.77511,1,harshitasen20
5863,15519672,"yang #11","2026-03-30 17:04:23",0.77511,1,xiaoqing114
5864,15519770,Runner_0016,"2026-03-30 17:23:43",0.77511,1,runner0016
5865,15519982,"Ayyala Shriyatha","2026-03-30 18:15:28",0.77511,2,ayyalashriyatha
5866,15520486,"Kristóf Zörényi","2026-03-30 20:03:44",0.77511,1,kristfzrnyi
5867,15520488,"Peter Ralli","2026-03-30 20:04:25",0.77511,1,peterralli
5868,15520581,Jfuamax,"2026-03-30 20:37:28",0.77511,1,jfuamax
5869,15520722,Somecrazy,"2026-03-30 21:25:27",0.77511,1,somecrazy
5870,15198102,younamra,"2026-03-30 22:11:41",0.77511,10,younamra
5871,15521027,ramalaso,"2026-03-30 23:56:47",0.77511,1,rallaredo
5872,15521325,"Shaan Patel","2026-03-31 00:46:36",0.77511,1,shaanpatel24
5873,14619217,"Alan Campos","2026-04-10 17:27:52",0.77511,10,alancamposai
5874,15522130,"Nathan Fletcher","2026-03-31 04:06:08",0.77511,1,nathanfletcher
5875,15522714,"Bidya Dutta","2026-03-31 06:15:59",0.77511,1,bidyadutta
5876,15522741,"Md Showaib Nowfel","2026-03-31 06:20:24",0.77511,1,showaibnowfel
5877,15522825,"takabe makito","2026-03-31 06:35:05",0.77511,1,takabemakito
5878,15523298,SHAWNYUXUAN,"2026-04-03 11:23:27",0.77511,2,shawnyuxuan
5879,15523321,wuxianjia26,"2026-03-31 08:21:56",0.77511,1,wuxianjia26
5880,15523580,yuki-ks,"2026-03-31 09:09:33",0.77511,1,yukiks
5881,15523675,"Priyanka Mali","2026-03-31 09:39:46",0.77511,2,priyankamali09
5882,15523706,Nostalgia626,"2026-03-31 09:41:35",0.77511,1,nostalgia626
5883,15523745,hykunnnn,"2026-04-16 10:26:01",0.77511,2,hykunnnn
5884,15523792,"Edit Kaplun","2026-03-31 09:58:50",0.77511,1,editkaplun
5885,15524130,"Paula #5","2026-03-31 11:16:35",0.77511,1,paulabergera
5886,15524192,"Vishwambhar Mulge","2026-03-31 11:33:14",0.77511,1,vishwambharmulge
5887,15524812,Lysander33,"2026-03-31 13:38:15",0.77511,2,lysander33
5888,15524945,"Laura Loughran BoFA","2026-03-31 13:59:47",0.77511,1,lauraloughranbofa
5889,15524979,"cccity wind","2026-03-31 14:05:52",0.77511,1,cccitywind
5890,15525011,"Nana Akua Takyi-Mensah","2026-03-31 14:10:51",0.77511,1,nanaakuatakyimensah
5891,12929395,Kyso2005,"2026-03-31 14:27:15",0.77511,1,kyso2005
5892,15525193,"Thiago Mizuki","2026-04-10 01:59:30",0.77511,2,thiagomizuki
5893,15525363,"Ainslee Atiwon Culhi","2026-03-31 15:15:39",0.77511,1,harruu07
5894,15525364,"Erika Giada Rossi","2026-03-31 15:15:51",0.77511,1,erikagiadarossi
5895,15525417,aksela,"2026-03-31 15:31:19",0.77511,2,aksela
5896,15525288,koweni,"2026-03-31 15:38:17",0.77511,4,koweni
5897,15525449,iamabd55,"2026-03-31 16:36:23",0.77511,3,iamabd55
5898,15525645,"C A Freeman","2026-03-31 16:16:55",0.77511,1,cafreeman
5899,15525701,"Noel Kifleyesus","2026-03-31 16:30:50",0.77511,1,noelfanuel
5900,15525843,"Vadim Caitaz","2026-03-31 16:59:23",0.77511,1,vadimcaitaz
5901,15525950,"David Kim #8","2026-03-31 17:18:52",0.77511,1,davidkim226
5902,15526188,adon345,"2026-03-31 18:11:38",0.77511,1,adon345
5903,15526996,"Keane Knock","2026-03-31 22:16:36",0.77511,1,keaneknock
5904,15527046,Rekirrrr,"2026-03-31 22:39:40",0.77511,1,rekirrrr
5905,15527115,"Ouedraogo Fildouindé Ariel Shadrac","2026-03-31 23:12:08",0.77511,1,arielshadrac
5906,15527146,"Manuel Carracedo","2026-03-31 23:26:16",0.77511,1,yokocarracedo
5907,15527387,Maizytrain,"2026-04-01 00:52:03",0.77511,1,maizytrain
5908,15527440,"Dev Go","2026-04-01 01:08:56",0.77511,1,unalome1
5909,15527446,"Zoe Schuh","2026-04-01 01:11:18",0.77511,1,zoeschuh
5910,15527640,DeniseXP,"2026-04-01 02:13:47",0.77511,1,denisexp
5911,15527887,Zeista,"2026-04-01 03:23:42",0.77511,2,zeista
5912,15528112,Kumod,"2026-04-01 04:00:42",0.77511,1,kumod353
5913,15528395,"Mohammed Ahtesham","2026-04-01 05:02:20",0.77511,1,mohammedahtesham
5914,15528645,notLegend,"2026-04-02 14:48:41",0.77511,7,notlegend
5915,15528755,hairam,"2026-04-01 06:20:58",0.77511,1,promtrning
5916,15528864,"Gudimetla Eshwarprasad","2026-04-01 06:42:03",0.77511,1,eshwarprasad19
5917,15528933,"Lê Ngọc Lâm","2026-04-01 06:57:46",0.77511,2,lengoclam
5918,15529214,"pryt dwi","2026-04-01 07:39:14",0.77511,1,prytdwi
5919,15529328,"Chenyu Hua0207","2026-04-01 08:03:03",0.77511,3,chenyuhua0207
5920,15529573,Somkhith,"2026-04-01 08:44:58",0.77511,1,somkhith
5921,15529752,"Avinash Gadade","2026-04-01 09:13:00",0.77511,1,avinashgadade
5922,13479102,azita,"2026-04-01 09:22:31",0.77511,1,azita0127
5923,15529870,Kumaritanu,"2026-04-01 09:39:16",0.77511,1,kumaritanu
5924,15530089,"Htet Lin.ai","2026-04-01 10:23:54",0.77511,1,htetlinai
5925,15530185,"Kagan Tek","2026-04-01 10:41:28",0.77511,1,kagantek
5926,15530322,"Kunaparaju Yamini","2026-04-01 11:05:36",0.77511,1,yaminikraju
5927,4702728,"Seiji Kaku","2026-04-02 00:49:56",0.77511,5,seijikaku
5928,15530627,"Ben Doo","2026-04-03 10:39:17",0.77511,2,hokudo
5929,15530647,zltrqn,"2026-04-01 12:06:38",0.77511,1,zltrqn
5930,15431422,"xijia hu","2026-04-01 12:25:32",0.77511,4,majime203
5931,15530800,"Kenta Hosogoe","2026-04-01 12:34:55",0.77511,1,kentahosogoe
5932,15530804,yuzhibozuozhu,"2026-04-20 04:50:54",0.77511,2,yuzhibozuozhu
5933,15530905,vkladysh,"2026-04-12 17:25:26",0.77511,4,vkladysh
5934,15531099,indykitty,"2026-04-01 13:30:36",0.77511,1,kathycarpenter
5935,15531112,"Predrag Djindjic","2026-04-03 15:55:56",0.77511,5,predragdjindjic
5936,15531169,Mert24Can,"2026-04-01 13:41:22",0.77511,1,mert24can
5937,15531180,"Kris Wu #2","2026-04-01 13:44:51",0.77511,1,kriswu66
5938,15531327,"Saul Goofman","2026-04-01 14:10:48",0.77511,1,saulgoofman
5939,15531369,Ykuan,"2026-04-01 14:17:59",0.77511,1,ykuan0524
5940,15531399,chengmichael,"2026-04-01 14:22:13",0.77511,1,aheipk1
5941,15531427,shunuzu,"2026-04-01 14:25:53",0.77511,1,shunuzu
5942,15531610,"Masa #9","2026-04-01 15:03:51",0.77511,1,masa3110
5943,15531628,"Pedro Pace","2026-04-01 15:07:00",0.77511,1,pedropace
5944,15531662,"Sichun Xie","2026-04-01 15:11:53",0.77511,1,sichunxie
5945,15455922,kimdohyeon0413,"2026-04-01 15:17:08",0.77511,11,kimdohyeon0413
5946,15531800,"Kajal Yadav #2","2026-04-01 15:36:39",0.77511,1,kajal17scientist
5947,15531861,"JPM Guillot","2026-04-03 07:55:37",0.77511,3,jpmguillot
5948,15531742,"Omprakash Chhotray","2026-04-01 16:41:28",0.77511,2,ommprakashchhotaray
5949,15532276,"Harsh Panchal #3","2026-04-01 17:01:16",0.77511,1,harbytes
5950,15532750,"Adrian Dominguez H","2026-04-01 18:14:22",0.77511,1,adriandominguezh
5951,14400357,Aman0Shetty1,"2026-04-01 18:20:51",0.77511,2,aman0shetty1
5952,15532881,"Ben Abdyvaidov","2026-04-01 18:36:44",0.77511,1,benabdyvaidov
5953,15533149,"Bart Schrever","2026-04-01 19:30:08",0.77511,1,bartschrever
5954,15533156,"Estefania Vanschoor","2026-04-01 19:32:54",0.77511,1,estefaniavanschoor
5955,15533318,"Ying Yang 0415","2026-04-01 20:08:02",0.77511,1,yingyang0415
5956,15532977,"Glen Metthews","2026-04-01 22:01:57",0.77511,8,glenmetthews
5957,15533352,"Ashka #2","2026-04-01 20:17:24",0.77511,1,coderag9
5958,15533511,"David Brown ai","2026-04-01 20:50:20",0.77511,1,davidbrownai
5959,15533515,"Abu Hurayra Niloy","2026-04-01 21:00:47",0.77511,2,abuhurayraniloy
5960,15533807,"Jeremy Suter","2026-04-01 22:29:25",0.77511,1,jeremysuter
5961,15533934,"Henry A Heil","2026-04-01 23:07:31",0.77511,1,henryaheil
5962,15533942,"[Deleted] 7f0f91ce-edd3-4eb4-a444-8b827a5ab818","2026-04-05 04:29:36",0.77511,5,del=7a10032de5bce15d
5963,15534053,AutumnSedam,"2026-04-01 23:54:37",0.77511,1,autumnsedam
5964,11401293,HIRO_123456,"2026-04-02 00:14:35",0.77511,1,hiro123456
5965,15535290,hermit_wolf,"2026-04-02 01:56:15",0.77511,1,hermitwolf
5966,15535425,Icrozzy,"2026-04-02 02:27:58",0.77511,1,icrozzy
5967,15528952,Rotshila,"2026-04-07 05:15:31",0.77511,5,rotshila
5968,15535461,"James Weatherhead","2026-04-02 02:41:05",0.77511,1,jamesweatherhead
5969,15535555,BingNingZhiShi,"2026-04-02 03:15:52",0.77511,3,bingningzhishi
5970,15535942,sandy727,"2026-04-02 03:56:09",0.77511,1,sandy727
5971,15536047,"Dakshata Abhiman","2026-04-02 04:23:21",0.77511,1,dakshataabhiman
5972,15536290,Demosthenes256,"2026-04-02 05:11:57",0.77511,1,demosthenes256
5973,15536420,"Yoshinobu Hamasaki","2026-04-02 05:42:11",0.77511,1,yoshinobuhamasaki
5974,15536570,"Hiro N","2026-04-02 07:57:34",0.77511,4,hn2504rt56
5975,4359906,"Joju Matsumoto","2026-04-02 06:30:04",0.77511,1,jojumatsumoto
5976,15537267,"Kei Simmel","2026-04-02 07:43:35",0.77511,1,keisimmel
5977,15537692,"Raneem Mahajne","2026-04-02 08:52:43",0.77511,1,raneemmahajne
5978,15537840,"Lourens Els","2026-04-02 09:14:24",0.77511,2,lourensels
5979,15537891,Frankje,"2026-04-02 09:22:01",0.77511,1,frankjje
5980,15523975,"[Deleted] f23d31f3-59e2-4393-bbe9-55e8a412e483","2026-04-02 09:48:20",0.77511,2,mankeshworchaudhary
5981,15538224,沈柏言mar,"2026-04-02 10:29:24",0.77511,1,marcus70
5982,15538295,tadhase,"2026-04-02 13:48:52",0.77511,5,tadhase
5983,15538520,"MansiGupta #2","2026-04-02 11:30:57",0.77511,1,mansi164
5984,15538757,"Wong MIng Hou","2026-04-02 12:19:32",0.77511,1,wongminghou
5985,15538879,"Mitch Itasaka","2026-04-02 12:44:32",0.77511,1,mitchitasaka
5986,15538935,"Etty yulinar","2026-04-02 12:57:31",0.77511,1,ettyyulinar
5987,15484546,"lili luo","2026-04-02 12:58:37",0.77511,2,lililuo
5988,15539254,"Angeliki Sylai","2026-04-02 16:26:17",0.77511,6,aggelikisylai
5989,15539297,"Rashmi Ritika PR","2026-04-02 13:59:44",0.77511,1,rashmiritikapr
5990,15539385,"yankai wu12321","2026-04-08 12:58:07",0.77511,3,yankaiwu12321
5991,13772424,"Иван Шивалов","2026-04-02 14:20:41",0.77511,1,ivan070708
5992,15539617,"Raja Capybara Yang Berbudi Luhur","2026-04-06 02:31:46",0.77511,2,rajacapybara
5993,15539776,vkmeta,"2026-04-02 15:23:16",0.77511,1,vkmeta
5994,15539786,"Christopher Kurniawan","2026-04-11 14:30:23",0.77511,6,cekathebest
5995,15364519,"Danciu Valentin","2026-04-02 15:40:48",0.77511,2,danciuvalentin
5996,15343096,"Juan Miguel Vilar","2026-04-08 11:08:16",0.77511,4,juanmiguelvilar
5997,15540165,"Celestyn Chee","2026-04-02 16:29:43",0.77511,1,celestynchee
5998,15540186,KerstinHarnack,"2026-04-02 16:33:12",0.77511,1,kerstinharnack
5999,15540212,Baap72,"2026-04-03 08:59:36",0.77511,2,baap72
6000,15540937,"Ziyatdinov Marat","2026-04-15 18:45:51",0.77511,2,ziyatdinovmarat
6001,15540958,SaraTheAnalyst,"2026-04-24 12:31:19",0.77511,2,sara129
6002,15541007,Monishkannan,"2026-04-02 18:39:55",0.77511,1,monish9
6003,15526344,"Kaiden Brown","2026-04-14 15:17:34",0.77511,23,gingiebrown
6004,15541348,"Misandratra Razafy","2026-04-02 19:32:51",0.77511,1,misandratrarazafy123
6005,15541352,"Руслан Каскевич","2026-04-02 19:33:27",0.77511,1,karusl
6006,2620380,"Gustavo Ferrari","2026-05-04 15:26:48",0.77511,12,gustavoferrari
6007,7228945,"Keith Pottratz","2026-04-02 21:34:05",0.77511,2,keithpotz
6008,7188859,"Edward Malpartida","2026-04-02 22:07:03",0.77511,1,edwardmalpartida
6009,15542109,"Gagandeep Singh #8","2026-04-02 22:12:27",0.77511,1,gagan11
6010,15542320,"Leonardo Coli","2026-04-02 23:26:02",0.77511,1,leonardocoli
6011,15542521,"hj j","2026-04-03 00:33:10",0.77511,1,jhj664
6012,15543339,"German Zykin","2026-04-03 03:15:05",0.77511,1,germanzykin
6013,15544297,"Rain Zeng","2026-04-03 05:41:16",0.77511,1,rainzeng
6014,15544413,Wsc2004,"2026-04-03 05:59:05",0.77511,1,wsc2004
6015,15544572,"Tejaswini Anagani","2026-04-03 06:27:36",0.77511,1,tejaswinianagani
6016,15544608,rajvansh17,"2026-04-03 06:33:48",0.77511,1,rajvansh17
6017,15545078,"Davide Ferrari","2026-04-03 07:39:54",0.77511,1,davideferrari88
6018,15545238,"Pierre Fabier","2026-04-03 08:05:34",0.77511,1,pierrefabier
6019,15545265,"NAMELESS WONG","2026-04-03 08:48:47",0.77511,2,namelesswong
6020,15545336,"Dr. Brij Mohan","2026-04-03 08:24:04",0.77511,1,drbrijmohan
6021,7836677,"Jalil Daya","2026-04-03 08:38:23",0.77511,1,jalildaya
6022,7139437,EkaterinaSmirn,"2026-04-03 08:40:43",0.77511,1,ekaterinasmirn
6023,15545223,"kostya i","2026-04-03 08:44:58",0.77511,2,kostyai
6024,15545605,yhmmc,"2026-04-03 09:12:10",0.77511,1,zhanggansor
6025,15545615,"Bonheur Chris ISHIMWE","2026-04-08 14:22:25",0.77511,2,leseul01
6026,15545680,johnmcavaddy,"2026-04-03 09:23:54",0.77511,1,johnmcavaddy
6027,13073557,"Areg Barseghyan","2026-04-03 10:11:54",0.77511,1,aregbarseghyan
6028,15546059,Chanis,"2026-04-03 10:26:21",0.77511,1,flamystorm
6029,15546269,"alto's odyssey","2026-04-03 11:15:26",0.77511,1,altosodyssey
6030,15546318,"Amangeldy Sarsembay","2026-04-03 11:24:06",0.77511,1,amangeldysarsembay
6031,15546428,"Thuy Nguyen Bich","2026-04-03 11:57:57",0.77511,3,nguyenbichthuy18
6032,15546488,xinghe0124,"2026-04-03 11:56:22",0.77511,1,xinghe0124
6033,15547410,"Lena Dupouy","2026-04-03 12:52:14",0.77511,1,lenadupouy
6034,15547580,"Baptiste Aribaud","2026-04-03 13:08:16",0.77511,1,baptistearibaud
6035,15547667,"Rose Laurencier","2026-04-03 13:19:11",0.77511,1,roselaurencier
6036,15547675,meghrajmardi,"2026-04-03 13:20:16",0.77511,1,meghrajmardi
6037,15547916,"Inês Rafael","2026-04-03 13:46:16",0.77511,2,inesrafael
6038,15548130,"animal inner","2026-04-05 01:55:41",0.77511,2,animalinner
6039,15548133,jpxamego,"2026-04-03 14:08:52",0.77511,1,jpxamego
6040,15548183,Vec0_0,"2026-04-03 14:13:16",0.77511,1,vec000
6041,15548204,carmencsw,"2026-04-03 14:17:15",0.77511,1,carmencsw
6042,15548358,"Md Rony Mollaa","2026-04-03 14:33:32",0.77511,1,mdronymollaa
6043,15548352,xubaia,"2026-04-03 14:50:40",0.77511,3,xubaia
6044,13837499,"Erkhes Unentugs","2026-04-03 14:55:58",0.77511,1,erkhesunentugs
6045,15548754,"Arthur Joppe","2026-04-03 15:23:47",0.77511,1,arthurjoppe
6046,15548847,"Arunangshu Mojumder Raatul","2026-04-03 15:35:53",0.77511,1,itsraatul
6047,15548980,"Lukasz Gielecinski","2026-04-03 15:54:38",0.77511,1,lukaszgielecinski
6048,15549023,"Vishesh Khantwal","2026-04-03 16:00:49",0.77511,1,visheshkhantwal
6049,15549425,"Juan Navarro C","2026-04-03 16:53:29",0.77511,1,juannavarroc
6050,15549098,"vishal yadav","2026-04-03 17:08:29",0.77511,6,vishaldatafusion
6051,15549622,"Victor Klotz","2026-04-03 17:53:36",0.77511,4,victorklotz
6052,15549970,"RSHISHABH YADAV","2026-04-03 18:18:00",0.77511,1,rshishabhyadav
6053,15550327,Uulan,"2026-04-03 19:19:11",0.77511,1,hwmhhh
6054,15550483,"kavita Kusum","2026-04-03 19:52:37",0.77511,1,kavitakusum
6055,15550491,"Zara N","2026-04-03 19:53:44",0.77511,1,wassupzara
6056,15550524,"Naman Sawnani","2026-04-03 19:58:36",0.77511,1,namansawnani
6057,15550608,"Ayyan Ahmed","2026-04-03 20:24:13",0.77511,1,ayyanahmed2356
6058,15550667,"Rohit kishne","2026-04-03 20:41:05",0.77511,1,rohitkishne
6059,15550677,ahtape,"2026-04-03 21:02:14",0.77511,10,ahtape
6060,15261061,"Jaloliddin Ismailov","2026-04-03 23:43:44",0.77511,2,unnobatroo
6061,15143141,"[Deleted] da934a36-766d-4c33-b189-0a78ca4f902b","2026-04-04 00:38:42",0.77511,1,del=b36891e2b7d71f4c
6062,15551595,jiabao8090,"2026-04-04 02:36:03",0.77511,1,jiabao8090
6063,15551619,alibks,"2026-04-04 02:52:29",0.77511,1,alibks
6064,15551764,"Daniel Contreras","2026-04-04 03:27:22",0.77511,1,danielcontreras2025
6065,15551889,"dicken kuan","2026-04-04 04:03:06",0.77511,1,dickenkuan
6066,15552232,"ABC D","2026-04-04 05:20:25",0.77511,1,abcd7987789798798
6067,15552275,"ANUSHKA PHOOKAN","2026-04-04 05:30:29",0.77511,1,anushkaphookan
6068,15552572,Yuki_220804,"2026-04-13 15:02:44",0.77511,2,yuki220804
6069,15552927,JohnBossMove,"2026-04-04 07:48:33",0.77511,1,jiangbossmove
6070,15553254,AAAkaii,"2026-04-04 09:02:57",0.77511,2,aaakaii
6071,15552978,wenkaishui,"2026-04-04 09:07:04",0.77511,4,wenkaishui
6072,15553333,FFFishes7,"2026-04-05 07:47:02",0.77511,5,fffishes7
6073,15553581,"Retard Danisa","2026-04-04 10:00:17",0.77511,1,retarddanisa
6074,15553605,"Dicheng Yuan","2026-04-04 10:05:06",0.77511,1,dichengyuan
6075,15553742,Konstantine25b,"2026-04-04 11:32:18",0.77511,2,konstantine25b
6076,10750922,hideaki_mizoue,"2026-04-04 11:04:08",0.77511,1,hideakimizoue
6077,11587016,"lvyang #2","2026-04-04 11:22:36",0.77511,1,lvyang199888
6078,15554073,"Adina Arthur","2026-04-04 11:43:33",0.77511,1,adinaarthur
6079,15554246,"Girish Warrier","2026-04-04 12:23:24",0.77511,1,girishwarrier
6080,15554338,"Dayllon Xavier","2026-04-04 12:46:11",0.77511,1,dayllonxavier
6081,15554405,"Andrew Dolinin","2026-04-04 13:04:04",0.77511,2,andrewdolinin
6082,15554466,"Sanidhya Daga ","2026-04-04 13:13:29",0.77511,1,sanidhyadaga
6083,15554475,priyaagr,"2026-04-04 13:16:20",0.77511,1,priyaagr
6084,15554659,"Thiago Viana Colares","2026-04-05 12:15:51",0.77511,3,thiagocolares
6085,15554914,fksAlex,"2026-04-04 14:55:30",0.77511,1,fksalex
6086,15555255,"Đạt Huỳnh","2026-04-04 16:58:19",0.77511,6,vincentneeeeeee
6087,15555367,"Mitchell Blackstaffe","2026-04-04 16:38:06",0.77511,1,mitchellblackstaffe
6088,4999692,abulhassan,"2026-04-04 16:41:08",0.77511,1,abulhassan
6089,15555463,CurSoul,"2026-04-04 17:04:40",0.77511,1,cursoul
6090,15555539,"MRIDUL CHUNDARAN","2026-04-04 17:22:55",0.77511,1,mridulchundaran
6091,15555560,"Parul Raman","2026-04-04 17:29:50",0.77511,1,parulraman
6092,15555661,"Reagan Odhiambo Otieno","2026-04-04 17:52:23",0.77511,1,reaganodhiambootieno
6093,15555695,Sillydud,"2026-04-04 18:01:42",0.77511,1,sillydud
6094,15555768,SuperMax21,"2026-04-04 18:17:44",0.77511,1,supermax21
6095,15555881,"Loretta Belt","2026-04-04 18:47:20",0.77511,1,lorettabelt
6096,15555966,"Kashvi Anurag Gupta","2026-04-04 19:11:53",0.77511,1,kashvianuraggupta
6097,15556228,"Logan Belt","2026-04-04 20:32:58",0.77511,1,loganbelt
6098,15556241,SriramSi,"2026-04-04 20:38:12",0.77511,1,sriramsi
6099,15556273,"elsa guan","2026-04-04 20:54:41",0.77511,1,elsa0323
6100,15556326,"Maya Selvan","2026-04-04 21:21:51",0.77511,1,mayaselvan
6101,15556368,Stefanog996,"2026-04-04 22:00:15",0.77511,1,stefanog996
6102,15556370,"Evan Andrews","2026-04-04 22:01:37",0.77511,1,evandr7
6103,15556409,"Pratham Gupta","2026-04-04 22:36:14",0.77511,1,thatcrazyrobot
6104,15556544,"Guilherme Klein","2026-04-05 00:04:30",0.77511,1,guilhermeodk
6105,15556555,"Dan #5","2026-04-05 00:19:13",0.77511,3,vedantsagar215
6106,15556590,"Adolfo Medina","2026-04-05 00:36:03",0.77511,1,adolfomedina
6107,15556863,"Dipin Yadav Ext","2026-04-05 02:19:45",0.77511,1,dipinyadavext
6108,15557644,"Harold Baja","2026-04-05 05:47:25",0.77511,1,haroldbaja
6109,15557882,Prankscr7,"2026-04-05 06:34:21",0.77511,1,prankscr7
6110,15558359,MENGCHANLIU,"2026-04-05 11:05:08",0.77511,2,mengchanliu
6111,15558478,"[Deleted] a665d269-99dd-46b1-bc91-3ac60e7f6c66","2026-04-05 22:43:43",0.77511,3,del=975b6f013436e93e
6112,15558574,"muhammad ghazy humaidi","2026-04-05 09:27:03",0.77511,3,ghazthiskc
6113,15558843,"이 유성","2026-04-05 10:28:09",0.77511,1,yuseong1223
6114,15559229,"Dhir Agrawal","2026-04-06 09:55:57",0.77511,9,dhiragrawal
6115,15559313,YXBeginner,"2026-04-05 12:36:57",0.77511,1,yxbeginner
6116,15464491,福田宏伸,"2026-04-15 13:31:15",0.77511,8,hironobu4290
6117,15559666,sunxix,"2026-04-05 14:04:18",0.77511,1,sunxix
6118,15558791,Tohyasg,"2026-04-06 13:43:45",0.77511,9,tohyasg
6119,14382966,"Yuichiro Iguchi","2026-04-05 14:43:02",0.77511,1,yuichiroiguchi
6120,15559999,Andyleefr,"2026-04-05 15:16:19",0.77511,1,andyleefr
6121,15560105,"Youssef Ibrahim","2026-04-05 15:38:25",0.77511,1,youssefqhmed
6122,14128917,"Mcmillan Phares","2026-04-05 15:57:26",0.77511,5,mcmillanphares
6123,15560427,ElizaElen,"2026-04-05 16:55:37",0.77511,1,zabuketami13
6124,15560450,"Mariyah Rangwala","2026-04-05 17:04:21",0.77511,2,mariyahrangwala
6125,15560457,"Vaibhav Badam","2026-04-05 17:46:49",0.77511,2,vaibhavbadam
6126,15560504,"Saptarshi Dey","2026-04-05 17:16:18",0.77511,1,saptarshidey063
6127,15560568,anmol_Aggarwal_0026,"2026-04-05 17:29:09",0.77511,1,anmolaggarwal0026
6128,15560587,"Zt Sheng","2026-04-05 21:40:23",0.77511,2,ztsheng
6129,15560623,"Jonas Becker13","2026-04-06 16:44:43",0.77511,4,jonasbecker13
6130,15560678,"Igor V. Popov","2026-04-05 17:58:43",0.77511,1,igorvpopov
6131,15560825,MithunMalleshaiah,"2026-04-05 18:37:24",0.77511,1,mithunmalleshaiah
6132,15560875,"Alex K. #3","2026-04-05 18:49:58",0.77511,1,alexeikk
6133,4432530,"harinaidu rayala","2026-04-05 20:22:17",0.77511,2,harinaidurayala
6134,15561686,"Fábio Santos #3","2026-04-05 23:28:40",0.77511,1,fabiosantos3983
6135,13272252,"Nana Kwesi Asante Essel","2026-04-05 23:37:43",0.77511,1,nanakwesiasanteessel
6136,15561811,"Tor Sdayur","2026-04-06 00:18:49",0.77511,1,torsdayur
6137,15562116,"Karina Dwiastuti","2026-04-06 02:01:10",0.77511,1,karinadwiastuti
6138,13671650,torijiki,"2026-04-06 02:06:49",0.77511,1,torijiki
6139,15562199,"Shakyadev Saha","2026-04-06 02:23:52",0.77511,1,shakyadevsaha1
6140,15562624,plaqgemmax,"2026-04-06 04:03:14",0.77511,1,plaqquassy
6141,4948967,DATACRUNCHER1111111,"2026-04-06 04:19:37",0.77511,2,ayushsharma173
6142,15562823,kxakp48080,"2026-04-06 04:46:39",0.77511,1,kxakp48080
6143,15563592,"Stanley Wilsonne","2026-04-06 07:34:04",0.77511,1,stanleywilsonne
6144,15563707,"YeFeng Lin","2026-04-06 07:56:34",0.77511,1,yefenglin
6145,15564043,"mao 111","2026-04-06 09:07:52",0.77511,1,maoy1111
6146,15564139,"chakir benlafkih","2026-04-06 09:33:22",0.77511,1,chakirbenlafkih
6147,14340262,"Shinya Meguro","2026-04-06 09:41:20",0.77511,1,shinyameguro
6148,15564309,"Thomas yuvatom ","2026-04-06 10:11:45",0.77511,3,thomasyuvatom
6149,15564375,"[Deleted] 7e22852a-743c-4375-b455-454fd6c843b2","2026-04-06 10:26:35",0.77511,1,hitler194500
6150,15564365,"Hemanth S P","2026-04-06 10:28:24",0.77511,1,hexasp
6151,15564775,Leli8215,"2026-04-06 11:57:22",0.77511,1,leli8215
6152,15564832,zztongji,"2026-04-06 12:24:34",0.77511,2,zztongji
6153,15564954,kinowwww,"2026-04-06 12:34:40",0.77511,1,kinowwww
6154,15565002,stefandoerr,"2026-04-06 12:46:07",0.77511,1,stefandoerr
6155,15565111,"Seth Keller","2026-04-06 13:05:12",0.77511,1,skeller99
6156,15564991,CheeMing,"2026-04-06 13:26:05",0.77511,1,cheeming
6157,15565461,etc作成用,"2026-04-06 14:12:06",0.77511,1,etcaaa
6158,15565512,"S.S.R.M RAMNATH","2026-04-06 14:21:02",0.77511,1,ramnathssrm
6159,15566115,ikaros1264,"2026-04-06 16:09:09",0.77511,1,ikaros1264
6160,15566347,"Mihai Balu","2026-04-06 16:56:31",0.77511,1,prgramingforme
6161,15566574,"Dragomir Vlačić","2026-04-06 17:49:06",0.77511,1,dragomirvlai
6162,15566596,"İdris Kerem Güneş","2026-04-06 17:52:47",0.77511,1,driskeremgne
6163,15566622,"salvatore correra","2026-04-06 17:59:54",0.77511,1,salvatorecorrera
6164,15566668,"Lars Haverkamp","2026-04-06 18:10:04",0.77511,1,larshaverkamp
6165,15567252,"Ahmed Ashraf #5","2026-04-06 20:31:57",0.77511,1,aaalucard0
6166,15556684,"Maylson Maia","2026-04-07 00:53:10",0.77511,3,maylsonmaia
6167,15271833,"Michael Sharp","2026-04-06 21:17:09",0.77511,1,michaelsharp90
6168,15567583,kaczor123,"2026-04-06 22:33:03",0.77511,1,kaczor123
6169,14899468,"Archimedes Fagundes Junior","2026-04-07 01:10:58",0.77511,1,afagundesjunior
6170,15568128,"Shubhashish Dev Jishnu","2026-04-07 02:23:24",0.77511,1,shubhashishdevjishnu
6171,15568289,Rrizalll,"2026-04-07 03:11:59",0.77511,1,rrizalll
6172,15520446,"JP Ding","2026-04-14 03:43:00",0.77511,12,jasper717
6173,15568369,"Aaron Wang #5","2026-04-07 03:38:29",0.77511,1,spotelf777
6174,15568423,"Peicheng Yue","2026-04-07 03:56:43",0.77511,1,peichengyue
6175,15568449,"Ansar Kabdolla","2026-04-07 04:19:52",0.77511,3,ansarkabdolla
6176,15568471,"Amrit #3","2026-04-07 04:13:42",0.77511,1,amritadhikari08
6177,15568605,"Alice #15","2026-04-07 04:37:43",0.77511,1,alice3231
6178,15568713,"Dechao Hu","2026-04-07 05:11:55",0.77511,2,dechaohu
6179,15568724,yerin040821,"2026-04-07 05:10:52",0.77511,1,yeirn040821
6180,15568726,"Muhammad Aqil","2026-04-07 05:11:25",0.77511,1,aqilmuh
6181,15568772,qw1023,"2026-04-07 08:59:42",0.77511,3,qw1023
6182,14935413,dosukoilust,"2026-04-07 05:57:56",0.77511,6,dosukoilust
6183,15568932,"Metin Ahmet","2026-04-07 05:59:31",0.77511,1,metinahmeterkeles
6184,15568998,"Ziqing Ning","2026-04-07 06:11:23",0.77511,1,ziqingning
6185,15568930,jiyunpark1,"2026-04-07 06:15:25",0.77511,1,jiyunpark1
6186,15569086,"Artificial Silicon","2026-04-07 06:25:51",0.77511,1,artificialsilicon
6187,15569133,"Duc Phan Anh","2026-04-07 06:34:17",0.77511,1,padduwcs
6188,15569172,salgkdal,"2026-04-07 07:25:14",0.77511,2,salgldal
6189,15569253,swaggy_alky,"2026-04-07 07:02:08",0.77511,2,swaggyalky
6190,15569316,"Kamalnayan Parmar","2026-04-07 07:08:00",0.77511,1,kamalnayanparmar
6191,15235244,IEEM26_112034023,"2026-04-07 07:44:20",0.77511,4,joypig
6192,15569526,YujieHuangjie,"2026-04-07 07:45:40",0.77511,1,yujiehuangjie
6193,15569530,"Arnav Aggarwal","2026-04-07 07:53:55",0.77511,2,imarnavvv
6194,15569542,"Albert Lafayette Law","2026-04-07 07:48:00",0.77511,1,albertlafayettelaw
6195,15569731,"SHUBHAM THAKURrr","2026-04-10 09:52:15",0.77511,2,shubhamthakurrr
6196,15569735,Suman8910,"2026-04-07 08:27:08",0.77511,2,suman8910
6197,15569689,ohioyy,"2026-04-07 11:28:54",0.77511,8,ohioyy
6198,15569701,IEEM26_112034067,"2026-04-07 11:24:30",0.77511,4,s112034067
6199,15569611,楊子禾_112034044,"2026-04-07 08:44:40",0.77511,6,cartonyang
6200,15569022,IEEM26_112034006,"2026-04-07 08:49:32",0.77511,2,ray614h
6201,15569760,lchijk,"2026-04-07 08:52:30",0.77511,6,lchijk
6202,15569579,IEEM26_112030014,"2026-04-07 08:59:20",0.77511,5,thisisroni
6203,15569988,rubinius,"2026-04-07 09:01:50",0.77511,1,rubinius
6204,15569456,"[Deleted] 4d99d4af-b896-4247-b1dc-8da0a02d48c9","2026-04-07 11:57:13",0.77511,6,del=0b91ff9220ca1594
6205,15570084,leehaminie,"2026-04-07 10:36:42",0.77511,3,leehaminie
6206,15570145,IEEM26_112034056,"2026-04-07 09:40:11",0.77511,3,winniening
6207,15570291,golinv,"2026-04-07 10:02:11",0.77511,2,golinv
6208,15570336,"Kavya Kanneboina","2026-04-07 10:02:44",0.77511,1,kavyakanneboina
6209,15569752,IEEM26_112034019,"2026-04-07 10:09:00",0.77511,8,gaysonorthotdaughter
6210,15570378,IEEM_112034051,"2026-04-07 10:10:48",0.77511,1,linshangyan
6211,15570406,"Leo Oscar Z","2026-04-07 10:17:01",0.77511,1,leooscarz
6212,15570410,"Nathan Gaskell","2026-04-07 10:24:55",0.77511,4,nathangaskell
6213,15569256,"Muhammed shadil K","2026-04-08 10:17:38",0.77511,2,muhammedshadilk
6214,15570439,life22222,"2026-04-07 10:24:59",0.77511,1,life22222
6215,15570527,"Leif L. Kruse","2026-04-07 10:44:21",0.77511,1,leiflkruse
6216,15570624,ZZWhite423,"2026-04-07 11:08:43",0.77511,1,zzwhite423
6217,15570548,IEEM26_112034069,"2026-04-07 12:05:05",0.77511,6,leongjiansing
6218,15570639,"Qinuo Zhu","2026-04-07 11:11:31",0.77511,1,qinuozhu
6219,15569409,IEEM26_112034028,"2026-04-07 13:28:37",0.77511,10,chiang7z
6220,15570859,"Matt Lyons","2026-04-07 11:58:15",0.77511,1,m4ttlyons
6221,15570953,"Judith Jonkers","2026-04-07 12:17:14",0.77511,1,judithjonkers
6222,15570901,IEEM_112030004,"2026-04-07 12:17:47",0.77511,2,ipe27112030004
6223,14724716,"Jaslynn In","2026-04-07 13:11:02",0.77511,1,jaslynnin2
6224,15571315,maomao188,"2026-04-10 03:31:41",0.77511,2,maomao188
6225,15571339,"Murat Can Yaman","2026-04-15 17:17:19",0.77511,7,muratcanyaman
6226,15571396,"Enerst Mulenga","2026-04-07 13:42:36",0.77511,1,enerstmukuka
6227,15571578,"Gael Zhang","2026-04-07 14:14:03",0.77511,1,gaelzhang
6228,15571597,Chenxiuning,"2026-04-07 14:19:09",0.77511,1,chenxiuning
6229,15571644,brndbrndy,"2026-04-07 14:25:39",0.77511,1,brndbrndy
6230,15571659,Yashas_019,"2026-04-07 14:28:36",0.77511,1,yashas019
6231,15569749,IEEM26_112034036,"2026-04-07 14:32:53",0.77511,4,hsinyu3436
6232,15571825,LatentEcho,"2026-04-07 14:50:11",0.77511,1,emmakaggle612
6233,15570833,IEEM_112030016,"2026-04-07 15:21:13",0.77511,8,hawayswei
6234,15570977,IEEM_112030010,"2026-04-07 15:45:22",0.77511,8,hectorchiu
6235,15572401,"Gaurav Kumar #26","2026-04-07 16:30:37",0.77511,1,gauravbihari420
6236,14384210,"Mary Savitzky","2026-04-07 17:01:26",0.77511,1,marysavitzky
6237,15572821,"Fernando Murasaki","2026-04-07 17:57:51",0.77511,1,fernandomurasaki
6238,15572838,"Davide Maria Quattrone","2026-04-07 18:02:43",0.77511,1,davidemariaquattrone
6239,15572878,"Sergei Korch","2026-04-07 18:09:23",0.77511,1,sergeikorch
6240,15573237,"Jake Michell","2026-04-07 19:40:46",0.77511,2,jakemichell
6241,15573384,"Zihan Wang21","2026-04-07 22:49:17",0.77511,2,zihanwang21
6242,15573390,ZackZubair1984,"2026-04-07 20:02:50",0.77511,1,zackzubair1984
6243,4481531,saiyuki1919,"2026-04-07 20:31:46",0.77511,7,saiyuki1919
6244,15573574,"Diogo Atalaia","2026-04-07 21:10:55",0.77511,1,diogoatalaia
6245,15573747,Camassari,"2026-04-07 22:45:30",0.77511,2,camassari
6246,15573834,"Fang Qiu Li","2026-04-08 17:55:15",0.77511,2,fangqiuli
6247,15573862,"Antonio Gonzaelz","2026-04-08 19:50:02",0.77511,2,antoniogonzaelz
6248,15574010,"Saki #2","2026-04-08 01:05:34",0.77511,1,monotone777
6249,15574195,sakupo,"2026-04-08 02:03:25",0.77511,1,sakupo
6250,15574276,EL4270,"2026-04-08 02:29:33",0.77511,1,el4270
6251,14593947,qinsuikang,"2026-04-08 03:04:55",0.77511,1,qinsuikang
6252,15574394,pangpangbuchuiniu,"2026-04-08 03:15:20",0.77511,1,pangpangbuchuiniu
6253,15574412,"Veinsure Lee","2026-04-08 03:19:34",0.77511,2,veinsurelee
6254,15575094,hykim44,"2026-04-08 05:24:06",0.77511,2,hykim44
6255,15575272,洛归青333,"2026-04-08 06:00:07",0.77511,1,guiqing34
6256,15519373,毛向阳MXY1949,"2026-04-10 03:53:18",0.77511,15,mxy1949
6257,15576355,"Joy Bruce IYANKUNZE","2026-04-08 09:21:09",0.77511,1,joybruceiyankunze
6258,15576511,蒋元昊,"2026-04-08 09:47:21",0.77511,1,ncjdjyh
6259,15576549,"Milo zzt","2026-04-08 09:54:00",0.77511,1,wewerkajama
6260,15576948,nhirsa,"2026-04-08 11:16:55",0.77511,1,nhirsa
6261,15577051,"Puttipong Srisuwantat","2026-04-08 11:38:35",0.77511,1,nonputtipong
6262,15577678,urbnska,"2026-04-08 13:38:54",0.77511,1,joannaurbanska
6263,15578195,"crane white","2026-04-08 14:55:08",0.77511,1,cranewhite
6264,15578248,ceilia011,"2026-04-08 15:05:45",0.77511,1,ceilia011
6265,15578262,Khanhssss,"2026-04-08 15:08:55",0.77511,1,khanhssss
6266,15578591,Mahammed,"2026-04-08 16:38:20",0.77511,3,yusufmahammed
6267,15578816,"Camille Brennan","2026-04-08 17:06:10",0.77511,1,camillebrennan
6268,15578928,"Yassine Abid 33","2026-04-08 17:32:04",0.77511,1,yassineabid33
6269,15159559,"Rahul Saini #3","2026-04-08 18:13:35",0.77511,3,rahulsaini4mdelhi
6270,15579163,"Johnna Schroeder #2","2026-04-09 03:59:52",0.77511,11,johnnaschroeder4201
6271,15579209,"Aruke Sulaimanova 1","2026-04-08 18:49:21",0.77511,2,arukesulaimanova1
6272,15579567,ELDANI45,"2026-04-08 20:14:48",0.77511,1,eldani45
6273,15579607,"Леонид Смирнов","2026-04-08 20:22:12",0.77511,1,vilkatarelkanozh
6274,15579710,phuong,"2026-04-08 21:02:59",0.77511,1,phuonglenam
6275,15579750,"Harshita Shah","2026-04-08 21:21:37",0.77511,1,harshitashah26
6276,15579889,"Aya Chaouch","2026-04-10 15:36:40",0.77511,2,ayachaouch
6277,15579898,"Nadia Liz ","2026-04-08 22:21:22",0.77511,1,nadializ
6278,15579900,TimotiusLearn,"2026-04-08 22:21:41",0.77511,1,timotiuslearn
6279,14946625,"Simon Ren1","2026-04-14 13:39:36",0.77511,7,simonren1
6280,15579927,"Jônatas Araújo","2026-04-08 22:35:32",0.77511,2,jnatasarajo
6281,13756246,"Chirag Vaghela","2026-04-08 22:50:10",0.77511,1,chiragvaghela
6282,15579987,"ibrahimraza Cia7","2026-04-08 22:59:27",0.77511,2,ibrahimrazacia7
6283,15580027,"Andrew Keller","2026-04-08 23:09:46",0.77511,1,andrewkellerweb
6284,15580887,"haoshi gao","2026-04-09 13:47:31",0.77511,3,haoshigao
6285,15581014,"Keyanna Bernard","2026-04-09 18:35:21",0.77511,3,keyannabernard
6286,15581075,"Nathanael McCooeye","2026-04-09 02:49:22",0.77511,1,nathanaelmccooeye
6287,15581127,咕啦啦啦啦啦啦啦,"2026-04-09 02:58:02",0.77511,1,setneye
6288,15581505,"Md. Hadisur Rahman Molla","2026-04-09 04:17:52",0.77511,1,hadisurrahmansust
6289,13121740,"Matthias Schad","2026-04-09 04:51:28",0.77511,1,schadm
6290,15581659,"Yogesh Gade","2026-04-09 04:57:52",0.77511,1,yogeshgade
6291,15582023,"Trisha Pal","2026-04-09 06:09:29",0.77511,1,trishapal007
6292,15582369,bang92,"2026-04-09 06:51:22",0.77511,1,bang92
6293,15582692,SherlockCheney,"2026-04-09 14:34:51",0.77511,2,sherlockcheney
6294,15561190,"Mikhail Chaykun","2026-04-09 13:04:59",0.77511,5,mikhailchaykun
6295,15583106,"Jasper Yuan","2026-04-09 09:02:51",0.77511,1,jasperyuan
6296,15583291,adsertyu,"2026-04-09 09:32:12",0.77511,1,adsertyu
6297,15583297,Yantagn,"2026-04-09 09:33:17",0.77511,1,yantagn
6298,15583299,"Yakubu Hassan","2026-04-09 09:34:11",0.77511,1,yakubuhassan
6299,15583668,"Habiba Sanusi","2026-04-09 10:56:58",0.77511,1,habibasanusi
6300,15583674,zimingttkx,"2026-04-09 12:22:41",0.77511,3,zimingttkx
6301,15583676,一枕槐安,"2026-04-09 11:16:05",0.77511,3,k123q234
6302,15583875,"Ricardo xup","2026-04-09 11:35:33",0.77511,1,ricardoxup
6303,15584108,BeHappyDT,"2026-04-09 12:20:21",0.77511,1,behappydt
6304,15584232,"minghao mei","2026-04-09 12:46:13",0.77511,1,minghaomei
6305,15584312,"Derrick Derrick","2026-04-09 13:53:25",0.77511,2,derrickderrick
6306,15518547,"Truong Hoang Phu","2026-04-09 13:15:02",0.77511,3,phudz1234
6307,15584499,"Shaun Rafferty","2026-04-09 13:30:59",0.77511,1,shaunrafferty
6308,15584961,"Javier Pica 9999","2026-04-09 14:50:06",0.77511,1,javierpica9999
6309,15585047,"Tarek Gamal H","2026-04-09 15:03:55",0.77511,1,tarekgamalh
6310,15585263,"Muzamil Hyder","2026-04-09 15:42:32",0.77511,1,muzamilhyder
6311,15585328,"Kim Rune","2026-04-09 15:53:04",0.77511,1,kimrune
6312,15585341,"Ewurabena Baisie","2026-04-09 15:56:10",0.77511,1,ewurabenab
6313,15585358,"Samuel Castel","2026-04-09 15:59:20",0.77511,1,samuelcastel
6314,15585388,Ritvik182,"2026-04-09 16:06:00",0.77511,1,ritvik182
6315,15585560,"Rallapalli Goutham Deekshith","2026-04-09 16:38:47",0.77511,1,rgdeekshith
6316,15585562,DASh42345,"2026-04-09 16:39:21",0.77511,1,dash42345
6317,15585629,"Philippe Shek","2026-04-09 16:50:04",0.77511,1,philippeshek
6318,15585843,"Dhruvkumar Patel #3","2026-04-09 17:30:15",0.77511,1,druptl
6319,15585967,"Molly Buras","2026-04-09 17:54:33",0.77511,1,mollyburas
6320,15585969,"Elizabeth Schlamel","2026-04-09 17:54:40",0.77511,1,elizabethschlamel
6321,15585970,"Michelle Benitez27","2026-04-09 17:54:42",0.77511,1,michellebenitez27
6322,15073710,"Karthik Chowdari","2026-04-09 18:41:33",0.77511,1,karthikchowdari
6323,15586188,"Lars Schlichting","2026-04-09 18:48:30",0.77511,1,larsschlichting
6324,15556036,EvelinaFadeeva,"2026-04-09 19:58:14",0.77511,2,evelinafadeeva
6325,15586480,"Bill White","2026-04-09 20:13:44",0.77511,1,billwhite718273718
6326,15586567,sparsh712,"2026-04-09 20:46:18",0.77511,1,sparsh712
6327,15586626,"Murat Can Taner","2026-04-09 21:08:20",0.77511,1,muratcantaner
6328,15586698,ARUN_PRASATH005,"2026-04-09 21:29:30",0.77511,2,arunprasath005
6329,15586817,"Apoorv tyagi05","2026-05-11 10:51:53",0.77511,31,apoorvtyagi05
6330,13927296,"Flavio Cestari","2026-04-10 00:41:47",0.77511,2,flaviocestari
6331,15587206,"NADIA QUISPE SIANCAS","2026-04-10 00:43:38",0.77511,1,nadiaquispesiancas
6332,15587216,JohnKOK,"2026-04-10 00:46:48",0.77511,1,johnkok
6333,15587241,"Jhan Jhover Mocaico Espiritu","2026-04-10 00:54:15",0.77511,1,jhanme
6334,15587267,"Raymond Drewry","2026-04-10 01:02:30",0.77511,1,raymonddrewry
6335,15587307,"Santosh Chetri","2026-04-13 01:17:49",0.77511,3,santoshchetri
6336,15015607,"Mohammed Abdul Wasey","2026-04-10 01:39:27",0.77511,1,wasey23
6337,11306017,"Karthik V #3","2026-04-10 02:07:41",0.77511,1,karthikv1776
6338,15585131,Mortuus,"2026-04-10 02:27:26",0.77511,4,mortuus
6339,15588433,"Vijay #16","2026-04-10 05:57:33",0.77511,1,tropicvel
6340,15588535,"gokulakrishnan muthusamy #2","2026-04-10 06:03:06",0.77511,1,gokulakrishn
6341,15588555,"Khadija Kubra","2026-04-10 06:09:20",0.77511,2,khadijakubra28
6342,15588558,"Basavaraj YN","2026-04-10 06:26:42",0.77511,2,basavarajyn
6343,15588561,"CHANDAN PR","2026-04-10 06:16:34",0.77511,3,shadowchan12
6344,15588566,"Ramya manjunath angadi ","2026-04-10 06:22:11",0.77511,2,ramyamanjunathangadi
6345,15588568,"Gangashree Shashi kiran","2026-04-10 06:18:01",0.77511,2,gangashree20
6346,15588574,"Uditha Kampa","2026-04-10 06:18:43",0.77511,2,udithakampa
6347,15588575,bindushree2005,"2026-04-10 06:33:44",0.77511,2,bindushree1808
6348,15588595,"Neha D #2","2026-04-10 06:26:38",0.77511,2,nehadev
6349,15588606,"usha mandaluru","2026-04-10 06:23:54",0.77511,2,ushamandaluru
6350,15588633,yuki-kabeya,"2026-04-10 06:51:59",0.77511,2,yukikabeya
6351,15588640,"Rahul Yadav #10","2026-04-10 06:13:04",0.77511,1,dummest
6352,15588648,"ksubhash K","2026-04-10 06:15:10",0.77511,2,ksubhashk
6353,15588671,"karignuru harshavardhan","2026-04-10 06:18:23",0.77511,2,karignuruharsha
6354,15588690,"Naveen Kumar #19","2026-04-10 06:20:12",0.77511,1,naveen113
6355,15588694,"Aditya #43","2026-04-10 06:24:28",0.77511,2,adi6362940553
6356,15588711,"Abhishek Patarot","2026-04-10 06:37:44",0.77511,4,abhishekpatarot
6357,15588734,"Bhuvana B","2026-04-10 06:28:26",0.77511,1,bhuraj23
6358,15588739,"ARUN YADAV","2026-04-10 06:29:43",0.77511,2,annadanaranga
6359,15575696,WSSJSZCMDR,"2026-04-10 08:23:14",0.77511,6,wssjszcmdr
6360,15589196,"Chirag Taneja","2026-04-10 08:11:40",0.77511,1,chiragtaneja121
6361,15589448,"Eric Teng","2026-04-10 09:07:09",0.77511,1,ericttteng
6362,15588813,"Tahsin Ahmed Mridha","2026-05-07 18:28:10",0.77511,7,tahsinahmedmridha
6363,15590124,"Dr.Shakthi Ravikumar","2026-04-10 11:35:37",0.77511,1,drshakthiravikumar
6364,15590135,"Eduardo Silva #3","2026-04-10 11:41:49",0.77511,2,eduardo79silva
6365,15590152,"Sherman Cheng 1","2026-04-10 11:41:19",0.77511,1,shermancheng1
6366,15590307,"Neel Vekaria","2026-04-10 12:12:59",0.77511,1,neelvekaria
6367,15584473,kyoko2026,"2026-04-10 12:21:58",0.77511,5,kyoko2026
6368,15590376,SimonHls,"2026-04-10 12:26:22",0.77511,1,simonhls
6369,15590437,"Joanna #4","2026-04-10 12:39:55",0.77511,1,joannavh1
6370,15590667,"Inga Katrin Oebel","2026-04-10 13:30:04",0.77511,1,ingakatrinoebel
6371,15590724,"Johan Almpanis","2026-04-10 13:40:36",0.77511,1,johanalmpanis
6372,15591195,"Indhra Varma","2026-04-10 15:10:28",0.77511,1,indhravarma
6373,15591241,eierapfel.xx,"2026-04-10 15:16:23",0.77511,1,eierapfelxx
6374,15591339,"Ayaz Khira","2026-04-10 15:38:42",0.77511,1,ayazkhira
6375,15591402,"bowie izel","2026-04-10 15:51:41",0.77511,1,bowieizel
6376,15591576,being_mysterious,"2026-04-10 16:23:06",0.77511,1,beingmysterious
6377,1115961,ela7,"2026-04-10 17:35:57",0.77511,3,graela
6378,15591977,yahaswini,"2026-04-10 17:47:53",0.77511,1,yahaswini
6379,15592139,N.L.star,"2026-04-10 18:28:05",0.77511,1,nlstar
6380,15592170,"Sparsh Vishwakarma","2026-04-10 18:36:17",0.77511,1,sparshvishwakarma
6381,15573108,MSH0911,"2026-04-10 19:03:38",0.77511,9,msh0911
6382,15591956,"Alex Pinsker","2026-04-10 18:40:51",0.77511,2,alexpinsker
6383,15592298,"Jus Tunlatorn","2026-04-10 19:01:41",0.77511,1,justunlatorn
6384,15592427,"Kealii O","2026-04-10 19:28:19",0.77511,1,kealiio
6385,15592474,ImEneko123,"2026-04-10 19:36:06",0.77511,1,imeneko123
6386,15592485,Samvrit,"2026-04-10 20:06:50",0.77511,4,samvrit
6387,15592557,"Mahutondji Emmanuel HOUNGBEDJI","2026-04-10 19:52:31",0.77511,1,mahutondji1
6388,15593197,"Роман Новиков","2026-04-10 22:28:26",0.77511,2,romannelo
6389,15593508,"Piero Noa Chahuayo","2026-04-11 01:03:36",0.77511,1,pieronoachahuayo
6390,15593663,"Grishma Gurung","2026-04-11 01:32:54",0.77511,1,grishmagurung
6391,15594132,"Vinicius L. Borges","2026-04-11 03:18:20",0.77511,1,viniciuslborges
6392,15584516,KToyomane,"2026-04-11 04:10:53",0.77511,2,ktoyomane
6393,15594325,Samirawr,"2026-04-11 04:12:53",0.77511,1,samirawr
6394,15594475,"Matthew Iyawan","2026-04-11 05:16:54",0.77511,5,matthewiyawan
6395,15594496,Eamo000n,"2026-04-11 04:58:31",0.77511,1,eamo000n
6396,15594598,"Al Robayet","2026-04-11 05:29:03",0.77511,2,anomaly001
6397,15594614,潇洒哥666,"2026-04-11 05:33:27",0.77511,1,xiaosage666
6398,15594635,AHui,"2026-04-11 05:39:41",0.77511,1,ahui2667d
6399,15594677,FuriousBlock9,"2026-04-11 05:47:24",0.77511,1,furiousblock9
6400,15594715,"Eer0 Lee","2026-04-11 05:54:02",0.77511,1,eer0lee
6401,15595318,SLpeaunt,"2026-04-11 07:18:19",0.77511,1,slpeaunt
6402,15545998,"Rakhat Meiramov","2026-04-11 09:02:00",0.77511,7,rakhatmeiramov
6403,15595676,Topoastro,"2026-04-11 08:12:39",0.77511,1,topoastro
6404,15595741,RakshithGoud,"2026-04-11 08:26:14",0.77511,1,rakshithgoud
6405,15595771,"Anirudh Singh #2","2026-04-11 08:34:51",0.77511,1,prrgmatic0006
6406,15595855,"Razak Sawadogo","2026-04-11 08:49:51",0.77511,1,razaksawadogo
6407,15596072,ponchoko,"2026-04-11 09:27:47",0.77511,1,ponchoko
6408,15596297,Sammy-DK,"2026-04-11 10:03:42",0.77511,1,sammydk
6409,15596423,"Liu Aoyang","2026-04-11 10:18:17",0.77511,1,liuaoyang
6410,15596533,"Manish Khedekar","2026-04-11 10:40:04",0.77511,1,mkai17
6411,15596616,"Dorin Chiran","2026-04-11 10:57:33",0.77511,1,dorinchiran
6412,15596762,"Vimal Si","2026-04-11 15:47:03",0.77511,8,vimasiv
6413,15597121,Composite11,"2026-04-11 12:42:49",0.77511,1,composite11
6414,3210756,Kurrency,"2026-04-11 12:53:02",0.77511,1,mustechpro1
6415,15597201,BogdanFirs,"2026-04-11 12:55:43",0.77511,1,bogdanfirs
6416,15597213,"Kataoka Yusuke","2026-04-18 06:19:41",0.77511,2,kataokayusuke
6417,15597281,MapleEaster,"2026-04-11 13:10:30",0.77511,1,mapleeaster
6418,15597488,"Awab Elkhair","2026-04-11 13:49:22",0.77511,1,awabelkhair
6419,15597043,"Abyan Fidriyansyah","2026-04-13 11:31:53",0.77511,5,abyanfidriyansyah
6420,15597835,"Ibeh Joy Chinwendu","2026-04-12 20:21:52",0.77511,2,ibehjoy
6421,15597938,"Eduardo Fonseca","2026-04-11 15:04:02",0.77511,1,fonseca414
6422,15597952,"Dimitris Livas","2026-04-11 15:06:14",0.77511,1,dimitrislivas
6423,15598523,Aarna,"2026-04-11 17:05:43",0.77511,1,aarna3
6424,15598637,"Parth #8","2026-04-11 17:45:00",0.77511,2,parth44
6425,15598684,"kni vit","2026-04-12 17:52:50",0.77511,2,knivit
6426,15598921,Sahilsaini13005,"2026-04-11 18:35:27",0.77511,1,sahilsaini13005
6427,15599014,pastrystrawberry,"2026-04-11 18:56:45",0.77511,1,pastrystrawberry
6428,15599071,"Tammy Yung","2026-04-11 19:19:15",0.77511,2,tammyyungg
6429,15599140,MadhuRajulapati,"2026-04-11 19:23:14",0.77511,1,madhurajulapati
6430,15599625,"Patrick Altermatt","2026-04-11 22:06:24",0.77511,1,patrickaltermatt
6431,15599850,"Jared Marroquin","2026-04-11 23:29:31",0.77511,1,jaredmarroquin
6432,15599986,"Oleh Nevidomskyi","2026-04-15 18:24:27",0.77511,3,olehnevidomskyi
6433,15600029,"Enoch Chang","2026-04-12 01:34:04",0.77511,1,eeknoc
6434,15600030,"Catherine Zhao","2026-04-12 01:34:23",0.77511,1,cathycat111
6435,15600033,WaiTse,"2026-04-12 01:58:24",0.77511,2,waitse
6436,15600184,coder_xxx_123,"2026-04-12 02:37:36",0.77511,1,coderxxx123
6437,15600317,"Gennier Caro","2026-04-12 20:00:00",0.77511,3,genniercaro
6438,15600398,"Cai Jur","2026-04-12 04:07:25",0.77511,1,caijur
6439,15374769,"Liu Shu","2026-04-12 06:06:05",0.77511,1,ysxdxhl
6440,15601096,"Siddharth #19","2026-04-12 06:53:23",0.77511,1,leviackriman
6441,15601183,"Liam M Hill","2026-04-12 07:17:57",0.77511,1,liammhill
6442,15601186,silence_178,"2026-04-12 09:03:24",0.77511,3,silence178
6443,15601227,WANGCHANG,"2026-04-13 10:55:28",0.77511,4,litlie
6444,15601235,Devissam,"2026-04-12 07:29:11",0.77511,1,devissam
6445,15599657,"Ankit JhaG","2026-04-12 08:10:30",0.77511,1,ankitjhag
6446,15601458,Shuya_Akaki,"2026-04-12 08:20:58",0.77511,1,shuyaakaki
6447,15601644,kaggle-ML-xxc,"2026-04-12 09:01:18",0.77511,1,kagglemlxxc
6448,15601725,"Ana Saiz López","2026-04-12 09:17:57",0.77511,1,anasaizlpez
6449,5281113,"Zheliang Shen","2026-04-12 09:23:52",0.77511,1,zheliangshen
6450,15601843,"Denis Koome K","2026-04-12 09:46:07",0.77511,1,deniskoomek
6451,15601868,"Shrikant Dethe","2026-04-12 09:52:06",0.77511,1,shrikantdethe
6452,15601951,Darmavic,"2026-04-12 10:43:17",0.77511,4,darmavic
6453,15602199,k-void0,"2026-04-12 10:59:45",0.77511,1,kvoid0
6454,15602218,"Bharath 1400","2026-04-12 11:04:01",0.77511,1,bharath1400
6455,15602221,"SHIGENORI ISHIBASHI","2026-04-12 11:04:19",0.77511,1,shigenoriishibashi
6456,15322182,"Lokesh M","2026-04-12 11:53:07",0.77511,2,lokeshpuma
6457,15602665,"Thomas #36","2026-04-12 12:25:04",0.77511,1,t1h2o3m4a5s6
6458,15602668,ryo30,"2026-04-14 17:26:47",0.77511,11,ryo1218
6459,15603136,"Michael Luo #3","2026-04-12 13:57:54",0.77511,1,mikeluo2
6460,15603191,"Gloria Alo","2026-04-12 14:04:25",0.77511,1,gloriaalo
6461,15603279,"hahaouta uil","2026-04-12 14:18:15",0.77511,1,hahaoutauil
6462,15603324,"Aryan Rao","2026-04-12 14:24:16",0.77511,1,aryanr10
6463,15603335,leo_ccardoso,"2026-04-12 14:26:02",0.77511,1,leoccardoso
6464,15603388,"Aishwarya Ajit Abhyankar","2026-04-12 14:34:56",0.77511,1,aishwaryame24b077
6465,15603684,"Suian Wu","2026-04-12 15:34:09",0.77511,2,suianwu
6466,15603708,"Abdullah Akande","2026-04-12 15:36:20",0.77511,1,abdullahakande
6467,15603730,kag_pw,"2026-04-12 15:39:59",0.77511,1,blbrbnf
6468,15603891,"Rafael Lima Amaral","2026-04-12 16:13:59",0.77511,1,rafaelimamaral
6469,15604337,Arwine,"2026-04-12 17:53:46",0.77511,1,arwine
6470,15604381,"Raven Brodsky","2026-04-12 18:04:39",0.77511,1,ravenbrodsky
6471,15604438,ManuGonz,"2026-04-12 18:15:44",0.77511,1,manugonz
6472,15604543,"متوكل الحاج","2026-04-16 23:25:20",0.77511,4,mutwkil
6473,15604670,"Robin Rozo","2026-04-12 19:29:22",0.77511,1,robinrozo
6474,7190901,"C Burrage","2026-04-12 20:19:51",0.77511,2,cburrage
6475,15604907,NelsonTs,"2026-04-12 20:51:01",0.77511,1,nelsonts
6476,15605095,MaidMarian,"2026-04-12 22:03:08",0.77511,2,farahiskandar
6477,15605256,"Jimmy Chao","2026-04-12 22:50:24",0.77511,1,jymmichao
6478,15605274,"Soichiro Matsumura","2026-04-12 22:55:37",0.77511,1,soichiromatsumura
6479,15605281,"Diógenes Barbosa","2026-04-12 22:58:40",0.77511,1,digenesbarbosa
6480,15605889,bugkeeper,"2026-04-13 02:16:31",0.77511,1,bugkeeper
6481,15606008,lengqingyongji,"2026-04-13 02:50:20",0.77511,1,lengqingyongji
6482,15606096,"ANBUSELVAN MAHALINGAM","2026-04-13 03:49:43",0.77511,3,anbuselvanmahalingam
6483,15606587,"Anh Le WVM","2026-04-13 04:57:17",0.77511,3,anhlewvm
6484,15606665,YuTabata,"2026-04-13 09:08:20",0.77511,4,yutabata
6485,15606150,"White ice cream ","2026-04-20 02:43:14",0.77511,16,whiteicecream
6486,15606753,luoboert,"2026-04-13 05:26:17",0.77511,1,luoboert
6487,15606845,"Yanqiong Hu","2026-04-13 05:40:59",0.77511,1,yanqionghu
6488,15607107,"Nabila Yusoff","2026-04-13 06:29:32",0.77511,2,nabilayusoff
6489,15607182,duh_whowho,"2026-04-13 06:46:16",0.77511,1,duhwhowho
6490,15607205,Iaroslav_Ko,"2026-04-13 06:50:47",0.77511,1,iaroslavko
6491,15607212,"Phát Trần #2","2026-04-13 06:51:46",0.77511,1,shaekpi
6492,15607547,longnuub,"2026-04-13 07:55:10",0.77511,1,longnuub
6493,15607795,"fog flower","2026-04-13 08:45:58",0.77511,1,fogflower
6494,15607803,"Karol Stachura","2026-04-13 08:47:25",0.77511,1,karolstachura9999
6495,15608116,YuSenbai12138,"2026-04-13 09:56:26",0.77511,1,yusenbai12138
6496,15608121,GUOCHEN2026,"2026-04-13 09:58:49",0.77511,1,guochen2026
6497,15608238,"Raphael Adewumi Ajani","2026-04-13 10:17:49",0.77511,1,rvzajani
6498,15608279,"Seid Tab","2026-04-13 10:24:44",0.77511,1,seidtab
6499,15608540,"Art Krasniqi","2026-04-13 11:22:33",0.77511,1,artkrsqi
6500,15608845,NISTskafi,"2026-04-13 12:37:34",0.77511,4,nistskafi
6501,15608885,Malhotra_Umang,"2026-04-13 12:23:52",0.77511,1,malhotraumang
6502,15608940,Mathplanet94,"2026-04-13 12:45:27",0.77511,3,mathplanet94
6503,15609256,"John Ma #2","2026-04-13 13:30:57",0.77511,3,johnmjw
6504,15609275,ThibautBignier,"2026-04-13 13:30:10",0.77511,1,thibautbignier
6505,15609836,Zhangjy,"2026-04-13 15:10:23",0.77511,1,ykkd92
6506,15609837,"David Nouvellon","2026-04-13 15:10:28",0.77511,1,davidnouvellon
6507,15609851,Kimmimi13,"2026-04-13 15:14:38",0.77511,1,kimmimi13
6508,14798223,Laboni,"2026-04-13 15:28:20",0.77511,1,laboniraj
6509,15610111,"Rishabh Bamba","2026-04-13 15:57:20",0.77511,1,rishabhbamba
6510,15610217,Olythia,"2026-04-13 16:14:41",0.77511,1,olythia
6511,15610013,"Guilherme Rossetto","2026-04-13 16:25:05",0.77511,3,guilhermerossetto109
6512,15610306,"Lola Robitille","2026-04-13 16:28:53",0.77511,1,lolarobitille
6513,15610320,"[Deleted] 68cee675-4f99-40e8-8aee-b5643236c339","2026-04-13 16:33:18",0.77511,5,del=bc0801ddcec5ae17
6514,15610685,"Sudipta Mitra","2026-04-13 17:38:17",0.77511,1,misssudiptamitra
6515,15610753,"patrick koller","2026-04-13 17:53:15",0.77511,1,patrickkoller00
6516,15610929,"Marianne Hatley","2026-04-13 18:24:52",0.77511,1,mariannehatley
6517,15610978,HummingBirb,"2026-04-13 18:36:24",0.77511,1,hummingbirb
6518,15611068,ncook9,"2026-04-13 19:17:40",0.77511,4,ncook9
6519,15611340,Panguus,"2026-04-13 20:25:49",0.77511,1,panguus
6520,15611444,"Neha Ann Philip","2026-04-13 21:03:22",0.77511,1,notyouraverageguy
6521,15611612,"Julian McCarty","2026-04-13 22:10:12",0.77511,1,julianmccarty
6522,15604488,"Brenden Bowen","2026-04-24 00:00:04",0.77511,12,brendenbowen
6523,15611786,"Yuniwo Wilson","2026-04-14 01:57:30",0.77511,10,yuniwowilson
6524,10757558,"Joe Dimitri","2026-04-14 01:54:46",0.77511,1,joedimitri
6525,15612244,greensbella,"2026-04-14 01:59:27",0.77511,1,greensbella
6526,15371841,"Sphesihle Mdlovu","2026-04-14 02:59:07",0.77511,5,sphesihlemdlovu
6527,15612655,"Ummay Sabira","2026-04-14 03:47:32",0.77511,1,ummaysabira
6528,15612782,Boriszzl,"2026-04-14 04:00:47",0.77511,1,boriszzl
6529,15612827,Enlighten89,"2026-04-14 04:09:18",0.77511,1,enlighten89
6530,15612793,"Duvan Santiago Matallana Jiménez","2026-04-14 05:01:34",0.77511,5,vans13
6531,15613020,"Cody DeVerse","2026-04-14 05:08:47",0.77511,1,codydeverse
6532,15613427,cleom72,"2026-04-14 06:29:31",0.77511,1,cleom72
6533,11572977,zyxwz123,"2026-04-14 06:49:34",0.77511,1,zyxwz123
6534,15613856,醉翁长歌,"2026-04-14 09:51:58",0.77511,2,zwcglxc
6535,15614163,"Shao Yuxin","2026-04-14 08:27:50",0.77511,1,rgrniomve
6536,15614079,"Shanshan Xu","2026-04-14 10:43:21",0.77511,6,shanshanxu22511122
6537,15614651,"Raito ML","2026-04-14 10:31:49",0.77511,6,raitoml
6538,15614887,"Aadi Singh","2026-04-14 10:44:28",0.77511,1,aadisingh19
6539,15615090,"Harisha A","2026-04-14 11:11:53",0.77511,2,pumarts
6540,15615164,liangnn,"2026-04-14 11:24:10",0.77511,1,liangnn
6541,15615426,"Outrage Oriented","2026-04-14 12:07:35",0.77511,1,outrageoriented
6542,15615745,Tushartagha911,"2026-04-14 13:11:19",0.77511,1,tagha911
6543,15615982,Guzelya,"2026-04-14 13:52:04",0.77511,1,guzelya
6544,15616034,"A. Dobosz","2026-04-14 14:02:17",0.77511,1,kamilek
6545,15616458,"Wen Chai","2026-04-14 15:12:21",0.77511,1,wchai0721
6546,15616623,"Daniel Bomfim Nunes","2026-04-14 15:39:06",0.77511,1,danielbomfimnunes
6547,15616654,Tamannaji,"2026-04-14 15:45:29",0.77511,1,tamannaji
6548,15616901,"Tim Potapov","2026-04-14 16:47:02",0.77511,1,timpotapov
6549,15617061,Hydrill,"2026-04-15 13:13:01",0.77511,5,hydrill
6550,15617093,Rookie4ever,"2026-04-14 17:26:11",0.77511,1,saikiransiriki
6551,15617256,"David Kubeš","2026-04-14 18:18:31",0.77511,2,bananakahan
6552,15617284,"ASHRAF EQBAL","2026-04-14 18:13:46",0.77511,1,ashrafeqbal
6553,15617308,Yuma909,"2026-04-14 19:16:36",0.77511,2,yuma909blue
6554,15617478,NhlakaniphoD,"2026-04-14 18:59:24",0.77511,1,nhlakaniphod
6555,15617653,danielito,"2026-04-14 19:46:18",0.77511,1,limone19
6556,15617599,Neptune1318,"2026-04-14 19:55:45",0.77511,2,neptune1318
6557,15617703,"Maite Lobo","2026-04-14 20:00:17",0.77511,1,maitelobo
6558,15579430,"Shakarim Irmukhametov","2026-04-14 20:05:25",0.77511,6,shakarimirmukhametov
6559,15617734,"John Samar","2026-04-14 20:10:45",0.77511,1,johnsamar
6560,15617782,"Andrew Su #3","2026-04-14 20:30:34",0.77511,1,andxsu
6561,15617811,"Yung Shiang Yang","2026-04-14 20:39:40",0.77511,1,yungshiangyang
6562,15617817,weiastraia,"2026-04-14 20:53:25",0.77511,1,weiastraia
6563,15618203,"Felipe Loschi","2026-04-20 15:33:21",0.77511,10,felipeloschi
6564,15615441,c_fxy,"2026-04-15 01:19:45",0.77511,3,cfxyai
6565,15618562,"saw oujh","2026-04-15 01:51:02",0.77511,1,sawoujh
6566,15618568,"Zora Qin","2026-04-15 01:52:30",0.77511,1,zoraqin
6567,7157239,twhorim,"2026-04-15 03:23:51",0.77511,2,twhorim
6568,15618943,"Zhe Li","2026-04-15 03:50:02",0.77511,1,zacklee2001
6569,5768781,marksix,"2026-04-15 05:35:23",0.77511,3,marksix
6570,15619047,"YEUNG CHONG SUT","2026-04-15 04:16:31",0.77511,1,yeungchongsut
6571,10898086,"chandan poddar","2026-04-15 05:45:38",0.77511,2,chandanpoddar26
6572,15581739,千北彩瑚,"2026-04-15 06:13:29",0.77511,4,chigita
6573,15619326,"Katie Huang","2026-04-15 05:32:30",0.77511,1,katiefhuang
6574,15619337,"Renchin-Erdene Baigal","2026-04-15 05:34:19",0.77511,1,renchinerdenebaigal
6575,15619586,Delgermaa,"2026-04-15 06:25:05",0.77511,1,ganzorigt
6576,15619599,"ЭНХТУУЛ АНУЖИН","2026-04-15 06:27:05",0.77511,1,eanujin0425
6577,15619627,"АРИУНБОЛД БОЛДБААТАР","2026-04-15 06:32:44",0.77511,1,bold08
6578,15619631,Muujig,"2026-04-15 06:33:17",0.77511,1,muujig
6579,15619639,Erdene-Undrakh,"2026-04-15 06:35:18",0.77511,1,erdeneundrakh
6580,13889899,"Yogesh Jadhav #3","2026-05-07 08:39:15",0.77511,7,dynamo14324
6581,15117833,Pushkar@1702,"2026-04-15 07:22:34",0.77511,1,pushkar17
6582,15619867,"Tuncay Yılmaz","2026-04-15 07:22:38",0.77511,1,tuncayyilmaz2003
6583,15619870,"tulvbz wang","2026-04-15 07:23:06",0.77511,1,tulvbzwang
6584,15619700,"Chong Han Yi","2026-04-15 07:47:08",0.77511,4,chonghanyi
6585,15620008,"ZhenXian Lin","2026-04-15 07:44:20",0.77511,1,zhenxianlin
6586,15338252,WhaleGame,"2026-04-15 07:49:18",0.77511,2,whalegame
6587,15619994,"Kun Seng Ho","2026-04-15 07:49:15",0.77511,2,kunsengho
6588,15620032,"KIN HOI LAM","2026-04-15 07:49:27",0.77511,1,kinhoilam
6589,15620052,"Phạm Nhật","2026-04-15 07:53:31",0.77511,1,natthanpham
6590,15620063,晓hey紫,"2026-04-15 07:55:32",0.77511,1,xiaoheyzi
6591,15620092,"Nirvana Dongre","2026-04-15 08:05:43",0.77511,2,nirvanadongre
6592,15620327,"Islam Mohamed Khalaf","2026-04-15 08:38:55",0.77511,1,islammohamedkhalaf
6593,15621128,"Afra Patel","2026-04-15 09:46:26",0.77511,2,afrapatel
6594,15621203,"Ingrid Nyakato","2026-04-15 09:54:45",0.77511,1,ingridnyakato
6595,15621365,"Fredrik Söderström","2026-04-15 10:12:03",0.77511,1,fredriksoderstrom
6596,15621424,"Shahriar Hasan #2","2026-04-15 10:20:14",0.77511,1,shahriarhasan10
6597,15621469,"Richmond Ko","2026-04-15 10:25:23",0.77511,1,richmondko
6598,15622028,MayurUdernani,"2026-04-18 14:42:53",0.77511,3,mayurudernani
6599,15622080,"Alexandra Brunjes","2026-04-15 11:51:36",0.77511,1,alexandrabrunjes
6600,15622116,SimonFinning,"2026-04-15 11:58:18",0.77511,1,simonfinning
6601,15621510,DA25B026,"2026-04-15 12:17:57",0.77511,7,fireboy07
6602,15622345,"Jeremiah Umadac","2026-04-15 12:48:41",0.77511,1,jeremiahumadac
6603,15623390,dsrdrds,"2026-04-15 16:21:28",0.77511,1,dsrdrds
6604,15623409,"FreddyCheng #2","2026-04-15 16:26:16",0.77511,1,freddycheng0726
6605,15623435,"Marc Segal","2026-04-15 16:34:26",0.77511,1,marcsegal
6606,15623565,"Eduardo Torres","2026-04-15 17:23:48",0.77511,2,eduardotorresruiz
6607,15623718,AquaE2,"2026-04-15 17:43:58",0.77511,1,aquae2
6608,15623733,"Birkir Diego","2026-04-15 17:46:51",0.77511,1,birkirdiego
6609,15623806,"Nathaly Villacis","2026-04-15 18:04:30",0.77511,1,nathalyvillacis
6610,15623866,"Bence Dékány","2026-04-15 18:19:20",0.77511,1,dekanyb47
6611,15624264,poopsilon,"2026-04-15 20:00:22",0.77511,1,poopsilon
6612,15624701,shuting,"2026-04-15 21:58:45",0.77511,3,changshut
6613,15624990,"Jipeng Gao","2026-04-15 22:47:10",0.77511,1,jipenggao
6614,15625778,"Ololade Osinubi","2026-04-16 01:00:57",0.77511,1,ololadeosinubi
6615,15626031,"Sujanthini Manohar","2026-04-16 02:12:58",0.77511,1,sujanthinimanohar
6616,15626612,"rebecca #2","2026-04-16 02:57:32",0.77511,1,rebeccayj
6617,15626858,"ruoxi yan","2026-04-16 03:35:01",0.77511,1,ruoxiyan
6618,15628413,zhangziying,"2026-04-16 07:01:47",0.77511,1,zhangziyinggg
6619,15628196,2021315709_ShimKiHyun,"2026-04-21 05:40:25",0.77511,14,kihyunshim
6620,15628860,"Amiko Maggy","2026-04-16 08:03:57",0.77511,1,amikomaggy
6621,15629602,珍珠Moon,"2026-04-16 09:37:24",0.77511,1,yuexiaohua
6622,15629650,"Safira Aulia Umais","2026-04-16 09:45:23",0.77511,1,safiraauliaumais
6623,15629661,FedorSoldatin,"2026-04-17 11:10:29",0.77511,2,fedorsoldatin
6624,15629689,王硕11,"2026-04-16 09:50:23",0.77511,1,monaishushouwuce
6625,15629816,Sakataxqqq,"2026-04-16 10:06:23",0.77511,1,sakataxqqq
6626,15629822,飯山まどか（Madoka）,"2026-04-16 10:06:57",0.77511,1,madokam
6627,15630067,Kukisak,"2026-04-16 10:40:44",0.77511,1,kukisak
6628,15630313,"Ceng Bogger","2026-04-16 11:06:31",0.77511,1,cengbogger
6629,15630418,Shinn_Asuka,"2026-04-17 10:37:29",0.77511,2,shinnasuka2005
6630,15630488,"Marco Filipuzzi","2026-04-16 11:33:18",0.77511,1,marcofilipuzzi
6631,15630492,Logus,"2026-04-16 11:33:48",0.77511,1,logus4704
6632,15630613,sreesneha,"2026-04-16 11:56:29",0.77511,2,sreesneha
6633,15630753,Anita_rue,"2026-04-16 12:11:53",0.77511,1,anitarue
6634,15630823,"Frenkli Axha","2026-04-16 12:25:29",0.77511,1,frenkliaxha
6635,15631106,hzylyx,"2026-04-16 13:12:06",0.77511,1,hzylyx
6636,15631223,"Yuhang Wang #2","2026-04-16 13:31:50",0.77511,1,astronaut0620
6637,15631309,wuyou,"2026-04-16 13:47:24",0.77511,1,wuyou11
6638,15631409,JXW888,"2026-04-16 13:59:27",0.77511,1,jxw888
6639,15631593,OBEU0110,"2026-04-16 14:23:49",0.77511,1,obeu0110
6640,15631681,"Gillian Ayers","2026-04-16 15:21:00",0.77511,3,gillianayers
6641,15632055,panreel,"2026-04-16 16:05:56",0.77511,3,panreel
6642,15632373,"Ole Rößler","2026-04-16 16:09:49",0.77511,1,olerler1
6643,15632532,"Shawn Winhoven","2026-04-16 16:40:25",0.77511,1,shawnwinhoven
6644,15632679,DnlStcy,"2026-04-16 17:03:11",0.77511,1,dnlstcy
6645,15632928,yyydss,"2026-04-16 17:39:53",0.77511,1,yyydss
6646,15632992,"Raja Simha","2026-04-16 17:48:24",0.77511,1,rajasimhach
6647,15633146,"lin xiang sun1145","2026-04-16 18:16:54",0.77511,1,linxiangsun1145
6648,15633179,"Sam Pharmed","2026-04-16 18:23:26",0.77511,1,sampharmed
6649,15633148,"Suhani Chaudhary","2026-04-16 18:25:19",0.77511,2,paris0175
6650,15633211,"Chetan Agrawal #3","2026-04-16 18:29:23",0.77511,1,chetanagrawall
6651,15633433,BK-1077,"2026-04-16 19:17:06",0.77511,1,bk1077
6652,15633466,Calle256,"2026-04-16 19:22:27",0.77511,1,calle256
6653,15633817,giovannimarraa,"2026-04-16 20:40:34",0.77511,1,giovannimarraa
6654,15633918,"Nataraju. K.M","2026-04-16 21:14:40",0.77511,3,natarajukm
6655,15633966,loofSan,"2026-04-16 21:21:25",0.77511,1,loofsan
6656,15260224,"Mohammed Elmezoghi","2026-04-18 18:57:16",0.77511,10,mohammedelmezoghi
6657,15634214,"Herick Elias","2026-04-16 23:09:33",0.77511,1,herickelias
6658,15634430,shahpuneet,"2026-04-17 00:31:04",0.77511,1,shahpuneet
6659,15634490,UILUvd,"2026-04-17 00:53:24",0.77511,1,uiluvd
6660,15634877,"Mohamed Sharfan","2026-04-17 02:46:02",0.77511,1,mohamedsharfan
6661,15635626,uzzzzz,"2026-04-17 05:48:32",0.77511,1,uzzzzz0
6662,15635733,PiPi467,"2026-04-17 06:05:30",0.77511,1,pipi467
6663,15635736,winnie1204,"2026-04-17 06:06:18",0.77511,1,winnie1204
6664,15635752,thddbswl,"2026-04-17 06:09:51",0.77511,1,thddbswl
6665,15635779,B11323011,"2026-04-17 06:38:57",0.77511,2,b11323011
6666,15635691,OsGa24,"2026-04-17 06:46:54",0.77511,5,osga24
6667,15635882,yeshaoyi,"2026-04-17 06:33:24",0.77511,1,yeshaoyi
6668,15635886,"CY #2","2026-04-17 06:48:22",0.77511,4,ting410
6669,15635891,cookieI,"2026-04-17 06:34:35",0.77511,1,cookiei
6670,15635908,jiyusian,"2026-04-17 06:35:19",0.77511,1,jiyusian
6671,15635916,brskng,"2026-04-17 06:36:13",0.77511,1,brskng
6672,15635949,"Ricky Hung","2026-04-17 06:54:54",0.77511,2,rickyhung1227
6673,15635950,shinyo1357,"2026-04-17 06:47:38",0.77511,2,shinyo1357
6674,15635956,cody546,"2026-04-17 06:39:31",0.77511,1,cody546
6675,15635872,allenhnn,"2026-04-17 06:40:04",0.77511,2,allenhnn
6676,15636004,"Katrina #5","2026-04-17 06:54:08",0.77511,2,l6nl2nl1n
6677,15636017,zooe,"2026-04-17 06:51:44",0.77511,2,b11323007
6678,15636024,羅柏特123,"2026-04-17 06:47:05",0.77511,1,m810114514
6679,15636033,iamorimin,"2026-04-17 06:48:01",0.77511,1,iamorimin
6680,15636034,ERIC941123,"2026-04-17 06:48:05",0.77511,1,eric941123
6681,15636077,MiYuka.涵爾,"2026-04-17 06:53:23",0.77511,1,miyuka0413
6682,15636091,B11323020hsuruseeee,"2026-04-17 06:55:24",0.77511,1,b11323020hsuruseeee
6683,15636093,tsaibz,"2026-04-17 06:55:31",0.77511,1,tsaibz
6684,15636107,Chunting7422,"2026-04-17 06:57:26",0.77511,1,chunting7422
6685,15636193,petals666,"2026-04-17 07:12:27",0.77511,1,petals666
6686,15119644,"timepass withmeet","2026-04-17 09:20:51",0.77511,2,timepasswithmeet
6687,15636574,"Joseph Worlanyo Segbefia","2026-04-17 08:19:36",0.77511,1,jsegbefia
6688,15636610,"Mohitha garapati","2026-04-17 12:56:18",0.77511,3,mohithagarapati
6689,15636658,"dhivyaa manivannan","2026-04-17 08:33:09",0.77511,1,dhivyaamanivannan
6690,15636729,"Mohit Ksheeraj Rajana","2026-04-17 09:25:49",0.77511,4,rajanamohitksheeraj
6691,15637159,BearJJ58,"2026-04-17 09:53:05",0.77511,1,bearjj58
6692,15637451,"Sagawa Yuichiro","2026-04-17 10:52:24",0.77511,1,sagawayuichiro
6693,15378644,"Ju Pi Sar Wo","2026-04-22 09:59:58",0.77511,8,jupisarwo
6694,15637628,"Sena Açıcı","2026-04-17 11:29:28",0.77511,1,senaac
6695,15637683,kymchi,"2026-04-17 11:37:23",0.77511,1,kymchi
6696,15637759,nature7854,"2026-04-17 11:48:00",0.77511,1,nature7854
6697,15637764,echo2004,"2026-04-17 11:48:38",0.77511,1,echo2004
6698,14266182,"Jimly S","2026-04-17 14:25:47",0.77511,2,jimlys
6699,15636585," B.CHAKRADHAR_007","2026-04-17 16:27:54",0.77511,9,bchakradhar007
6700,15638830,"Shubhangi Biswas ","2026-04-19 05:46:32",0.77511,2,shubhangibiswas
6701,15638889,"Bùi Khánh Duy","2026-04-17 14:38:36",0.77511,1,bikhnhduy
6702,15636551,"Amaresh Vaddadi","2026-04-17 16:25:47",0.77511,8,amareshvaddadi
6703,15592018,mo400p,"2026-04-17 15:28:08",0.77511,2,mo400p
6704,15639293,Ayomide2000,"2026-04-17 17:09:39",0.77511,3,ayomide2000
6705,15639437,maxmizurev,"2026-04-17 15:51:29",0.77511,1,maxmizurev
6706,15639582,"Sanjana Bhat","2026-04-17 16:19:17",0.77511,4,sb2103
6707,15640051,"Poorna Rajapaksha","2026-04-17 17:22:46",0.77511,1,poornarajapaksha
6708,15640345,"Sara Poderoso Serrano","2026-04-17 18:00:23",0.77511,1,sarapoderososerrano
6709,15640517,"Kushlesh Mishra","2026-04-17 18:27:04",0.77511,1,kushleshmishra
6710,15640595,"Kai Petersen","2026-04-17 18:41:14",0.77511,1,kaipetersen14
6711,15640617,"Fatma 123456789","2026-04-17 20:14:13",0.77511,3,fatma123456789
6712,15640880,"[Deleted] 38a01b16-f2b3-4de1-badb-8c1446f8e22e","2026-04-17 19:35:12",0.77511,2,del=59724e65a32086f7
6713,15640962,"Ivan Smirnov :)","2026-04-17 22:07:31",0.77511,4,smirivv
6714,15641005,"Arzu Najafzade","2026-04-17 20:07:20",0.77511,1,arzunajafzade
6715,15641203,"Rodrigo Molero","2026-04-17 21:00:12",0.77511,1,rodrimolero
6716,15641290,BionicWoman,"2026-04-17 21:29:24",0.77511,1,bionicwoman
6717,15641450,"Aryan Pattu","2026-04-17 22:33:32",0.77511,6,aryanpattu093456
6718,15641619,"Dave Mugg","2026-04-17 23:20:12",0.77511,1,davemugg
6719,15641901,"Diyora Kudratillayeva","2026-04-18 01:01:39",0.77511,1,diyorakudratillayeva
6720,15641991,chenxinyi,"2026-04-18 01:31:53",0.77511,1,chenxinyi12
6721,15642024,"Caroline Mahony","2026-04-18 01:42:38",0.77511,1,carolinemahony
6722,15642073,崔叶欣hhhsomebody,"2026-04-18 03:23:59",0.77511,5,hhhsomebody
6723,15642897,"Joffrey Jeremia","2026-04-18 04:39:31",0.77511,1,joffreyjs
6724,15642949,ayundaanr,"2026-04-22 02:05:55",0.77511,3,ayundaanr
6725,15643113,"Ashwin #17","2026-04-18 05:26:14",0.77511,1,winash4567
6726,15643227,"Alberto Granzo","2026-04-18 05:52:01",0.77511,1,albertogranzo
6727,15643291,AshMis,"2026-04-18 06:09:51",0.77511,2,kk0924
6728,15643322,"Sadhiya Noushad","2026-04-18 06:09:35",0.77511,1,sadhiyanoushad
6729,15643412,邹佳倩77,"2026-04-18 06:26:14",0.77511,1,zoujiaqian77
6730,15643452,"Ilhami Rizqy","2026-04-18 06:35:22",0.77511,1,ilhamirizqy
6731,15643638,"Greenly Demonte","2026-04-18 07:05:56",0.77511,1,greenlydemonte
6732,15643779,"Chieko Schamburek","2026-04-18 07:43:04",0.77511,2,chiekoschamburek
6733,15644188,"Bob Blaak","2026-04-18 08:40:32",0.77511,1,bobblaak
6734,15644363,"Simran Aggarwal","2026-04-18 09:08:55",0.77511,1,aggarwalsimran103
6735,15644379,Vikramsingh_031,"2026-04-18 09:12:11",0.77511,1,vikramsingh031
6736,15644617,"Mayank Saini@7","2026-04-18 09:59:02",0.77511,1,mayanksaini7
6737,15644675,"Pooja Nayak25","2026-04-18 10:04:54",0.77511,1,poojanayak25
6738,15644755,"Damilola Micheal","2026-04-19 10:09:08",0.77511,5,damilolamicheal
6739,15644875,"Md Naim Khondaker ","2026-04-18 10:37:56",0.77511,2,mdnaimkhondaker
6740,15645025,"Yusuf Aydemir","2026-04-18 11:10:07",0.77511,1,yusuf73
6741,15645066,"Vinci Lee","2026-04-18 11:18:09",0.77511,1,vincilee2024
6742,11817977,"Emil Dzhabrailov","2026-04-18 11:35:53",0.77511,1,emildzhabrailov
6743,15645183,Venkatesh3411,"2026-04-18 11:36:46",0.77511,1,venkatesh3411
6744,15645242,"Nirmani Warnakula","2026-04-18 11:52:39",0.77511,1,nirmaniwarnakula
6745,15645368,"Garvit Sahu","2026-04-18 12:17:23",0.77511,1,garvitsahu0507
6746,15645449,FAITH,"2026-04-18 12:33:03",0.77511,1,mbogu23
6747,15645500,jnuuys,"2026-04-18 12:43:46",0.77511,1,jnuuys
6748,15645654,"Isabel Ferrà","2026-04-18 13:10:03",0.77511,1,isabelferr
6749,15645734,RoLtee,"2026-04-18 13:24:14",0.77511,1,roltee
6750,15645909,Xiluii,"2026-04-18 13:54:46",0.77511,1,xiluii
6751,15646104,"Yaku Prabhas","2026-04-18 14:25:16",0.77511,1,yakubnaik
6752,15646388,YAGIYAMA,"2026-04-18 15:09:39",0.77511,1,yagiyama
6753,15646416,"Aldo Alcocer Gutiérrez","2026-04-18 15:14:00",0.77511,1,aldoalcocergutirrez
6754,15646865,"Neon Hasbro","2026-04-18 16:18:30",0.77511,1,neonhasbro
6755,15646899,yzhouqaq,"2026-04-18 16:24:45",0.77511,1,yzhouqaq
6756,15646922,xiaotiangg,"2026-04-18 16:27:48",0.77511,1,xiaotiangg
6757,15647549,"Prasith Prabakaran","2026-04-18 18:28:49",0.77511,1,prasithprabakaran
6758,15648004,"Jonas #16","2026-04-18 20:26:26",0.77511,1,jonasena
6759,15648063,"Malak Hany","2026-04-18 20:42:48",0.77511,1,malakhany2024
6760,15648267,"Faisal #3","2026-04-18 21:57:08",0.77511,2,faisala01
6761,15641398,"Yuliya Roy","2026-04-18 22:01:12",0.77511,2,yuliyaroy
6762,15648317,"William Mitchell #2","2026-04-18 23:43:12",0.77511,3,williambmitchell
6763,15648579,"Alaa Saood","2026-04-18 23:46:12",0.77511,1,alaasaood
6764,15648932,"Monique Wong","2026-04-19 02:14:36",0.77511,1,lymoniquew
6765,15649588,"wulu Cang","2026-04-19 05:19:11",0.77511,1,wulucang
6766,15649670,Onixcite,"2026-04-19 05:37:40",0.77511,1,onixcite
6767,15649674,"Nekhil Bhaskar","2026-04-19 05:39:10",0.77511,1,nekhilbhaskar
6768,15649713,"Shirsendu Basu","2026-04-19 05:47:54",0.77511,1,sbasu80
6769,15649799,Stellan/mir,"2026-04-19 06:17:28",0.77511,2,stellanmir
6770,15649947,"Manish N","2026-04-20 00:31:07",0.77511,2,manishn79
6771,15607565,paidaxin2994,"2026-04-19 06:57:10",0.77511,3,paidaxin2994
6772,15650017,ashunn,"2026-04-19 06:58:34",0.77511,1,ashunn
6773,15650016,"Chantelle-marie Cox","2026-04-20 17:30:27",0.77511,11,chantellemariecox
6774,15121655,"Beiming  Charles","2026-04-19 07:13:35",0.77511,1,beimingcharles
6775,15513666,Sierra09,"2026-04-19 08:16:37",0.77511,3,sierra09
6776,15650462,"Ayush Kumar Dash","2026-04-19 08:32:18",0.77511,2,akdash9136
6777,15650561,"Freda Hubert","2026-04-19 08:46:51",0.77511,1,fredahubert
6778,15650581,"Cristina Nita Rianti","2026-04-19 08:50:12",0.77511,1,cristinanitarianti
6779,15650651,Ame17www,"2026-04-19 09:23:09",0.77511,4,ame17www
6780,15650766,mohitsrivastava137,"2026-04-19 09:31:43",0.77511,2,mohitsrivastava137
6781,15596737,"Feroz Shah","2026-04-19 09:45:04",0.77511,2,dracarysml
6782,15650852,"Space weather Haya","2026-04-19 09:50:12",0.77511,1,spaceweatherhaya
6783,15650881,"व्योम शर्मा","2026-04-19 09:56:42",0.77511,1,vyomsharma05
6784,15651136,"Gabriel Matthew Labariento","2026-04-19 10:48:43",0.77511,1,gabelabariento
6785,15651138,YashRastogi652,"2026-04-19 10:48:51",0.77511,1,yashrastogi652
6786,15651229,"Guan Tik Sha","2026-04-19 11:07:48",0.77511,1,guantiksha
6787,15651636,"Naura Jinan","2026-04-19 12:25:23",0.77511,1,naurajinan
6788,15651638,"Kopyev Danila","2026-04-19 12:25:33",0.77511,1,kopyevdanila
6789,15651734,aryan_pal,"2026-04-19 12:43:56",0.77511,1,palllll1234
6790,15651912,"Mukhammad Salavatov","2026-04-19 13:17:10",0.77511,1,mukhammadsalavatov
6791,15651945,"Humaira Radhwa","2026-04-19 13:56:22",0.77511,2,humairaradhwa
6792,15652060,"Tanya Shinkevich","2026-04-19 13:46:29",0.77511,1,tatianashik
6793,15652137,"Lara Silva Rego","2026-04-29 09:49:43",0.77511,4,larasilvarego
6794,3940439,chanKonabe,"2026-04-19 16:29:35",0.77511,2,chankonabe
6795,10976501,"Paweł Brzóska","2026-04-22 20:18:45",0.77511,7,pawebrzska
6796,15526300,"Alana Jellison","2026-04-21 23:37:18",0.77511,9,alanajellison
6797,14378625,"Kartik Raman","2026-04-19 18:07:10",0.77511,1,kartikraman
6798,15653657,"Maryna Hryshunina","2026-04-19 19:23:51",0.77511,3,marynahryshunina
6799,15653667,"Lavanya S M","2026-04-23 04:25:26",0.77511,2,lavanyasm2023
6800,15653862,"Milan sijo","2026-04-19 20:02:58",0.77511,1,milansijo
6801,15653878,"Florent Salvetti","2026-04-19 20:09:52",0.77511,1,florentsalvetti
6802,15653936,"Ryan Cander","2026-04-19 20:29:31",0.77511,1,ryancander
6803,15654112,"Juan D. Alfonso","2026-04-19 21:16:45",0.77511,1,halcolo
6804,15654174,"Alexis Bruneau","2026-04-19 21:42:32",0.77511,1,alexisbruneau
6805,15526330,"Caden Anderson BSU","2026-04-19 22:23:19",0.77511,6,cadenandersonbsu
6806,15654388,"Thiago Ferreira da Silva","2026-04-19 23:19:54",0.77511,1,thiiaaagggggoooooooo
6807,15654943,"Steve Ibarra","2026-04-20 01:42:49",0.77511,1,steveibarra
6808,15655036,"Raffaele BubbleTea","2026-04-20 02:01:34",0.77511,1,raffaelebubbletea
6809,15655238,lzylzy,"2026-04-20 02:51:59",0.77511,3,lzylzyusk
6810,15655605,wmhisbest,"2026-04-20 03:51:06",0.77511,2,wmhisbest
6811,15655896,LouisZT,"2026-04-21 14:51:32",0.77511,3,louiszt
6812,15656636,"Karl Sarmiento","2026-04-20 06:37:57",0.77511,1,karlsarmiento
6813,15656866,stacet,"2026-04-20 07:04:22",0.77511,1,stacet
6814,15656742,"xiaotian qu","2026-04-20 07:46:08",0.77511,2,xiaotianqu
6815,15616161,"Rupal D","2026-04-21 13:46:48",0.77511,6,rupalad
6816,15657118,"GraceLee #2","2026-04-20 08:08:59",0.77511,2,sdlfkjasdlfk
6817,15658181,"Mafalda Botelho","2026-04-29 10:44:56",0.77511,3,mafaldabotelho
6818,15658187,Miyada,"2026-04-20 10:02:39",0.77511,1,miyada
6819,15608314,"Shuichiroh Oda","2026-04-20 12:45:28",0.77511,5,shuichirohoda
6820,15658468,"Anas Kaddouri","2026-04-24 07:43:20",0.77511,13,anaskddr
6821,15658955,KaiiZZ,"2026-04-21 03:07:23",0.77511,2,kaiizhao
6822,15659098,"Asila Muxitdinova","2026-04-20 12:31:16",0.77511,1,asilamuxitdinova
6823,15659433,marieiro,"2026-04-20 13:27:05",0.77511,1,marieiro
6824,15659502,Hyber,"2026-04-20 13:36:12",0.77511,1,hyberyes
6825,15659650,"fudan shu","2026-04-20 13:59:38",0.77511,1,fudanshu
6826,15659782,"Omnira Kaggle","2026-04-20 14:20:37",0.77511,1,omnirakaggle
6827,15659807,zzy23r0200,"2026-04-20 14:22:57",0.77511,1,zzy23r0200
6828,15660042,ZeroBias,"2026-04-20 14:54:56",0.77511,1,zerobias
6829,15660139,"Livitha Ravisangar","2026-04-20 15:11:10",0.77511,1,livitharavisangar
6830,15660405,"Muhammad Shabbir","2026-04-20 15:56:51",0.77511,1,k240502muhammad
6831,15660624,XanderCore,"2026-04-20 16:36:38",0.77511,1,xandercore
6832,15660938,"Ayomide Moses","2026-04-20 17:32:40",0.77511,1,ayomidemoses
6833,15661126,cleveralias5,"2026-04-20 18:05:13",0.77511,1,cleveralias5
6834,15661214,"Anas Mohammed -botswana14","2026-04-20 18:21:50",0.77511,1,anasrex
6835,15661334,"Nikhil Arora #2","2026-04-20 18:43:59",0.77511,1,nikhilarora1002
6836,15661426,"Salamah Alkhyeli","2026-04-20 19:00:40",0.77511,1,salamahalkhyeli
6837,15661618,Ichiza,"2026-04-20 19:30:28",0.77511,1,ichiza
6838,15662018,"Radhia Omari","2026-04-20 20:32:39",0.77511,1,radhiaomari
6839,15662613,"Gus (scka-de)","2026-04-20 22:20:42",0.77511,1,scka00
6840,15662763,"Yanis Blot El mazouzi","2026-04-20 22:57:51",0.77511,1,yanisblotelmazouzi
6841,15663204,"Sakib billah","2026-04-21 00:52:17",0.77511,1,sakibbillah
6842,15526328,"Kate Jaques","2026-04-21 02:06:11",0.77511,6,katejaques
6843,15663311,"Camden Alpert","2026-04-21 01:14:25",0.77511,1,camdenalpert
6844,15663343,"zhang yao","2026-04-21 01:21:23",0.77511,1,wow471
6845,13935517,"Egor Volokitin","2026-04-21 01:54:50",0.77511,1,egorvolokitin
6846,15663812,"Sukrit Aree","2026-04-22 00:53:55",0.77511,2,sukritaree
6847,15663958,Hsiu,"2026-04-21 03:16:59",0.77511,1,kaotzuhsiu
6848,15663977,"来 栖光","2026-04-21 03:20:17",0.77511,1,z870453544
6849,13680970,pabl0wski,"2026-04-21 04:04:12",0.77511,1,pabl0wski
6850,6375712,jhanalytics,"2026-04-24 23:25:10",0.77511,14,jhanalytics
6851,15526319,"Hollie Abele","2026-04-21 20:20:05",0.77511,10,hollieabele
6852,15664398,吉久真白,"2026-05-01 06:41:00",0.77511,2,mashiro0605
6853,15664403,matingy,"2026-04-21 04:40:53",0.77511,1,matingy
6854,15107165,fjggsj,"2026-04-21 04:52:29",0.77511,1,fjggsj
6855,15664807,"K Kkzoeylin","2026-04-21 05:42:15",0.77511,1,kkkzoeylin
6856,15665100,aburimaguro,"2026-04-21 06:26:04",0.77511,1,aburimaguro
6857,15657201,zeta7532,"2026-04-21 07:24:42",0.77511,6,zeta7532
6858,15665279,WhiteHornedUnicorn,"2026-04-21 06:55:46",0.77511,1,whitehornedunicorn
6859,15665868,Ruchitha123,"2026-04-21 08:08:27",0.77511,2,ruchi56
6860,15666959,"Pratik Maurya","2026-04-21 09:24:24",0.77511,5,mauryapratik
6861,15667128,"Stijn #2","2026-04-21 09:56:00",0.77511,2,stijn1234
6862,15667286,JiaLyu,"2026-04-21 09:45:27",0.77511,1,jialyu111
6863,15668891,ruanfy,"2026-04-21 10:16:17",0.77511,1,ruanfy
6864,15669467,"Shweta  kalgi","2026-04-21 10:35:57",0.77511,1,shwetakalgi
6865,15670366,gridi1143,"2026-04-21 11:14:41",0.77511,1,gridi1143
6866,15670389,"Jelle Van den Berghe","2026-04-21 11:19:18",0.77511,1,jellevandenberghe
6867,15670421,xuwenj,"2026-04-21 11:24:53",0.77511,1,xuwenj
6868,15670672,ljkyyds,"2026-04-21 13:14:45",0.77511,4,ljkyyds
6869,15670680,ghjfff,"2026-04-21 12:06:48",0.77511,1,ghjfff
6870,15670790,greenofyu,"2026-04-21 12:24:35",0.77511,2,greenofyu
6871,15670925,shenlidegou,"2026-04-21 12:42:51",0.77511,1,shenlidegou
6872,15670944,Heegen,"2026-04-21 12:46:49",0.77511,1,heegenqaq
6873,15671026,"Ngọc Tân Hoàng","2026-04-21 13:27:08",0.77511,3,ngctnhong
6874,15671189,"VAISHANT MAKAN","2026-04-21 13:21:28",0.77511,1,vaishantmakan
6875,15671253,"Rakshit Jain RCC","2026-04-21 13:30:37",0.77511,1,rakshitjainrcc
6876,15671260,JacopoRusso,"2026-04-21 13:38:28",0.77511,2,jacoporusso05
6877,15671338,"Solo Man","2026-04-21 13:42:00",0.77511,1,solomanprime
6878,15671643,"ty ztyz87968492","2026-04-22 09:44:19",0.77511,2,tyztyz87968492
6879,15671772,GooseAo,"2026-04-21 14:42:21",0.77511,1,gooseao
6880,15672032,"Anastasia Rodina","2026-04-21 14:56:34",0.77511,1,anastasiarodina27
6881,15672251,"eason chao","2026-04-21 15:22:10",0.77511,2,easonchao
6882,15672258,"Amit Bhirud","2026-04-21 15:16:07",0.77511,1,amitbhirud
6883,15672339,Ilya3117,"2026-04-21 15:23:30",0.77511,1,ilya3117
6884,15672551,"Abdulkadir Cildir","2026-04-21 15:41:18",0.77511,1,abdulkadircildir
6885,15672578,"Mas'ud Abdullah","2026-04-21 15:43:34",0.77511,1,mayesn
6886,15672712,"Noah Alps","2026-04-21 15:59:52",0.77511,1,noahalps
6887,15672784,Sean.Chen,"2026-04-21 16:09:20",0.77511,1,sean1818
6888,15672920,"OuO [史白克AWA]","2026-04-21 16:28:13",0.77511,1,ouoawa
6889,13964576,"Sourav Debnath #2","2026-04-21 17:49:41",0.77511,10,super73
6890,15673147,Spectaree,"2026-04-21 17:34:04",0.77511,7,devinsatya
6891,15673323,"Ulisses Roberto de Sousa","2026-04-21 17:30:26",0.77511,1,ulissessosa
6892,15673436,Hubi,"2026-04-21 18:07:36",0.77511,2,hubertjonkisz
6893,15675038,"Matt Feldmann","2026-04-21 18:40:26",0.77511,1,mjfeld
6894,15675545,"Diego Sánchez #2","2026-04-21 18:59:55",0.77511,1,diegos4nchez
6895,15675967,KHNTJDA,"2026-04-21 19:19:39",0.77511,1,khntjda
6896,15676874,"Easton Langworthy","2026-04-21 19:56:46",0.77511,1,eastonlangworthy
6897,15678070,up202206735,"2026-04-21 20:46:35",0.77511,1,up202206735
6898,15678102,"Paulo Izidoro","2026-04-21 20:47:44",0.77511,1,cacotaku
6899,15678342,JJenjoyit,"2026-04-21 20:56:35",0.77511,1,jjenjoyit
6900,15097555,"Şeyma Nur Serdar","2026-04-21 21:35:39",0.77511,3,eymanurserdar
6901,15680132,"Aneesh Potnis","2026-04-23 23:57:58",0.77511,2,aneeshpotnis
6902,15680196,"Prakhar Srivastava #8","2026-04-21 22:16:45",0.77511,1,eklavyus
6903,15683164,BrunoGalindo,"2026-04-22 00:45:31",0.77511,1,brunogalindo
6904,15683906,Jinjin680,"2026-04-24 09:29:11",0.77511,4,jinjin680
6905,15684993,ZMjjkknb666,"2026-04-22 02:06:35",0.77511,1,zmjjkknb666
6906,15685830,spriple,"2026-04-22 02:40:02",0.77511,1,spriple
6907,15686217,Dzhessika,"2026-04-23 00:31:18",0.77511,4,dzhessika
6908,15686073,"JIGYEON KIM","2026-04-22 03:27:58",0.77511,4,jigyeonkim
6909,15686896,"Simon Xiang Zheng","2026-04-22 03:17:42",0.77511,1,simon1314life
6910,15686887,"Tae Woo Kim..k","2026-04-22 03:30:44",0.77511,3,taewookimk
6911,15687078,"ichino akimoto","2026-04-22 03:24:23",0.77511,1,ichinoakimoto
6912,15686270,YEONSE_O7080,"2026-04-22 03:28:18",0.77511,8,yeonseo7080
6913,15687303,"Ray Padilla","2026-04-22 03:37:06",0.77511,2,rayyzo
6914,15688203,DamienGabrielez,"2026-04-22 04:06:42",0.77511,1,damiengabrielez
6915,15685647,Liyue331,"2026-04-22 04:08:55",0.77511,3,liyue331
6916,15689707,"Prachi #7","2026-04-22 05:08:27",0.77511,2,prachip5202
6917,15690237,"Rafael Reyes","2026-04-22 05:25:35",0.77511,1,raffeee
6918,15690410,Harshavardhana07,"2026-04-22 05:32:26",0.77511,1,harshavardhana07
6919,15334417,loatsoat,"2026-04-22 05:36:25",0.77511,1,loatsoat
6920,1268443,LuhaoWang,"2026-04-22 05:50:56",0.77511,1,luhaowang
6921,15691369,crchencc,"2026-04-22 06:14:35",0.77511,1,crchencc
6922,15691422,lilililililion,"2026-04-22 06:17:04",0.77511,1,lilililililion
6923,15654948,"jechul kim","2026-04-22 06:48:25",0.77511,6,jechulkim
6924,15692122,"Mick Yama","2026-05-07 11:20:19",0.77511,4,mickyama
6925,15692615,Eliott89,"2026-04-22 07:12:22",0.77511,1,eliott89
6926,15693902,"Ding Xiheng","2026-04-22 08:48:29",0.77511,10,dingxiheng
6927,15694385,hnaung13,"2026-04-22 09:02:05",0.77511,1,hnaung13
6928,15670059,"Hoàng Trọng Hiếu","2026-04-22 10:38:59",0.77511,8,hongtrnghiu
6929,15697207,PridazTheGuy,"2026-04-22 12:09:01",0.77511,1,pridaztheguy
6930,15697471,"Jekwu Ona","2026-04-22 12:28:43",0.77511,1,jekwuona
6931,15697803,"Marco Vergamini","2026-04-22 12:52:11",0.77511,1,marcovergamini
6932,15698166,Seeeky,"2026-04-22 13:16:28",0.77511,1,seeeky
6933,15698650,"Merna Ali","2026-04-22 13:44:38",0.77511,1,mernaali123
6934,15699087,"Mohamad El Saleh","2026-04-22 14:14:50",0.77511,1,mohamadelsaleh
6935,15699337,"FURINA LIU","2026-04-22 14:31:36",0.77511,1,furinaliu
6936,15700894,stackedshadow,"2026-04-22 16:32:23",0.77511,1,stackedshadow
6937,15701671,"Lilian DELAMARE","2026-04-22 17:37:30",0.77511,1,liliandelamare
6938,15701707,Vcity_01,"2026-04-22 17:40:14",0.77511,1,vcity01
6939,15702116,"tooran tavangar","2026-04-22 18:18:59",0.77511,1,toorantavangar
6940,15702277,"Narasimha A","2026-04-22 18:36:46",0.77511,1,narasimha137
6941,15702405,"Yaroslav Matyakubov","2026-04-23 09:14:45",0.77511,3,yaroslavmatyakubov
6942,15702470,"Nitin Singh #6","2026-04-22 18:58:59",0.77511,1,nitinsingh0307
6943,15702576,jsjohal,"2026-04-22 19:11:45",0.77511,1,jsjohal
6944,15702582,Anniedr0id,"2026-04-22 19:11:59",0.77511,1,anniedr0id
6945,15702709,nehirozyrt,"2026-04-22 19:29:36",0.77511,1,nehirozyrt
6946,15702859,"Rener Li","2026-04-22 19:50:26",0.77511,2,gsshacker
6947,15703122,"JIA SUN ERICSSON","2026-04-22 20:31:07",0.77511,1,jiasunericsson
6948,15703378,"Pedro Henrique Freire","2026-04-29 23:17:21",0.77511,7,pedrohenriquefreire
6949,15704313,ctdwfj,"2026-04-23 00:54:41",0.77511,1,ctdwfj
6950,15704578,"Daniel Zawistowski","2026-04-23 01:38:41",0.77511,1,danielzawistowski
6951,15704639,"Ryan McCurry","2026-04-23 01:49:34",0.77511,1,runrmc24
6952,15704684,"Nicholas Kipkoskei","2026-04-23 01:56:19",0.77511,1,nicholaskipkoskei
6953,15704942,"MUHAMMAD IKHWAN BIN SHARUL NIZAM","2026-04-23 02:40:03",0.77511,1,ikh104
6954,15705318,"host rumahviewY2102","2026-04-23 03:33:56",0.77511,1,hostrumahviewy2102
6955,15705482,"Salona Paliwal","2026-04-23 04:00:13",0.77511,1,salonapaliwal
6956,15664445,meghanapb31@gmail.com,"2026-04-23 04:10:56",0.77511,2,meghanapb31gmailcom
6957,15706524,Manmith_07,"2026-04-23 06:12:13",0.77511,1,manmith07
6958,15706607,soeun0127,"2026-04-23 10:28:06",0.77511,3,soeun0127
6959,15707048,nabel,"2026-04-23 06:46:56",0.77511,1,nabel4
6960,15707722,yujiusuki,"2026-04-23 07:27:33",0.77511,2,yujiusuki
6961,5996892,TERUKUN,"2026-04-23 07:53:50",0.77511,1,terukun
6962,15708309,exsurgum,"2026-04-23 08:21:07",0.77511,1,exsurgum
6963,15708575,"Dulminda Harischandra","2026-04-23 08:50:32",0.77511,1,dulmindaharischandra
6964,15708717,Peng_Zh(Griffin),"2026-04-23 09:08:11",0.77511,1,pengzhgriffin
6965,15708896,"Sagnik Bose","2026-04-23 09:31:45",0.77511,1,bosesagnik
6966,15709064,"Vashu Sakthivel","2026-04-23 09:40:35",0.77511,1,vashusakthivel
6967,15708438,"Diya Setty","2026-04-23 10:26:44",0.77511,2,diyasetty
6968,15714491,"Mohammed Ahmed #2","2026-04-23 16:22:52",0.77511,2,mohammedahmed149
6969,15658505,"Dustin Schönau","2026-04-23 11:43:08",0.77511,10,dustinschnau
6970,15718702,rockyang,"2026-04-23 11:44:01",0.77511,1,newrock314
6971,15718739,BlindfischNexus,"2026-04-23 11:51:15",0.77511,2,blindfischnexus
6972,15719371,"Taufiq Sadri","2026-04-23 13:01:17",0.77511,1,taufiqsadri
6973,15719567,"Kensuke Utsumi","2026-04-23 13:21:15",0.77511,1,kensukeutsumi
6974,15719834,"Kensei Furuya","2026-04-23 13:58:42",0.77511,2,kenseifuruya
6975,15720006,"xu x","2026-04-23 14:15:30",0.77511,1,xux266
6976,15720011,"Cauã Neto","2026-04-23 14:16:03",0.77511,1,cauneto
6977,15720139,bklvrr,"2026-04-23 14:29:29",0.77511,1,bklvrr
6978,15720140,SuddenRain,"2026-04-23 14:55:54",0.77511,6,suddenrain
6979,15720167,Fujing,"2026-04-23 14:56:00",0.77511,2,dfujing
6980,15720472,"Raffaele Pellicani","2026-04-23 15:20:53",0.77511,2,raffaelepellicani
6981,15720646,"Itemabo Ejovwo","2026-04-23 15:25:17",0.77511,1,itemaboejovwo
6982,15720943,bashyy,"2026-04-23 16:02:05",0.77511,1,bashyy
6983,15722158,abhiram0436,"2026-04-23 18:51:30",0.77511,2,abhiram0436
6984,15722172,"vadym kuzmenko","2026-04-23 18:47:10",0.77511,1,vku221b
6985,15722526,"raheen z","2026-04-23 19:44:22",0.77511,1,raheenz
6986,15722528,"Yan Zhang #5","2026-04-23 19:44:32",0.77511,1,yzhang928
6987,15722625,"Youssef Maged1","2026-04-23 20:01:25",0.77511,1,youssefmaged1
6988,15722994,lenipav,"2026-04-23 21:22:21",0.77511,1,lenipav
6989,15723118,"Bintang Ksatrya","2026-04-23 21:58:01",0.77511,1,bintangksatrya
6990,15723282,"Yryskeldi Azamatov","2026-04-23 22:55:23",0.77511,1,yryskeldiazamatov
6991,15723386,"Dipa Pati","2026-04-23 23:25:23",0.77511,1,dipapati
6992,15723510,"Ben Livak","2026-04-24 01:02:34",0.77511,2,benlivak
6993,15723528,Latte0805,"2026-04-24 00:25:35",0.77511,1,latte0805
6994,15705341,"g,fukuyama","2026-04-24 02:52:22",0.77511,3,gfukuyama
6995,15724294,"Mutassim Al Shahriar Zeem","2026-04-24 03:42:54",0.77511,2,mutassimalzeem
6996,15724745,"Nithya T","2026-04-24 04:21:28",0.77511,1,nithyathanga
6997,15724767,"Nagamasa U","2026-04-24 04:42:48",0.77511,3,nagamasau
6998,15725312,特務艦宗谷,"2026-04-24 05:37:12",0.77511,1,tokumukansoya
6999,15725423,LUYI.GUO,"2026-04-24 05:47:14",0.77511,1,luyiiiii
7000,15725450,"siddharth madini","2026-04-24 05:48:09",0.77511,1,siddharthmadini
7001,15727375,"Candra Agung Alief Prasetyo","2026-04-24 08:46:06",0.77511,2,candraagungap
7002,15728850,トマト茶,"2026-04-24 07:06:31",0.77511,1,tyasotomato
7003,15083614,"Ali Sharjeel","2026-04-24 10:44:09",0.77511,18,alisharjeel
7004,15730019,"Petr Voropaev","2026-04-24 09:57:12",0.77511,1,petrvoropaev
7005,15730125,"Nikita Nodal","2026-04-24 10:16:23",0.77511,1,nikita1512
7006,15730492,"Martin Döbler","2026-04-24 11:06:13",0.77511,1,martindbler
7007,15730520,"Thalia #3","2026-04-24 11:10:47",0.77511,1,yuant0
7008,15730697,"Shatabda Basu","2026-04-24 11:39:30",0.77511,1,shatabdabasu
7009,15730764,mrly14,"2026-04-24 11:48:09",0.77511,1,mrly14
7010,15730803,Ninettedb,"2026-04-24 12:45:29",0.77511,2,ninettedb
7011,15719760,"Andrey Dymov","2026-04-24 11:55:17",0.77511,2,dymovandr80
7012,15731227,danglayloi1,"2026-04-24 13:47:48",0.77511,3,danglayloi1
7013,15731344,miyaki,"2026-04-24 13:13:01",0.77511,2,miiyakii
7014,15731456,"Davi Bachmann","2026-04-24 13:25:24",0.77511,1,davibachmann
7015,15731460,"Karthik R #5","2026-04-24 13:25:48",0.77511,1,karthikrrevankar
7016,15731876,daofangrenjian,"2026-04-24 14:19:25",0.77511,1,daofangrenjian
7017,15731898,"Pavel Fomichev","2026-04-24 14:22:32",0.77511,1,pavelfomichev
7018,15733088,"Akshaya Vijay","2026-04-24 17:11:14",0.77511,1,akshayavijay24
7019,15733206,"Ayush Kumar #25","2026-04-24 17:30:24",0.77511,1,ayushkumar0124
7020,15733841,Sulik420,"2026-04-24 19:19:53",0.77511,1,sulik420
7021,15733916,"Frank V","2026-04-24 19:35:50",0.77511,1,frankv01
7022,15734055,"Amandeep Singh Virk","2026-04-24 20:12:52",0.77511,1,adsv1313
7023,15734288,"Grzegorz Regliński","2026-04-24 21:22:26",0.77511,1,greglinski
7024,15734338,"Chris #60","2026-04-24 21:35:26",0.77511,1,humbowsfive
7025,15734375,"Akila Munasinghe","2026-04-24 21:47:46",0.77511,1,akilamunasinghe
7026,15734693,"Cameron Prestwich","2026-04-25 00:02:50",0.77511,1,cameronprestwich
7027,15734750,"Ananta Debnath","2026-04-25 00:29:28",0.77511,2,anantadebnath7
7028,14683829,"Andrew Donnelly","2026-04-25 01:00:43",0.77511,1,firstlaw
7029,15734909,RQUASER,"2026-04-25 01:40:18",0.77511,1,rquaser
7030,15735357,zef1r_30,"2026-04-25 03:45:55",0.77511,1,zef1r30
7031,15735685,"Shubh Agarwal","2026-04-25 05:16:20",0.77511,1,shubhagarwal03
7032,15735750,"zz zzzcccc","2026-04-25 06:22:49",0.77511,6,zzzzzcccc
7033,15558072,"Eric Luo 2","2026-04-25 06:42:56",0.77511,2,ericluo2
7034,15736762,karen515,"2026-04-26 14:52:09",0.77511,3,karen515
7035,15736763,LuoMa5050,"2026-04-25 08:45:28",0.77511,1,luoma5050
7036,15736771,"Louis win zheng","2026-04-25 08:47:30",0.77511,1,louiswinzheng
7037,15736783,zengfanzhi,"2026-04-25 08:50:07",0.77511,1,zengfanzhi
7038,15736838,yun890216,"2026-04-25 09:00:28",0.77511,1,yun890216
7039,15736843,"liangzubin ","2026-04-25 09:01:03",0.77511,1,liangzubin
7040,15736847,"Runa Layla","2026-04-25 09:01:53",0.77511,1,runalayla
7041,15737226,"Nello Rossi","2026-04-25 10:22:21",0.77511,1,nellorossi
7042,15737563,king_Steph1209,"2026-04-25 11:40:15",0.77511,3,changking1209
7043,15080298,"Kira Gottschalk","2026-05-04 19:39:12",0.77511,4,kiragottschalk
7044,15737794,"MOHAMED MASTOURi","2026-04-25 12:21:02",0.77511,5,crankbear
7045,15738001,"Mazen Kandil","2026-04-25 12:43:15",0.77511,1,mazenkandil748
7046,15738057,Pranoti_Durugkar,"2026-04-25 12:51:40",0.77511,1,pranotidurugkar
7047,15737958,"Gamachis Alemayehu","2026-04-25 13:09:41",0.77511,3,gamachisalemayehu
7048,15738236,"Monique Perkins","2026-04-25 13:29:14",0.77511,1,moniqueperkins
7049,15738264,"Simrat Kaur Khalsa","2026-04-25 13:35:04",0.77511,1,simratkaurkhalsa
7050,15738490,zhigen.chen,"2026-04-29 02:43:52",0.77511,2,zhigenchen
7051,15738628,Amamiyakokorow,"2026-04-25 14:37:17",0.77511,1,amamiyakokorow
7052,15738906,bianqing2026,"2026-04-25 15:33:05",0.77511,2,bianqing2026
7053,15738934,"Emerson Tian","2026-04-25 15:31:14",0.77511,1,emersonn
7054,15739000,"Cux Prada","2026-04-25 15:47:05",0.77511,2,hoodrichpirobo
7055,15739189,chouqette,"2026-04-25 16:22:45",0.77511,1,chouqette
7056,15739255,"Musaddik Safi Tasaf","2026-04-25 16:39:28",0.77511,3,musaddiksafi
7057,15739283,"Luka Herden","2026-04-25 16:44:09",0.77511,1,ljgermany
7058,15739355,"Arya Nugraha","2026-04-25 16:56:56",0.77511,2,aryanugraha04
7059,15739362,shueiMath,"2026-04-25 16:57:51",0.77511,1,shueimath
7060,15739442,"Samir Maoude","2026-04-25 17:36:31",0.77511,10,samirmaoude
7061,15739698,"Tiến Khoa","2026-04-25 18:04:43",0.77511,1,tiennkhoaaa
7062,15739761,"Achyuth Athreya Yelisetty","2026-04-25 18:22:53",0.77511,1,achyuthyelisetty
7063,15740146,"Tommy Dan","2026-05-02 07:42:48",0.77511,5,tommydan
7064,15740294,"Cristofer Dorante","2026-04-25 20:29:19",0.77511,1,cristoferdorante
7065,15734631,"nifraz niyaz","2026-04-25 22:12:15",0.77511,2,nifrazniyaz
7066,15740655,"Danilo Alberto Aguilar","2026-04-25 22:59:46",0.77511,1,daniloalbertoaguilar
7067,15740681,"Rahwa B","2026-04-25 23:19:11",0.77511,1,rahwab
7068,15740771,도서부장,"2026-04-26 00:08:22",0.77511,1,doseobujang
7069,15740775,"Daniel Smith1501","2026-04-26 00:09:35",0.77511,1,danielsmith1501
7070,15740895,hezkell,"2026-04-26 01:29:06",0.77511,1,hezkell
7071,15741143,maiyuzhi,"2026-05-01 18:42:52",0.77511,3,maiyuzhi
7072,15741321,tieshengwu,"2026-04-26 03:26:37",0.77511,1,tieshengwu
7073,15741334,andychendoor,"2026-04-26 03:30:21",0.77511,1,andychendoor
7074,15741323,Zcc!443856990,"2026-04-26 03:50:10",0.77511,1,zcc443856990
7075,15741408,Plearn,"2026-04-26 03:53:28",0.77511,1,p25learn
7076,15741530,"Emma Keener","2026-04-26 04:23:15",0.77511,1,emmakeener
7077,15741609,"Garv Rohilla","2026-04-26 04:41:47",0.77511,1,garvrohilla
7078,15741729,"José Mella Riquelme","2026-04-26 05:15:57",0.77511,1,josmellariquelme
7079,15741742,Ozartsa,"2026-04-29 03:16:15",0.77511,5,ozartsa
7080,15742064,"Pavana HG","2026-04-26 06:31:17",0.77511,1,pavanahg
7081,15742100,"Novia L. Avianty","2026-04-26 06:37:37",0.77511,1,noviaprims
7082,15742110,mutation-tissue,"2026-04-26 06:40:22",0.77511,1,mutationtissue
7083,15742256,"Alexia Seitan","2026-04-26 07:10:45",0.77511,1,alexiaseitan
7084,15742262,maillmat,"2026-04-26 07:11:58",0.77511,1,maillmat
7085,15742425,hoover180,"2026-04-26 07:47:36",0.77511,1,hoover180
7086,15742471,"Нуридин Кайса","2026-04-26 07:56:56",0.77511,1,timu4in
7087,15743245,"koushik jasta","2026-04-28 07:32:47",0.77511,2,koushikjasta
7088,15743472,"Smith Lovf","2026-04-26 11:44:49",0.77511,1,smithlovf
7089,15743516,kaido_walker,"2026-04-26 11:54:36",0.77511,1,kaidowalker
7090,15743588,"REINER SAKUNAB","2026-04-26 12:12:40",0.77511,1,reinersakunab
7091,15743630,"Oksana Malysheva","2026-04-26 12:22:36",0.77511,1,oksssanamalysheva
7092,15744039,"Xingzhi Wu","2026-04-26 13:40:27",0.77511,1,xingzhi22
7093,15744106,"Jason S Reynolds","2026-04-26 13:50:07",0.77511,1,jasonsreynolds
7094,15744119,Maamossey,"2026-04-26 14:05:02",0.77511,2,maamossey
7095,15744125,IPSITA_BASAK,"2026-04-26 13:53:18",0.77511,1,ipsitabasak
7096,15744268,"Mohammed Prof","2026-04-26 14:16:32",0.77511,1,mohammedprof
7097,15744363,benjamintsai,"2026-04-26 17:10:42",0.77511,2,benjamintsai
7098,15744367,ttp_X_X_qtt,"2026-04-26 14:29:17",0.77511,1,ttpxxqtt
7099,15744534,"JAIGANESH B MABBU","2026-04-26 14:59:30",0.77511,1,jaiganeshbmabbu
7100,15744478,mihaaaaaai,"2026-04-26 15:46:24",0.77511,2,mihaaaaaai
7101,15745100,morii201,"2026-04-26 16:46:38",0.77511,1,morii201
7102,15745152,"Daniel Larionov","2026-04-26 16:56:19",0.77511,1,daniellarionov123
7103,15745195,"Andrey #29","2026-04-26 17:06:34",0.77511,1,klinov
7104,15745670,"John McNiel","2026-04-26 18:50:44",0.77511,1,johnmcniel
7105,15745720,CLoveYC,"2026-04-26 19:05:54",0.77511,2,cloveyc
7106,15745722,"Ronal Valdivia","2026-04-27 00:57:18",0.77511,4,ronalvaldivia
7107,15745775,DevendraRajpurohit58,"2026-04-26 19:18:12",0.77511,1,devendrarajpurohit58
7108,15745832,"Clarisa Estévez","2026-04-26 19:31:24",0.77511,1,clarisaetz
7109,15745877,"[Deleted] a03e1212-6b5d-4359-8929-cac879cd33a7","2026-04-26 19:42:34",0.77511,1,dominic4444444
7110,15745892,KaptainL,"2026-04-26 19:46:28",0.77511,1,kaptainl
7111,15742932,Elizen,"2026-04-26 19:50:12",0.77511,4,elizen
7112,15745916,"Yaser Alsahafi","2026-04-26 20:02:55",0.77511,2,yaseralsahafi
7113,15746204,"Arushi #6","2026-04-26 21:22:04",0.77511,1,arushi2373
7114,15746323,"John Gregory Duran","2026-04-26 22:08:47",0.77511,1,johngregoryduran
7115,15746447,"James Browne","2026-04-26 23:07:36",0.77511,1,jbrowne7
7116,364146,"Tu Thai","2026-04-27 01:55:41",0.77511,1,thaingoctu
7117,12467378,Syd7777,"2026-04-27 02:55:47",0.77511,4,syd7777
7118,15747076,ナム,"2026-04-27 03:06:35",0.77511,2,tky2502065
7119,15747187,Registered_13254,"2026-04-27 03:06:42",0.77511,1,registered13254
7120,15747300,snowrabbit_ai,"2026-04-27 07:13:53",0.77511,2,snowrabbitai
7121,15517713,"Lidia Kuzmanovski","2026-04-27 03:43:39",0.77511,2,lidiakuzmanovski
7122,15747714,"Achyutananda Sahu","2026-04-27 05:15:11",0.77511,2,achyutanandasahu
7123,15747819,やかかや,"2026-04-27 05:37:43",0.77511,1,kaitoya
7124,15655702,kzmiura,"2026-04-27 06:35:03",0.77511,4,kzmiura
7125,15748333,"Kenneth Ross #2","2026-04-27 07:00:13",0.77511,2,kennethross123
7126,15736246,"yh TU","2026-04-27 07:12:42",0.77511,6,ssyyt8
7127,15748686,Brenstann_Kyle_Pogoy,"2026-04-27 07:25:50",0.77511,1,brenstannkylepogoy
7128,15748971,"Takumi GM Kawamura","2026-04-27 08:42:37",0.77511,3,takumigmkawamura
7129,15749311,"elnaz shamsedini","2026-04-27 08:58:36",0.77511,1,elnazshamsedini
7130,15749679,"Sharon Kwamboka","2026-04-27 10:00:16",0.77511,1,skwamboka
7131,15750240,Wenhui2,"2026-04-27 11:39:43",0.77511,1,wenhui2
7132,15750475,"Carsten #4","2026-04-27 12:17:49",0.77511,1,carstenborwieck
7133,15750639,"Brent Brock","2026-05-08 13:01:51",0.77511,3,brentbrock
7134,15750645,"Stefan Paulus","2026-04-27 12:43:21",0.77511,1,stefanpaulus
7135,15750703,Marqu0,"2026-04-27 12:51:33",0.77511,1,marqu0
7136,15750774,"William Karlander","2026-04-27 13:03:45",0.77511,1,williamkarlander
7137,15750920,"Jaehoon Kang03","2026-04-27 13:25:20",0.77511,1,jaehoonkang03
7138,15751085,"Khayal Ibrahimzada","2026-04-27 13:47:46",0.77511,3,khayalibrahimzada
7139,15751190,"Vedika Gulwani","2026-04-27 13:53:29",0.77511,1,vedikagulwani
7140,15751752,Aksadio,"2026-04-27 15:07:00",0.77511,4,shahariarazimaksad
7141,15751768,"orestis tottas","2026-04-27 14:43:02",0.77511,1,orestistottas
7142,15752930,"Enzoo S","2026-04-27 16:06:01",0.77511,1,enzoos
7143,15753123,"Mohammed Barakat123","2026-04-27 16:29:48",0.77511,2,mohammedbarakat123
7144,15753272,"Miguel Mañas Fernández","2026-04-27 16:29:41",0.77511,1,miguelmanasfernndez
7145,15754461,Prochessrocket,"2026-04-27 17:55:05",0.77511,1,prochessrocket
7146,15754615,"Benjamin Barboza","2026-04-27 18:07:29",0.77511,1,benjaminbarboza
7147,15755688,"Paulo Horii","2026-04-27 19:42:11",0.77511,1,paulohorii
7148,15667564,"Petra Mitroova","2026-04-27 21:42:09",0.77511,5,petramitroova
7149,15756856,"Joanne Nentaya","2026-04-27 22:01:41",0.77511,1,joannenentaya
7150,15757447,ArletteRuiz1020,"2026-04-27 23:43:30",0.77511,1,arletteruizzz
7151,15747646,"Nagisa Kawai","2026-05-07 04:09:20",0.77511,5,nagisakawai
7152,15757987,"DAVI G MIRANDA","2026-04-28 01:02:50",0.77511,1,davigmiranda
7153,15758109,PandaDi,"2026-04-28 01:16:24",0.77511,1,pandadi
7154,15758165,"Vignesh Sriram #2","2026-04-28 01:20:41",0.77511,1,vigee2s
7155,15758428,"jie  wang  quan","2026-04-28 01:53:10",0.77511,1,jiewangquan
7156,15759062,"Shiro Akuma","2026-04-28 03:11:34",0.77511,2,xshiro777
7157,15759341,peiwen,"2026-04-28 03:34:33",0.77511,1,peiwen123
7158,15759742,"Terrance Yuen","2026-04-28 04:12:36",0.77511,1,terranceyuen
7159,15759891,"Dinga Gwanyalla","2026-04-28 04:26:00",0.77511,1,dingagwanyalla
7160,15760049,ほーりーふぉっくす,"2026-04-28 04:45:04",0.77511,2,holyfoxllm
7161,15760450,"Astex ce","2026-04-28 05:20:07",0.77511,1,astexce
7162,15760576,"Antoine Richard","2026-04-28 05:42:54",0.77511,2,antoinepcrb
7163,15761175,"Iztleuova Bibinur","2026-04-28 06:34:14",0.77511,4,iztleuovabibinur
7164,15761796,"Zoe Xu #3","2026-04-29 17:32:55",0.77511,2,zoexu77
7165,15762241,"Marco Ibrahim","2026-04-28 07:43:37",0.77511,1,marcoehab
7166,14508104,atik_uwu,"2026-04-28 09:25:23",0.77511,18,atikuwu
7167,15762407,"Darian Comsa","2026-04-28 07:55:50",0.77511,1,dcomsa
7168,15762989,junshuozhang666,"2026-04-28 08:40:20",0.77511,1,junshuozhang666
7169,15763082,"MONINGI NIDHI","2026-04-28 08:46:49",0.77511,1,moninginidhi
7170,15763143,Miaa1526,"2026-04-28 09:21:59",0.77511,6,miaa1526
7171,15763208,guguabiu,"2026-04-30 01:10:24",0.77511,2,guguabiu
7172,15763228,wwj_wwj1,"2026-04-28 08:57:30",0.77511,1,wwjwwj1
7173,15763542,yslee149,"2026-04-29 09:01:24",0.77511,2,yslee149
7174,15763696,Desterrennacht,"2026-04-28 09:37:59",0.77511,1,desterrennacht
7175,15764390,"Nischal Shakya","2026-04-28 10:40:58",0.77511,1,shakyanischal
7176,15764512,Sr.Alain,"2026-04-28 10:52:33",0.77511,1,sralain
7177,15764716,松本大毅,"2026-04-28 11:11:08",0.77511,1,ryokuza
7178,15765249,"Pranjal Godhat","2026-04-28 11:57:14",0.77511,1,pranjalgodhat
7179,15765667,"Atabek Utegenov","2026-04-28 12:32:11",0.77511,1,atabekutegenov
7180,15766234,"Juliana Abreu","2026-04-28 13:21:52",0.77511,1,julenes
7181,15766052,"Rio Ramadhani H","2026-04-28 13:44:44",0.77511,2,rioramadhanih
7182,15766573,"[Deleted] 7eff6b94-d44c-4376-b0fd-1d03e429511f","2026-04-28 13:52:44",0.77511,1,del=709bbb7425cd0e86
7183,8704595,D1ngn0103,"2026-04-28 14:39:18",0.77511,2,d1ngn0103
7184,15767445,yimo5hao,"2026-04-28 14:55:30",0.77511,1,yimo5hao
7185,15768087,haakaji,"2026-04-29 21:56:25",0.77511,3,haakaji
7186,15768471,SergioMD,"2026-04-28 16:13:10",0.77511,1,sergiomd7
7187,15768211,"Samandar SFL","2026-04-30 04:06:25",0.77511,11,samandarsfl
7188,15768784,"Mark Leung jr","2026-04-28 16:37:42",0.77511,1,markleungjr
7189,15769520,"Mercan Tunc","2026-04-28 17:38:15",0.77511,1,mercantunc
7190,15769666,"Samarjeet Munna","2026-04-28 17:49:31",0.77511,1,samarjeetmunna
7191,15769607,旭辉李（lbqdlxh）,"2026-04-29 07:56:24",0.77511,6,lbqdlxh
7192,15769828,"kingsley okpobia","2026-04-28 18:03:18",0.77511,1,kingsleyokpobia
7193,15756382,vvoitiuk,"2026-04-28 18:05:16",0.77511,3,vvoitiuk
7194,15769866,"Tatiana Volf","2026-04-28 18:06:40",0.77511,1,tatianavolf
7195,15770090,"Vione Kuklecaj","2026-04-28 18:26:53",0.77511,1,vionekuklecaj
7196,15770210,"Mrunali Jagtap","2026-04-28 18:39:31",0.77511,2,mrunalijagtap29
7197,15767697,"pab ink","2026-04-28 19:55:32",0.77511,5,pabink
7198,15771522,"FAIZ MOFAD","2026-04-28 21:28:48",0.77511,8,faizmofad
7199,15771688,"Dnyanesh Hanmant Ghadi","2026-04-28 21:01:26",0.77511,1,dnyaneshhanmantghadi
7200,15771779,"James Beyer","2026-04-28 21:11:30",0.77511,1,jamesbeyer
7201,15771859,"Hiago Borgaço","2026-04-28 21:41:21",0.77511,2,hiagoborgao
7202,15771994,"Fayza Hytham","2026-04-28 21:39:09",0.77511,1,fayzahytham
7203,15772005,"Vidula #2","2026-04-28 21:39:49",0.77511,1,viduladvm
7204,15772216,"Wilhelmina Joseph","2026-04-28 22:13:00",0.77511,1,wilhelminajoseph
7205,12295066,"Yadhira Sarmiento","2026-05-03 01:07:25",0.77511,7,yadhirasarmiento
7206,13289006,Sarveshpatil2622,"2026-04-29 00:58:54",0.77511,2,sarveshpatil2622
7207,15773228,"Mainul Fahad","2026-04-29 01:00:13",0.77511,1,mainulfahad
7208,15773335,NateM20,"2026-04-29 01:32:42",0.77511,2,natem20
7209,14991673,"DIVIT SETIA","2026-04-29 01:28:41",0.77511,1,divitsetia
7210,15773614,"Teruya YAMAGUCHI","2026-04-29 01:54:30",0.77511,1,teruyayamaguchi
7211,15774317,Mayankchat11221,"2026-04-29 03:16:27",0.77511,2,mayankchat11221
7212,15742233,justiceone,"2026-05-09 04:50:59",0.77511,30,justiceone
7213,15775266,sahapolmon,"2026-04-29 05:08:23",0.77511,2,sahapolmon
7214,15524612,hashiisbig,"2026-04-29 05:01:34",0.77511,3,hashiisbig
7215,15776139,"Dawid Tracz","2026-04-29 06:02:35",0.77511,1,dawidtracz
7216,15776821,"Banula Bimsara De Silva","2026-04-29 07:02:53",0.77511,1,banulabimsaradesilva
7217,15776958,"Timur Jalgasbaev","2026-04-29 07:13:56",0.77511,1,timurjalgasbaev
7218,15777063,"Yash Mishra #7","2026-04-29 07:24:27",0.77511,1,yashmishraji
7219,13488202,"jihed bhar","2026-04-29 13:18:05",0.77511,9,jihedbhar
7220,15777591,Comfy58,"2026-04-29 08:10:47",0.77511,1,comfy58
7221,15777827,"Chanmin Lee","2026-04-29 08:29:11",0.77511,1,leecm1010
7222,15777919,"OLIVERXU LINGXIANG","2026-04-29 08:36:43",0.77511,1,oliverxulingxiang
7223,15777957,"Kentaro Kasuga","2026-04-29 08:41:58",0.77511,1,kentarokasuga
7224,15778232,浩二町田,"2026-04-29 09:07:17",0.77511,1,forsuccess
7225,3366165,vladimirbehler,"2026-04-29 10:39:33",0.77511,1,vladimirbehler
7226,15779346,xiaoyu9348,"2026-04-29 10:49:31",0.77511,1,xiaoyu9348
7227,15779385,"Zulqarnain #2","2026-04-29 10:54:21",0.77511,1,zulqarnaingujjar
7228,15779422,"Aditi Billore","2026-04-29 10:57:50",0.77511,1,aditibillore
7229,15779518,"johnnny silverhand","2026-04-29 11:05:59",0.77511,1,johnnnysilverhand
7230,15779929,"Golubev Aleksandr","2026-04-29 12:23:58",0.77511,3,goalubev
7231,15781127,cjc2002,"2026-04-29 13:06:58",0.77511,1,cjc2002
7232,15781478,Chisco7089,"2026-04-29 13:32:45",0.77511,1,chisco7089
7233,15781792,claumeee,"2026-04-29 13:58:08",0.77511,1,claumeee
7234,15781972,"Muhammad Auliya Faisal","2026-04-29 14:10:53",0.77511,1,muhammadauliyafaisal
7235,15782000,"Zhou Tian Anna","2026-04-29 14:18:32",0.77511,2,zhoutiananna
7236,15782079,"Shaheem Muhammed A","2026-04-29 14:18:33",0.77511,1,shaheemmuhammeda
7237,15782164,"Random Thanatos","2026-04-29 14:24:08",0.77511,1,randomthanatos
7238,15782201,"Mikie Crowe","2026-04-29 14:27:41",0.77511,3,mikiecrowe
7239,15781951,Azorty,"2026-04-29 14:35:41",0.77511,1,azorty
7240,15782408,"Teemu A","2026-04-29 14:39:25",0.77511,1,elevenletters
7241,15782926,"Sedra Alrefaei","2026-04-29 15:19:21",0.77511,1,sedraalrefaei
7242,15783631,ino777,"2026-04-29 16:11:43",0.77511,1,ino777
7243,15783849,"Sadanand Pai","2026-04-29 16:28:40",0.77511,1,sadanandpai
7244,15783954,"Paul Dirac98","2026-04-29 16:37:31",0.77511,2,pauldirac98
7245,15784273,"Kathy M S","2026-04-29 16:59:52",0.77511,1,kathyms
7246,15784394,"Angela Pineda","2026-04-29 17:09:45",0.77511,1,angelapica
7247,15784443,ama2160,"2026-05-03 18:25:40",0.77511,4,ama2160
7248,15784882,"Albin Peter","2026-04-29 17:48:25",0.77511,2,aalbii
7249,15785289,kagglewithsp,"2026-04-29 18:15:58",0.77511,1,kagglewithsp
7250,15785377,"Joe Gudenburr","2026-04-29 18:44:54",0.77511,7,joegudenburr
7251,15786161,"Tyra Cheng","2026-04-29 19:42:51",0.77511,1,tyracheng
7252,15786186,taicalvin,"2026-04-29 19:45:55",0.77511,1,taicalvin
7253,15786229,"Vinicius Ayres","2026-04-29 19:51:16",0.77511,1,viniciusayres
7254,15786274,LieuxCVer,"2026-05-05 15:25:30",0.77511,2,lieuxcver
7255,15786852,"Krishnapriya Varma","2026-04-29 21:10:10",0.77511,1,krishnapriyavarma
7256,15786875,Pantxito,"2026-04-29 21:33:09",0.77511,2,pantxito
7257,15787162,"Zeeshan Qureshi #2","2026-04-29 22:02:05",0.77511,1,zeeshanq02
7258,15787273,"Aisha Kone","2026-04-29 22:20:25",0.77511,1,aishakone
7259,15787358,"Markus Novak","2026-04-29 22:37:33",0.77511,1,markusnovak
7260,15788050,Bxzbxz,"2026-04-30 00:48:49",0.77511,2,bxzbxz
7261,15788219,LucayyDS,"2026-04-30 01:07:31",0.77511,1,lucayyds
7262,15788220,"Forgiver Yu","2026-04-30 01:07:34",0.77511,1,forgiveryu
7263,15789271,evesanta,"2026-04-30 02:44:24",0.77511,1,evesanta
7264,15789470,WangQingSong,"2026-05-05 06:17:21",0.77511,2,wqs222
7265,15789556,secret78510,"2026-05-01 05:11:17",0.77511,16,secret78510
7266,15790224,"Ryota Aono","2026-05-07 03:53:50",0.77511,7,ryotaaono
7267,15791860,"Soltan #2","2026-04-30 06:47:41",0.77511,1,variablesan
7268,15792205,MondayMing,"2026-04-30 07:10:56",0.77511,1,mondayming
7269,15792366,"Danaz Ahmad","2026-04-30 07:21:14",0.77511,1,danazahmad
7270,15794111,JohmasJo,"2026-04-30 09:12:43",0.77511,1,johmasjo
7271,15794360,"Rudransh Sharma #3","2026-04-30 09:30:28",0.77511,1,sharmarudransh
7272,15795115,"Manase Phiri","2026-04-30 10:42:38",0.77511,1,manasephiri
7273,15780090,S3Rend1p1ty,"2026-04-30 11:35:05",0.77511,4,s3rend1p1ty
7274,15795790,"Alisha Deanova","2026-04-30 11:40:28",0.77511,1,alishadeanova
7275,15795806,"Sihan LIAN","2026-04-30 11:41:34",0.77511,1,sihanlian
7276,15795820,Angel1323,"2026-04-30 11:43:08",0.77511,1,angel1323
7277,15796827,"Abhinav Rayamajhi","2026-04-30 13:07:16",0.77511,1,abhinavrayamajhi
7278,15797199,wrh0808,"2026-04-30 13:37:43",0.77511,1,wrh0808
7279,15797628,"Shun Ibata","2026-04-30 14:11:57",0.77511,1,shunib
7280,5618248,"Clayton Knewasser","2026-04-30 14:20:21",0.77511,1,claytonknewasser
7281,15797783,"Roman Poltavchenko","2026-04-30 14:23:24",0.77511,1,ete9nal
7282,15799091,kunlinwang,"2026-04-30 15:52:38",0.77511,1,kunlinwang
7283,15799365,"Priyanti Saha","2026-04-30 16:09:48",0.77511,1,priyantisaha
7284,15799628,Sonu0603,"2026-04-30 16:26:43",0.77511,1,sonu0603
7285,15801215,"UNAIZAH OBAIDELLAH","2026-04-30 18:25:57",0.77511,1,unaizah
7286,15801797,pmiguel23,"2026-04-30 19:15:46",0.77511,1,pmiguel23
7287,15801807,"Anthony Casarta","2026-04-30 19:16:32",0.77511,1,anthonycasarta
7288,15802256,cindyhchung,"2026-04-30 20:06:59",0.77511,1,cindyhchung
7289,15802286,"Renee liu","2026-04-30 20:10:50",0.77511,1,lucialiuzhn
7290,15802435,"Andrii Basov","2026-04-30 20:30:14",0.77511,3,andriibasov
7291,15802561,"Ramit Sharmaa","2026-04-30 20:40:33",0.77511,1,ramitsharmaa
7292,15803409,"Jack Janelle","2026-04-30 22:52:28",0.77511,1,jackjanelle
7293,15803639,"Ruben Barbosa","2026-04-30 23:36:43",0.77511,1,rubenbarbosa222
7294,15805309,"Kasem Choocharukul","2026-05-01 02:31:27",0.77511,1,kasemchoocharukul
7295,15805636,"Takafumi Uchino","2026-05-01 02:50:26",0.77511,1,takafumiuchino
7296,15805778,"Samsul Arifin","2026-05-01 03:00:15",0.77511,1,muhammadsamsularifin
7297,15806096,laomo418,"2026-05-01 03:22:05",0.77511,1,laomo418
7298,15806531,midnightsamurai12,"2026-05-01 03:52:56",0.77511,1,midnightsamurai12
7299,15806566,Justice814,"2026-05-01 03:57:52",0.77511,1,justice814
7300,7705096,"Horacio Tonon","2026-05-01 04:21:59",0.77511,1,horaciotonon
7301,15808138,sminhxn,"2026-05-01 05:22:13",0.77511,1,sminhxn
7302,6102485,"puvvadi nithin","2026-05-01 05:43:44",0.77511,1,puvvadinithin
7303,15809104,"kaier chen","2026-05-01 06:18:07",0.77511,1,kaierchen
7304,15576175,"Alex Star","2026-05-02 10:43:27",0.77511,35,alexstar73
7305,15811646,"Saimon Bhuiyan","2026-05-01 09:05:46",0.77511,1,saimonbhuiyan
7306,15811976,aliver,"2026-05-01 09:29:28",0.77511,1,aliverbyme
7307,15812950,"Rhythem Goel","2026-05-01 10:39:58",0.77511,1,rhythemgoel
7308,15722978,"Jotpartap Singh","2026-05-01 11:02:50",0.77511,2,jotpartapsingh
7309,15813286,"Avni Arslan","2026-05-01 11:06:19",0.77511,1,avniarslan
7310,15336428,ressiki,"2026-05-01 11:40:22",0.77511,2,ressiki
7311,15813857,Sequenzer01,"2026-05-01 11:51:38",0.77511,1,sequenzer01
7312,4903154,"Yan GAO","2026-05-02 08:16:44",0.77511,5,wendygao9407
7313,15814884,"Leslie E Anderson","2026-05-01 13:11:08",0.77511,1,leslieeanderson
7314,15815120,vanirt201,"2026-05-01 13:24:12",0.77511,1,vanirt201
7315,15816414,"Kamila #3","2026-05-01 14:54:09",0.77511,1,kamilala
7316,12123590,"Labib Shahriar","2026-05-01 16:32:51",0.77511,1,labibshahriar
7317,15818610,"July Vex","2026-05-01 17:57:45",0.77511,1,julyvex
7318,15819131,"Andrija #2","2026-05-01 17:58:46",0.77511,1,andrija23
7319,15819446,"Marcel Pàmies Casals","2026-05-01 18:29:18",0.77511,1,marcelpmiescasals
7320,15820796,"Aleja Trujillo","2026-05-01 21:19:36",0.77511,1,alejatrujillo
7321,15821581,"Nancy Cecilia Ferraro","2026-05-02 00:07:41",0.77511,1,nancyceciliaferraro
7322,15821688,"Emilio Cano","2026-05-02 00:35:40",0.77511,1,emiliowastaken
7323,15822086,Shion1124,"2026-05-02 02:01:47",0.77511,1,shion1124
7324,15823007,"Khaled Rabea","2026-05-02 03:52:24",0.77511,1,khaledrabiea
7325,15823788,"Faysal Rabib","2026-05-02 05:06:03",0.77511,1,faysalrabib
7326,15824024,Masatake0109,"2026-05-02 05:30:36",0.77511,1,masatake0109
7327,15824433,Heitaro,"2026-05-02 06:12:57",0.77511,1,heitaro
7328,15824724,Ghoniichan,"2026-05-02 06:46:05",0.77511,2,ghoniichan
7329,15825059,"Atharv Bharati ","2026-05-02 07:06:43",0.77511,1,atharvbharati228
7330,15825289,Passerbyyy,"2026-05-02 07:27:42",0.77511,1,passerbyyy
7331,15825439,CheesBrg,"2026-05-02 07:41:44",0.77511,1,cheesbrg
7332,15825466,"Yishaq Damtew","2026-05-02 07:44:01",0.77511,1,yishaqdamtew
7333,15825900,"Mohd Rawnaq Qureshi","2026-05-02 08:25:47",0.77511,1,mohdrawnaqqureshi
7334,15825925,ajamajai,"2026-05-02 08:28:26",0.77511,1,ajamajai
7335,15826187,"Nishk Mistry","2026-05-02 09:05:32",0.77511,4,nishkmistry
7336,12703213,py.02_24,"2026-05-02 09:06:22",0.77511,1,py0224
7337,15826504,"Hiber López","2026-05-02 09:28:27",0.77511,1,hiberlpez
7338,15827009,AlexPamela,"2026-05-02 10:25:17",0.77511,1,alexpamela
7339,15827873,"Nandini Agarwal23","2026-05-02 12:12:11",0.77511,1,nandiniagarwal23
7340,15827895,"Julie Slater","2026-05-11 13:16:16",0.77511,11,julieslater
7341,15827984,Mustii,"2026-05-02 12:25:11",0.77511,1,mustii
7342,15828121,"Cuiyuan Zhu","2026-05-02 13:07:45",0.77511,3,cuiyuanzhu
7343,15828798,Sugianto05,"2026-05-02 13:57:29",0.77511,1,sugianto05
7344,15828923,chuan-chih,"2026-05-02 14:11:40",0.77511,1,meowlu
7345,15829269,"Anthony Urena","2026-05-02 14:49:05",0.77511,1,anthonyurenanecc
7346,15829932,Aryan_BHU,"2026-05-02 15:53:15",0.77511,1,aryanbhu
7347,15830554,"Michelangelo Olivieri","2026-05-02 16:55:21",0.77511,1,michelangeloolivieri
7348,15830557,"Isolated Is","2026-05-02 16:55:31",0.77511,1,isolatedis
7349,15831195,ramiya03,"2026-05-02 18:01:22",0.77511,1,ramiya03
7350,15831791,"Ruthvik Raj B R","2026-05-02 19:12:25",0.77511,1,ruthvikrajbr
7351,15831949,"Prasoon Choudhary","2026-05-02 19:34:13",0.77511,1,ibuprofen250mg
7352,15832091,Ming_Hui_Zhang,"2026-05-02 19:53:42",0.77511,1,minghuizhang010826
7353,15832218,Sukirth,"2026-05-02 20:14:41",0.77511,1,sukirth
7354,15169297,"Tamer Tokgöz","2026-05-02 22:13:40",0.77511,10,tamertokgz
7355,15832694,"Amir Kozhakhmet","2026-05-02 22:06:07",0.77511,1,amirkozhakhmet
7356,15832762,"Darren DeWilde","2026-05-02 22:27:50",0.77511,1,darrendewilde
7357,15832791,edabest,"2026-05-02 22:37:17",0.77511,1,edabest
7358,15832861,"Laurance Boyd","2026-05-02 22:57:25",0.77511,1,lauranceboyd
7359,15832933,"Adam Benbrahim","2026-05-02 23:23:41",0.77511,1,adambenbrahim
7360,15833364,"Krithik Vivekananthan","2026-05-03 19:03:09",0.77511,4,krithikvivekananthan
7361,15833481,Strange201,"2026-05-03 02:26:23",0.77511,1,strange201
7362,15833570,"Shanna B","2026-05-03 02:45:04",0.77511,2,shannab
7363,15833609,"Josue Torres H","2026-05-03 02:50:01",0.77511,1,josuetorresh
7364,15833629,"King Destroyer","2026-05-03 02:53:47",0.77511,1,kingdestroyer007
7365,15833861,"Daksh Kulchania","2026-05-03 03:31:25",0.77511,1,dakshkulchania
7366,15833923,"Arslan Ali #5","2026-05-03 03:42:15",0.77511,1,arslan7ali6
7367,15833963,"Autumn Stanley","2026-05-03 03:58:25",0.77511,2,autumnstanley
7368,15834127,"G Sai charith ","2026-05-03 04:19:19",0.77511,2,gsaicharith
7369,15834188,"Michael Wang #9","2026-05-03 05:00:16",0.77511,6,michaelhjwang
7370,15834398,210050128,"2026-05-03 04:56:31",0.77511,1,kumarrahul33
7371,15835197,"Whitney Gibson","2026-05-03 06:44:16",0.77511,1,whitneygibson
7372,15835966,Minjoo91324,"2026-05-03 07:29:26",0.77511,1,minjoo91324
7373,533205,"Hourann Lin","2026-05-03 07:39:34",0.77511,1,hourannlin
7374,15836009,"Jane #15","2026-05-03 07:55:01",0.77511,5,janezllq
7375,15836247,"orange sachi","2026-05-05 03:22:55",0.77511,2,orangesachi
7376,15837296,"Đoàn Phú Thịnh","2026-05-03 10:00:31",0.77511,1,dpthinh10dona
7377,15837857,olúwáfẹ́mi,"2026-05-03 11:19:26",0.77511,1,olwfmi
7378,2875667,"Manuel Rogriguez","2026-05-03 11:30:34",0.77511,1,manolord
7379,15838183,"letbun ","2026-05-03 12:05:53",0.77511,1,letbun
7380,15838238,"Sardar Aqib Ali","2026-05-03 12:13:26",0.77511,1,sardaraqibaliai
7381,14408940,"Ri M. Elopre","2026-05-03 12:39:35",0.77511,1,rimelopre
7382,15838773,"Burak Yalçın","2026-05-03 13:21:42",0.77511,1,burakyaln
7383,15839064,"Mathieu VONDERAU","2026-05-03 13:58:00",0.77511,1,mathieuvonderau
7384,15839962,"Polina Kalashnyk","2026-05-03 15:32:14",0.77511,1,polinakalashnyk
7385,15840141,PranavPyapali,"2026-05-03 16:27:04",0.77511,2,pranavpyapali
7386,15840145,"Juno SHEN","2026-05-03 15:54:23",0.77511,1,juno12312
7387,12228407,rmeet3,"2026-05-03 16:48:55",0.77511,1,rmeet3
7388,15840645,"Yuya Ito","2026-05-03 16:58:09",0.77511,1,lostordinary29y
7389,15841167,"Zayd SOUHIL","2026-05-03 19:30:45",0.77511,2,zaydsouhil
7390,15841348,"M.Muzammil Irshad","2026-05-03 18:39:40",0.77511,1,mmuzammilirshad
7391,15841526,"Doğukan Erdoğan","2026-05-03 20:05:30",0.77511,2,dogukanerdogan
7392,15841969,"Ana Tonane","2026-05-03 22:06:53",0.77511,3,anapaulatonane
7393,15842010,"Da-Woon Chung","2026-05-03 20:42:10",0.77511,1,dorapen
7394,15842130,DavidOrtiz,"2026-05-03 21:15:01",0.77511,1,davidortiz
7395,15842243,"Quyi guan","2026-05-03 21:45:09",0.77511,1,quyiguan
7396,15842292,Nile,"2026-05-03 22:00:51",0.77511,1,nilecomets
7397,15842317,"Aditya Ozarkar","2026-05-03 22:15:42",0.77511,2,adityaozarkar
7398,15842511,"Carolina Taveras","2026-05-03 23:07:49",0.77511,1,carolinataveras
7399,15842596,"John Rumley","2026-05-03 23:44:25",0.77511,1,johnrumley
7400,15842645,"Thu Thai","2026-05-04 00:07:53",0.77511,1,thursdaythai
7401,15842729,"Joon Pak","2026-05-04 00:32:23",0.77511,1,joonpak
7402,15842814,learninguser1,"2026-05-04 01:16:34",0.77511,3,learninguser1
7403,15842817,"Darwin José","2026-05-04 00:58:23",0.77511,1,darwinjos
7404,15843046,youngbobby,"2026-05-04 01:49:10",0.77511,1,youngbobby
7405,15843285,"Trần Dũng #2","2026-05-04 02:43:07",0.77511,1,trandung27
7406,15843419,JustinCantCode,"2026-05-04 03:07:38",0.77511,1,justincantcode
7407,15843424,sududuo,"2026-05-04 03:08:31",0.77511,1,sududuo
7408,15843527,OrangeRot,"2026-05-04 03:25:17",0.77511,1,orangerot
7409,15843650,"Hector Acevedo","2026-05-04 03:45:29",0.77511,1,hectoracevedos
7410,15843678,"Anudeep Bonagiri","2026-05-04 04:07:00",0.77511,2,anudeepbonagiri
7411,15843975,EGB.Boise,"2026-05-04 04:35:10",0.77511,2,egbboise
7412,15844210,"Phantom Ruby","2026-05-04 05:04:40",0.77511,1,phantomruby
7413,15844466,"neal quan","2026-05-04 05:30:05",0.77511,1,nealquan
7414,15844655,"Musa Maksudi","2026-05-08 06:32:15",0.77511,4,musamaksudi
7415,15844791,"Irene Mieke","2026-05-04 06:10:53",0.77511,1,yirenema
7416,15846071,"ERICA NYAIKAMBA","2026-05-04 07:48:01",0.77511,1,ericanyaikamba
7417,15846924,"Trần Minh Đức Tống","2026-05-04 09:26:31",0.77511,1,trnminhctng
7418,15846938,ssktora,"2026-05-04 09:28:04",0.77511,1,ssktora
7419,15847005,"Federica Aiello","2026-05-04 09:35:20",0.77511,1,federicaaielloo
7420,13678386,"Miguel Ureña","2026-05-08 08:50:48",0.77511,3,miguelurenya
7421,15847692,"Elina Krasotina","2026-05-04 19:27:12",0.77511,3,elinakrasotina
7422,15849908,HeapMaster,"2026-05-04 12:00:27",0.77511,1,heapmaster
7423,15850116,Rigobertoncio,"2026-05-04 12:22:34",0.77511,1,rigobertoncio
7424,15850707,GauravKale8011,"2026-05-04 13:38:46",0.77511,1,gauravkale8011
7425,15850810,sandeepgajula2,"2026-05-04 13:52:33",0.77511,2,sandeepgajula2
7426,15851249,"kai salty","2026-05-05 09:59:34",0.77511,2,kaisalty
7427,15852227,"Syed Mehdi","2026-05-04 16:30:17",0.77511,1,syedmehdi98
7428,15053390,"Srishti #6","2026-05-04 16:53:32",0.77511,1,srishtigauraha
7429,15852923,"Kevin #55","2026-05-04 18:02:03",0.77511,1,kev1n04
7430,9436416,"Md Shariar Siddiqui","2026-05-04 18:15:28",0.77511,1,mdshariarsiddiqui
7431,15853593,"@nuj pratap singh","2026-05-04 19:57:26",0.77511,2,nujpratapsingh
7432,15853597,"suhaib rashid","2026-05-04 19:53:23",0.77511,1,suhaibrashid6
7433,15853842,sharper4,"2026-05-04 20:39:34",0.77511,1,sharper4
7434,15853849,"Regan Roelofs","2026-05-04 20:41:42",0.77511,1,reganroelofs
7435,15853903,TakaU1972,"2026-05-04 20:53:39",0.77511,1,takau122243
7436,15853979,ElliePorcelain,"2026-05-05 11:06:24",0.77511,2,ellieporcelain
7437,15853998,"Jai Lalita Soren","2026-05-04 21:21:12",0.77511,1,monikroneast
7438,15854353,"Daniela Forero","2026-05-04 22:58:05",0.77511,1,danielaforero27
7439,15854447,"Jillian Rose Roberts","2026-05-04 23:14:05",0.77511,1,yeshuman
7440,15854492,"Marlee Barnes","2026-05-04 23:27:23",0.77511,1,marleeb505
7441,15854515,"Yohannes Ebba","2026-05-04 23:35:09",0.77511,1,yohannesebba
7442,15854928,"Hanson Qin","2026-05-05 01:39:45",0.77511,1,hansonqin
7443,12506192,"JK Jeong","2026-05-11 10:54:14",0.77511,6,jeongjongkwang
7444,15855221,"Parthiv Tailor","2026-05-05 02:35:52",0.77511,1,parthivtailor
7445,15857316,"Vijay Kauvangal","2026-05-05 05:19:35",0.77511,1,vpkdev
7446,15857558,yujuiiiiiiii,"2026-05-05 05:49:49",0.77511,1,yujuiiiiiiii
7447,15858040,"Lord Bat","2026-05-05 06:43:25",0.77511,1,lordbat
7448,15858391,Redd340,"2026-05-05 07:08:39",0.77511,1,redd340
7449,15305148,MuhaAlief,"2026-05-05 07:31:08",0.77511,3,muhaalief
7450,15858561,Ayconic1,"2026-05-05 07:29:54",0.77511,1,ayconic1
7451,15859300,"Zarek Gema Galgani #2","2026-05-05 08:40:49",0.77511,1,zarekgemagalgani
7452,15859436,lllllearning,"2026-05-05 09:03:36",0.77511,1,lllllearning
7453,15859914,G25AIT2101,"2026-05-05 10:13:06",0.77511,1,shivenderg25ait2101
7454,15860105,"Remy Le","2026-05-05 10:41:22",0.77511,1,remyle23
7455,15860095,"levu sonduong","2026-05-05 10:41:39",0.77511,1,levusonduong
7456,15860211,"Dinesh krishna Dommeti","2026-05-05 10:58:15",0.77511,1,dineshkrishnadommeti
7457,15860257,"Philipp #14","2026-05-05 11:05:30",0.77511,1,philippcs
7458,15860287,"Maximilian Kusterer #2","2026-05-05 11:09:27",0.77511,1,maximiliankusterer
7459,15860398,l0vestudy,"2026-05-05 11:26:07",0.77511,1,l0vestudy
7460,15860384,"Max Plank256","2026-05-05 11:53:25",0.77511,3,maxplank256
7461,15860638,klens_ai,"2026-05-05 11:55:12",0.77511,1,klensai
7462,15763300,"vito Zhong_i","2026-05-07 01:23:27",0.77511,4,vitozhongi
7463,15862436,Maykw005,"2026-05-05 14:09:07",0.77511,1,maykw005
7464,15862455,"Alexandre Bialowas","2026-05-05 18:18:35",0.77511,3,alexandrebialowas
7465,15862891,"Teddie Bear","2026-05-05 14:39:17",0.77511,1,teddiebear
7466,15863310,"Leonor Leiva Marcade","2026-05-05 15:21:56",0.77511,1,leonorleivamarcade
7467,15863754,paulkihara@53,"2026-05-05 16:27:39",0.77511,1,paulkihara53
7468,15864150,"Jayesh Chandan","2026-05-06 09:31:04",0.77511,2,jayeshchandan
7469,15864540,lfyyyLifangyu,"2026-05-05 17:21:35",0.77511,1,lfyyylifangyu
7470,15864610,"Arshpreet Singh #2","2026-05-05 17:28:32",0.77511,1,arshpreetsandhu
7471,15864628,"Biswajit Mishra2736","2026-05-05 17:30:13",0.77511,1,biswajitmishra2736
7472,15864665,"Arthur Phillips","2026-05-05 17:55:00",0.77511,2,arthurphillips
7473,15864760,Nadifa,"2026-05-05 17:40:05",0.77511,1,nadifao
7474,15864890,"Nicolas Iskandar","2026-05-05 17:49:11",0.77511,1,nicolasiskandar
7475,15864957,"Anisa Termetaj","2026-05-05 17:54:42",0.77511,1,anisatermetaj
7476,15865766,Veti,"2026-05-05 18:58:22",0.77511,1,veti123456
7477,15866389,"Swara Berde","2026-05-05 19:57:25",0.77511,1,swaraberde
7478,15866811,Mandarrr,"2026-05-05 20:40:57",0.77511,1,mandarrr
7479,15866950,"imran ali chaudry","2026-05-05 20:56:18",0.77511,1,imranali89
7480,15867263,"Jun Young (Charlie) Jeong","2026-05-05 21:37:52",0.77511,1,charliejyjeong
7481,15867284,"Jacob A MacLeod","2026-05-05 21:41:52",0.77511,1,jacobamacleod
7482,15867699,"Trek Mac","2026-05-08 07:07:02",0.77511,3,trekmac
7483,15867720,"Stefan Ventura","2026-05-05 22:57:12",0.77511,1,stefanventura
7484,15821124,Khai2408,"2026-05-05 22:58:21",0.77511,8,khai2408
7485,15867771,"Edenia Ramirez","2026-05-06 14:39:25",0.77511,4,edeniaramirez
7486,15867888,"Abass Olatunji Yusuf ","2026-05-05 23:29:47",0.77511,1,abassolatunjiyusuf
7487,15868073,"Saman #3","2026-05-06 00:19:27",0.77511,1,samangnt
7488,15868294,"aaron pengz","2026-05-06 00:59:31",0.77511,1,aaronpengz
7489,15868369,Bushway,"2026-05-06 01:11:27",0.77511,1,bushway
7490,15868434,METMONEY,"2026-05-06 01:18:01",0.77511,1,metmoney
7491,15868861,"Melania Junges","2026-05-06 02:17:21",0.77511,1,melaniajunges
7492,15869358,"Vincent Acunia","2026-05-06 04:27:04",0.77511,3,vincentacunia
7493,15869767,"Jadson Maciel","2026-05-06 03:57:41",0.77511,1,jadsonmaciel
7494,15577275,IvanRyasov1+,"2026-05-06 04:26:10",0.77511,35,ivanryasov1
7495,15870037,anicher,"2026-05-06 04:30:41",0.77511,1,anicher
7496,15870398,Saki_mori,"2026-05-06 05:07:58",0.77511,1,sakimori1
7497,15871246,w1rma,"2026-05-06 06:25:19",0.77511,2,w1rmamio
7498,15872679,"Murat S","2026-05-06 08:19:13",0.77511,1,havabukucu
7499,15872685,"Faruk Selman","2026-05-06 08:19:27",0.77511,1,farukselman
7500,15872724,Duygukara.12,"2026-05-06 08:23:02",0.77511,1,duygukara12
7501,15872949,"jerry tann","2026-05-06 08:50:17",0.77511,1,jerry81
7502,15873155,"Sunil Kumar #11","2026-05-06 09:12:31",0.77511,1,sunilkmk
7503,15873160,LiSuo,"2026-05-06 09:12:44",0.77511,1,sadbadhurt
7504,15873211,Pobontcs,"2026-05-06 09:17:13",0.77511,1,pobontcs
7505,15873273,wangchao5602,"2026-05-06 09:24:06",0.77511,1,wangchao5602
7506,15793750,"Naoki Takagi","2026-05-06 09:48:23",0.77511,3,naokitakagi
7507,15873420,syedazahr@,"2026-05-06 11:42:28",0.77511,8,syedazahr
7508,15873948,Gruppe_1_KI,"2026-05-06 10:55:38",0.77511,3,gruppe1ki
7509,15874507,"Krisha Shah","2026-05-06 11:36:50",0.77511,1,krishashahhh077
7510,15874630,TanjiahaoXX,"2026-05-06 11:53:35",0.77511,1,tanjiahaoxx
7511,15874697,"klausi google","2026-05-06 12:02:43",0.77511,1,klausigoogle
7512,15874795,aynzfqr,"2026-05-06 12:21:35",0.77511,2,aynzfqr
7513,15875058,"Lee Yongchen","2026-05-06 12:43:29",0.77511,1,leeyongchen
7514,15875552,ybl27tw,"2026-05-06 13:34:22",0.77511,2,ybl27tw
7515,15876180,"Sandali Ranahewa","2026-05-06 14:45:04",0.77511,2,sandaliranahewa
7516,15876249,"Yash Raj #6","2026-05-06 14:34:20",0.77511,1,yraj62422
7517,15876393,"MD KAMRAN","2026-05-06 14:44:22",0.77511,1,mdkamran0109
7518,15876415,kaminoikari,"2026-05-06 14:47:47",0.77511,1,kaminoikari
7519,15876815,"Achraf Oubakouz","2026-05-06 15:27:57",0.77511,1,achrafoubakouz
7520,15876956,LYNfffff,"2026-05-06 15:43:10",0.77511,1,lynfffff
7521,15876972,"Vikram Varma","2026-05-06 15:44:43",0.77511,1,vickyvikrams143
7522,7019881,ProtopovichEvgeny,"2026-05-06 15:54:06",0.77511,3,protopovichevgeny
7523,15876773,"Ava Lin","2026-05-07 19:49:29",0.77511,3,avalin3
7524,15877121,"Elise Dufour","2026-05-09 18:33:07",0.77511,3,elisedufour
7525,15877194,"Reed Young","2026-05-06 16:09:04",0.77511,1,reedtheyoung
7526,15877216,Rowna.xx,"2026-05-06 16:11:15",0.77511,1,rownaxx
7527,15877555,GhadaAAlamoudi,"2026-05-06 16:47:40",0.77511,1,ghadaaalamoudi
7528,15878407,"Alan Mendoza","2026-05-06 18:32:20",0.77511,1,alanfmendoza
7529,15878722,"Leva Pronkin","2026-05-07 11:47:57",0.77511,4,levapronkin
7530,15878938,"Emily Centamore","2026-05-06 19:59:13",0.77511,1,emilycentamore
7531,15879335,"Allie Piccoli","2026-05-06 21:10:40",0.77511,1,alliepiccoli
7532,15854144,noahcouls,"2026-05-06 22:13:54",0.77511,5,noahcouls
7533,15854188,"Ian Elgar","2026-05-10 23:03:34",0.77511,5,ianelgar
7534,15854151,"Jordan #15","2026-05-08 20:35:09",0.77511,6,wingedpanzer
7535,15879730,"Thomaz Peixoto Rossini","2026-05-07 02:03:28",0.77511,10,thomazpeixotorossini
7536,15854138,maddyyyyyyyyyyyyy,"2026-05-06 22:45:31",0.77511,4,maddyyyyyyyyyyyyy
7537,7853150,Cliff122,"2026-05-06 22:53:09",0.77511,2,cliff122
7538,15879750,ayushy,"2026-05-06 22:49:38",0.77511,1,huntmask
7539,15879877,"Nadisa Rifqiyah","2026-05-06 23:23:02",0.77511,1,nadisarifqiyah
7540,15854155,"Tyler Song","2026-05-06 23:45:11",0.77511,5,songt2
7541,15879957,"Kevin Alfaro Sandoval","2026-05-06 23:45:37",0.77511,1,kevinalfarosandoval
7542,15879981,Rukola,"2026-05-06 23:49:41",0.77511,1,rukola
7543,3557560,uHan2,"2026-05-07 05:59:14",0.77511,8,sagnjinlee
7544,15552857,t0ruru0,"2026-05-08 05:29:59",0.77511,8,t0ruru0
7545,15880608,kayeon99,"2026-05-08 07:47:54",0.77511,7,kayeon99
7546,15880798,tjkima,"2026-05-07 02:46:14",0.77511,3,tjkima
7547,15881171,ytukjp007,"2026-05-08 03:21:02",0.77511,5,yushitsukamoto007
7548,15881327,"genta yakabe","2026-05-07 14:05:05",0.77511,2,gentayakabe
7549,15881579,"Amy Hofman","2026-05-07 04:14:37",0.77511,1,amyhofman
7550,15881649,kenma,"2026-05-07 04:24:13",0.77511,1,kentamasu
7551,15881702,FUGGGGGGGA,"2026-05-07 04:31:16",0.77511,1,fuggggggga
7552,15881301,"Hinano Fukuda","2026-05-08 02:01:54",0.77511,8,hinanofukuda
7553,15881896,"Maya Strizheus","2026-05-07 04:54:17",0.77511,1,mayastrizheus
7554,15882152,"Aditya Raj #21","2026-05-11 16:01:04",0.77511,2,adityarajx365
7555,15882397,"Mike #35","2026-05-07 06:30:06",0.77511,7,mikeske
7556,15882730,"Ilham Arifin Rahman","2026-05-07 08:58:21",0.77511,3,ilhamarifinrahman
7557,15882997,Jaybldy,"2026-05-07 07:39:12",0.77511,6,jaybldy
7558,15883122,邱邱康辉,"2026-05-07 07:04:20",0.77511,1,qiukanghui
7559,15876622,"Jean-Baptiste Duquaire","2026-05-07 07:14:29",0.77511,2,jbduquaire
7560,15883274,"Muhammad Huzaifah","2026-05-07 08:25:39",0.77511,10,mhuzaifah
7561,15885732,"Bogdan Pelin","2026-05-07 11:24:47",0.77511,1,bogdanpelin
7562,15885900,"Richi Safaraz","2026-05-07 11:47:18",0.77511,1,richisafaraz
7563,15886228,"kennedy benard","2026-05-07 12:26:10",0.77511,1,kennedyluyela
7564,15886289,"Melih Türk","2026-05-07 12:32:55",0.77511,1,soyuna
7565,15886532,"Danielo Rarivoarinoro","2026-05-07 13:03:33",0.77511,1,danielorarivoarinoro
7566,15886631,"konuşan kağıt balığı","2026-05-07 13:40:15",0.77511,3,konuankatbal
7567,15886632,"hualin long","2026-05-07 13:13:15",0.77511,1,hualinlong
7568,15886841,NepenthesJH,"2026-05-07 13:36:12",0.77511,1,nepenthesjh
7569,4958144,"Toru Iai","2026-05-07 13:53:10",0.77511,1,toruiai
7570,15887392,"Jordan san","2026-05-07 14:26:44",0.77511,1,jordansan
7571,15887549,"Md Aadil","2026-05-07 14:47:01",0.77511,1,mdaadill
7572,15887556,huguesny,"2026-05-07 14:47:37",0.77511,1,huguesny
7573,15887592,"Edward Li #5","2026-05-07 14:50:50",0.77511,1,orangeedwardli
7574,15887626,"qianyuan zhao","2026-05-07 14:56:06",0.77511,1,qianyuanzhao
7575,15885649,"George de Kock","2026-05-11 09:46:24",0.77511,8,georgedekock
7576,15888274,AlpacaCodadora,"2026-05-07 17:21:28",0.77511,3,alpacacodadora
7577,15888394,"Deeksha T R 16","2026-05-07 16:28:42",0.77511,2,deekshatr16
7578,15888576,"Mino “Penetrant” Pino","2026-05-07 16:39:19",0.77511,1,minopenetrantpino
7579,15888752,"Adedayo David Oseni","2026-05-07 17:02:08",0.77511,1,adedayodavidoseni
7580,15888917,"Justin Smith #5","2026-05-07 17:20:52",0.77511,1,justinsmith1
7581,15889404,"Илья Колесников","2026-05-07 18:39:02",0.77511,1,sigma2119
7582,15889683,"Basubi Deborah Queen","2026-05-07 19:17:43",0.77511,1,deborahqueen
7583,15889690,"Vanshaj Rawat","2026-05-07 19:18:20",0.77511,1,vanshajrawat
7584,15889742,"Reed Burmaster","2026-05-07 19:29:46",0.77511,3,reedburmaster
7585,14447644,qqqaaavvv,"2026-05-07 19:57:34",0.77511,5,qqqaaavvv
7586,15831576,"Ilya Chirkov #2","2026-05-07 23:08:07",0.77511,2,ichi2d
7587,15891419,"Batuhan Biçen","2026-05-07 23:35:00",0.77511,1,batuhanbien
7588,15891573,"Senlin Lin","2026-05-08 00:01:11",0.77511,1,senlinlin
7589,15892090,"Itsuki Yashina","2026-05-08 01:32:28",0.77511,1,itsukiyashina
7590,15880680,"Hyogo Oda","2026-05-12 06:48:44",0.77511,5,hyogooda
7591,15892438,NKAG0004,"2026-05-08 02:38:40",0.77511,1,nkag0004
7592,15892697,"Aaditya    KS","2026-05-08 03:24:28",0.77511,2,aadityaks
7593,15893003,"Rob Pierson","2026-05-08 03:55:08",0.77511,1,robpierson
7594,15893112,lilyml163,"2026-05-08 04:09:19",0.77511,1,lilyml163
7595,15893173,"Mohaiminul Islam","2026-05-08 04:17:08",0.77511,1,mohaiminularik
7596,15881781,"Kunio6 S ","2026-05-08 05:34:41",0.77511,2,kunio6s
7597,15880169,muximuxi,"2026-05-08 06:02:49",0.77511,4,muximuxi
7598,14243798,RixxKr,"2026-05-08 06:21:33",0.77511,1,rixxkr
7599,15894215,"Guy Arbiv","2026-05-08 06:26:31",0.77511,1,guyarbiv96415
7600,15894451,Davisboy,"2026-05-08 06:50:10",0.77511,1,davisboy
7601,15894472,hqh202311312,"2026-05-08 06:52:44",0.77511,1,hqh202311312
7602,15881936,"Ryota Mizuguchi","2026-05-08 07:02:26",0.77511,3,ryotamizuguchi
7603,15895356,"Oliver Feske","2026-05-08 08:30:14",0.77511,1,oliverfeske
7604,15895765,"Mariia Kustova","2026-05-08 09:13:37",0.77511,1,mariiakustova
7605,15895846,bishop_0217,"2026-05-08 09:22:33",0.77511,1,bishop0217
7606,15895974,"Lala Mammadova","2026-05-08 09:35:21",0.77511,1,cherryboom44434434
7607,15896645,Kirill_Lekomtcev,"2026-05-08 12:08:43",0.77511,2,kirilllekomtcev
7608,15897651,"Alexis Akanson","2026-05-08 12:07:16",0.77511,1,alexisakanson
7609,15898466,"xiuping wu","2026-05-08 13:31:01",0.77511,1,xiupingwu
7610,15898726,"Marcela Raposo","2026-05-08 13:53:06",0.77511,1,marcelaraposo
7611,15899024,"ADIL El MINAOUI","2026-05-08 14:18:42",0.77511,1,adilelminaoui
7612,15899027,WWliWW,"2026-05-08 14:19:00",0.77511,1,wwliww
7613,15899273,"hanjie wu111","2026-05-08 14:40:05",0.77511,1,hanjiewu111
7614,15899284,c500502037,"2026-05-08 14:41:03",0.77511,1,c500502037
7615,15899978,"Mehran Hussain","2026-05-08 15:43:59",0.77511,1,mehranhussain
7616,15900102,"Mike Femi","2026-05-08 15:57:23",0.77511,1,mikefemi
7617,15900176,"Shresth Porwal","2026-05-08 16:03:19",0.77511,1,shresthporwal
7618,15900199,ENCELL,"2026-05-08 16:04:26",0.77511,1,encell
7619,15901184,"Talal Saada","2026-05-08 17:43:58",0.77511,1,talalsaada
7620,15901605,"Alexandra Švachová","2026-05-08 19:10:40",0.77511,2,alexandravachov
7621,15772284,"ِAmir Omran","2026-05-08 18:38:03",0.77511,2,amiromran
7622,15901906,"Nikolas Tjhin","2026-05-08 19:01:21",0.77511,1,nikolastjhin
7623,15902247,"Fabio Kitsuwa","2026-05-08 19:39:35",0.77511,1,fabiokitsuwa
7624,15902301,"Aayush Ahuja #2","2026-05-08 19:47:21",0.77511,1,ashahuja
7625,15902716,dastan_huseynov_000865,"2026-05-08 20:35:32",0.77511,1,dastanhuseynov000865
7626,15902743,applggnlp,"2026-05-08 20:39:39",0.77511,1,applggnlp
7627,1615134,"Maria Cabrol","2026-05-08 21:08:50",0.77511,1,libelule
7628,15903126,Tyrant7,"2026-05-08 21:36:14",0.77511,1,tyrant7
7629,15903215,"Adisa Temitope","2026-05-08 21:49:51",0.77511,1,adisatemitope
7630,15903394,"Areeb R.","2026-05-08 22:26:14",0.77511,2,areebr
7631,15903569,"Moritz Engers","2026-05-08 22:58:51",0.77511,1,moritzengers
7632,15903700,"Marek Valvas","2026-05-08 23:32:01",0.77511,2,marekvalvas
7633,15904048,"Natasha Jally","2026-05-09 00:51:10",0.77511,1,natashajally
7634,15903926,"Victor Batista","2026-05-09 00:53:40",0.77511,1,victorbatista123
7635,15901665,"Erick Gomes","2026-05-09 01:54:47",0.77511,6,erickgomesdev
7636,15904741,"Violet Ye","2026-05-09 02:39:41",0.77511,1,violetye
7637,15904809,とみおか_ぎゆ,"2026-05-09 02:48:39",0.77511,1,tomioka1809
7638,15904845,s5u11o0,"2026-05-09 02:53:37",0.77511,1,s5u11o0
7639,15904916,creamcheesebagel67,"2026-05-09 03:14:17",0.77511,3,creamcheesebagel67
7640,15904872,"Lux Nox","2026-05-09 03:19:53",0.77511,1,luxnox
7641,15905336,leonxiix,"2026-05-09 04:02:55",0.77511,1,leonxiix
7642,15905536,"Darrell Babers","2026-05-09 04:26:19",0.77511,1,darrellbabers
7643,15905578,alexerlayy,"2026-05-09 04:33:31",0.77511,1,alexerlayy
7644,15905639,"sashimi  111","2026-05-09 04:42:26",0.77511,1,sashimi111
7645,15906242,"Parul #2","2026-05-09 06:05:05",0.77511,1,parul008
7646,15906326,"Akinori Nakata","2026-05-09 06:15:26",0.77511,1,akinorinakata
7647,15906384,"Liran Zhou","2026-05-09 07:52:42",0.77511,4,ravenkeeper
7648,15906806,ilyak2009,"2026-05-09 07:38:30",0.77511,2,ilyak2009
7649,15907618,tkcxc777,"2026-05-09 08:05:49",0.77511,1,tkcxc777
7650,15907717,BrightDat,"2026-05-09 08:13:40",0.77511,1,brightdat
7651,15907978,"Luca Veh","2026-05-09 08:43:55",0.77511,1,lucaveh
7652,15908092,Dzambulat,"2026-05-12 13:10:59",0.77511,5,dzambulat
7653,14548899,"Haneen A","2026-05-09 09:05:29",0.77511,1,haneenabuhamra
7654,15908266,"Ishan Bala","2026-05-09 09:45:19",0.77511,2,ishanbala
7655,15908437,张青梨K,"2026-05-09 09:38:32",0.77511,1,koolar1
7656,15908462,gmxwg928,"2026-05-09 09:43:06",0.77511,1,gmxwg928
7657,15908579,"Abhiram T","2026-05-09 09:57:03",0.77511,1,abhiramae
7658,15908627,"hu man123456","2026-05-09 10:02:22",0.77511,1,human123456
7659,13533671,ZipHouse,"2026-05-09 10:51:16",0.77511,1,ziphouse
7660,15909554,"SARANSH Kaggle","2026-05-09 11:32:58",0.77511,1,saranshkaggle
7661,15909778,nichenyu,"2026-05-09 11:57:39",0.77511,1,nichenyuabcd
7662,15910245,"Omar Daw","2026-05-09 12:50:02",0.77511,1,omardaw000
7663,15910762,"Storozhev Dmitry","2026-05-09 13:48:25",0.77511,1,storozhevdmitry
7664,15910821,"Gao Zilin","2026-05-09 13:55:51",0.77511,1,gaozilin
7665,15910923,"Abdul Majeed Salman","2026-05-09 14:06:41",0.77511,1,abdulmajeedsalman
7666,15911115,"Nancy Patel #2","2026-05-09 14:25:34",0.77511,1,nancypatel04
7667,15911456,BLUESTARS123,"2026-05-09 15:05:31",0.77511,1,bluestars123
7668,11308714,hihihihlk,"2026-05-09 15:19:03",0.77511,2,hihihihlk
7669,15911581,Robioman2,"2026-05-09 15:19:00",0.77511,1,robioman2
7670,15911617,JereJD,"2026-05-09 15:24:50",0.77511,1,jerejd
7671,15912074,Gensh108,"2026-05-09 16:27:52",0.77511,1,gensh108
7672,15912113,"yuuki #3","2026-05-09 16:33:16",0.77511,1,yuukik4ggl3
7673,15912377,Dbskiy,"2026-05-09 17:06:50",0.77511,1,dmitriyberditskiy
7674,15912598,"Ulugbek Xalikov","2026-05-09 17:33:14",0.77511,1,ulugbekxalikov
7675,15913105,"Abdullah Al Mahmud Joy","2026-05-09 18:42:03",0.77511,1,abdullahalmahmudjoy
7676,15913241,"kristel santibañez","2026-05-09 19:01:32",0.77511,1,kristelsantibaez
7677,15913525,"Aidan Sardie","2026-05-09 19:50:02",0.77511,2,aidansardie
7678,15914077,"Dani Fernandez #2","2026-05-09 21:36:05",0.77511,1,danibraska
7679,15914196,"Nicola R","2026-05-09 22:15:31",0.77511,2,nicolardg
7680,15914262,EJCHOI_87,"2026-05-09 22:41:53",0.77511,1,ejchoi87
7681,15854148,"Kennedy Harris","2026-05-10 00:14:03",0.77511,5,krh0605
7682,15914552,Kazuma,"2026-05-10 00:14:03",0.77511,1,kazuma1729
7683,15914637,"Abdul Kamara","2026-05-10 00:40:22",0.77511,1,abdulkamara
7684,15914886,"Abdullah Kazimov #2","2026-05-10 02:07:27",0.77511,1,abdullahkazimov8
7685,15914928,skoth411,"2026-05-10 13:53:47",0.77511,6,skoth411
7686,15915137,"Ahmed ghareb","2026-05-10 03:11:21",0.77511,1,hamadagharep
7687,15915464,"Kenneth Newman","2026-05-10 04:19:06",0.77511,1,kennethnewman
7688,15915592,"Temitope Ariyo","2026-05-10 06:34:12",0.77511,4,temitopeariyo
7689,15915615,"Kazui Tamamura","2026-05-10 04:51:34",0.77511,1,kazuitamamura
7690,15915925,"Syama S Kumar","2026-05-10 05:49:55",0.77511,1,syamaskumar
7691,15916136,pause,"2026-05-10 08:24:41",0.77511,2,pause27
7692,15916176,wjy6666,"2026-05-10 06:31:26",0.77511,1,wjy6666
7693,15915121,"yyjj xx","2026-05-10 06:43:22",0.77511,2,yyjjxx11
7694,15854185,"Aiden Van Voorhees","2026-05-10 07:05:15",0.77511,5,aidenvanvoorhees
7695,15916776,"Nikhil Agarwal #2","2026-05-10 08:01:02",0.77511,2,bitslayer1805
7696,15917490,"Faturrahman Syarif","2026-05-10 09:38:09",0.77511,1,fatrahsya
7697,15028471,BlackCat,"2026-05-10 10:00:04",0.77511,1,b14ckc4tmr
7698,15917610,"Tom Fourbet","2026-05-10 10:17:35",0.77511,1,tomfourbet
7699,15917800,中田淳介,"2026-05-10 10:27:31",0.77511,1,nktjsk
7700,15917952,"Tshepang Bogatsu","2026-05-10 10:51:43",0.77511,1,tshepangbogatsu
7701,15914650,BZamanipour,"2026-05-10 11:31:04",0.77511,1,bzamanipour
7702,11070997,rosyano88,"2026-05-10 11:52:55",0.77511,1,rosyano88
7703,15918370,"om anand raval","2026-05-10 11:55:49",0.77511,1,omanandraval
7704,15918650,"Twilight Hu","2026-05-10 12:32:43",0.77511,1,twilighthu
7705,15918726,"d g d j ks s","2026-05-10 12:44:33",0.77511,1,dgdjkss
7706,15918227,"Lynn Pigott","2026-05-10 14:23:16",0.77511,10,lynnpigott
7707,15919129,Peacefullllllmind,"2026-05-10 13:34:29",0.77511,1,peacefullllllmind
7708,15919130,"Denis Mezhlumyan","2026-05-10 13:34:30",0.77511,1,denismezhlumyan
7709,15919331,Yihong54,"2026-05-10 13:57:34",0.77511,1,yihong54
7710,12893059,"Deep Faker2425","2026-05-10 14:50:07",0.77511,1,deepfaker2425
7711,15919955,Naaaav,"2026-05-10 15:05:55",0.77511,1,naaaav
7712,15920077,Naav0006,"2026-05-10 15:19:38",0.77511,1,naav0006
7713,15920143,naav000007,"2026-05-10 15:28:10",0.77511,1,naav000007
7714,15920205,naav000008,"2026-05-10 15:36:25",0.77511,1,naav000008
7715,15920275,naav00009,"2026-05-10 15:47:08",0.77511,1,naav00009
7716,15920307,"Calm Visuals Lab","2026-05-10 15:51:11",0.77511,1,calmvisualslab
7717,15920388,naav00010,"2026-05-10 15:59:16",0.77511,1,naav00010
7718,15920783,"Jacopo D'abundo","2026-05-10 17:07:23",0.77511,4,jacopodabundo
7719,15921044,"Dheeraj Borana","2026-05-10 17:32:32",0.77511,1,dheeraj4dheeraj
7720,15921249,"Bhargav Kodali","2026-05-11 15:35:05",0.77511,3,bhargavkodali
7721,15921224,"Santiago D. J. V. G.","2026-05-11 07:16:11",0.77511,18,seasthaalores
7722,15482942,"İlhan Taşkın","2026-05-10 19:24:10",0.77511,2,lhantakn
7723,15921772,AdrianoFerC,"2026-05-10 19:36:53",0.77511,1,adrianoferc
7724,15922059,"Alex Zdorovennov","2026-05-10 20:42:05",0.77511,1,alexzdorovennov
7725,13190941,"Michal Orawiec","2026-05-10 21:35:46",0.77511,1,michalorawiec
7726,15922292,"Martina #4","2026-05-10 21:51:36",0.77511,1,martz0022
7727,15922328,"Minjoo SEO","2026-05-10 22:06:43",0.77511,1,minjooseo
7728,15854157,"Matt Tang","2026-05-10 22:10:48",0.77511,6,matttttang
7729,15922511,jennpino,"2026-05-10 23:00:49",0.77511,1,jennpino
7730,15922534,"Haseem Ashraf","2026-05-10 23:15:13",0.77511,3,haseemashraf
7731,15922537,graphite87,"2026-05-10 23:10:23",0.77511,1,graphite87
7732,15918046,"Keitaro Ueki","2026-05-11 00:38:14",0.77511,2,keitaroueki
7733,15922768,"Jack Chen #3","2026-05-11 00:47:59",0.77511,4,criticalsrb
7734,15922798,hgxhxh,"2026-05-11 00:49:24",0.77511,1,hgxhxh
7735,15923021,supertensor,"2026-05-11 01:41:23",0.77511,1,supertensor
7736,15923105,你才是英雄,"2026-05-11 01:59:53",0.77511,1,youlixiangdecaiji55
7737,15854499,"Keiden Weakley","2026-05-11 03:57:56",0.77511,5,keidenweakley
7738,15923805,"Dmitrii Gluzdov","2026-05-11 04:15:13",0.77511,1,dmitriigluzdov
7739,15923837,Ichmae,"2026-05-11 04:22:25",0.77511,1,ichmae
7740,15923838,Mixaxiuu,"2026-05-11 04:22:49",0.77511,1,mixaxiuuu
7741,15854219,"Luca Arlotta Nansen","2026-05-11 04:40:00",0.77511,6,lucaarlottanansen
7742,15923946,Practicemachinelearning75,"2026-05-11 04:40:55",0.77511,1,machinelearning75
7743,15924118,hhh1112a,"2026-05-12 14:42:13",0.77511,2,hhh1112a
7744,15924187,SY2506115-刘郎,"2026-05-11 05:20:37",0.77511,1,langricardo
7745,15924469,RuinRuin,"2026-05-11 06:03:49",0.77511,1,ruinruin
7746,15924529,"Doniyor Norboyev","2026-05-11 06:22:17",0.77511,2,doniyornorboyev
7747,15924530,"Olimboyev Mirjalol","2026-05-11 06:48:01",0.77511,5,nurmuhzajohnn
7748,15656151,akaimi,"2026-05-11 06:51:09",0.77511,14,akaimi
7749,15924538,fjj12341,"2026-05-11 06:12:27",0.77511,1,fjj12341
7750,15854298,BOBcheeto,"2026-05-11 06:23:24",0.77511,5,bobcheeto
7751,15924698,"Berry Walker","2026-05-11 06:31:23",0.77511,1,berrywalker
7752,15924741,"Badriddin Raxmatov","2026-05-11 06:36:53",0.77511,1,badriddinraxmatov
7753,15924783,ltyinkwint,"2026-05-11 08:00:18",0.77511,3,ltyinkwint
7754,15925167,nck111,"2026-05-11 07:55:26",0.77511,3,nck111
7755,15925369,"Luo Xuxuan","2026-05-11 07:45:50",0.77511,1,luoxuxuan
7756,15925425,Pragathii,"2026-05-11 07:52:46",0.77511,1,pragathi39
7757,15925270,Suxrob_Poyonov,"2026-05-11 08:08:11",0.77511,6,suxrob004
7758,15925612,"Xalilov Shahriyor","2026-05-11 08:14:45",0.77511,2,xalilovshahriyor
7759,15925826,leco55443,"2026-05-11 08:34:14",0.77511,1,leco55443
7760,15925895,"Burak Can Özdemir","2026-05-11 08:43:35",0.77511,1,burakcanzdemir
7761,15925956,ecememre,"2026-05-11 08:51:09",0.77511,1,ecememre
7762,15925688,DuyguAlt,"2026-05-11 09:06:14",0.77511,3,duygualt
7763,15926982,"Kansai Robot","2026-05-11 10:50:03",0.77511,1,kansairobot
7764,15927031,"olivier one-u","2026-05-11 11:00:14",0.77511,1,olivieroneu
7765,15927057,SeronE,"2026-05-11 11:00:21",0.77511,1,serone
7766,15927471,"Hemant Nallamasa","2026-05-11 11:44:47",0.77511,1,hemantnallamasa
7767,15927526,"Celina Lutz","2026-05-11 11:48:15",0.77511,1,celinalutz
7768,15926228,"Fangfei Liu ","2026-05-11 11:55:32",0.77511,5,jessieeee111
7769,15928075,Puisoup,"2026-05-11 12:51:29",0.77511,1,puisoup
7770,15928143,WANG-DUST,"2026-05-11 12:58:28",0.77511,1,wangdust
7771,15928230,"Nathan Haim","2026-05-11 13:05:37",0.77511,1,nathanhaim
7772,15927993,"Semih Çalmuk","2026-05-11 13:08:31",0.77511,1,semihalmuk
7773,15928585,learner73,"2026-05-11 13:37:31",0.77511,1,learner73
7774,15928682,"Joshua K. Junker","2026-05-11 13:46:20",0.77511,1,joshuakjunker
7775,15928758,"Baijie Wang","2026-05-11 13:52:08",0.77511,1,baijiewang
7776,15928987,"Manuel Orlandi","2026-05-12 09:40:54",0.77511,3,morlandi
7777,15881076,"hwenwen z","2026-05-12 13:53:15",0.77511,6,hwenwenz
7778,15929368,"oussama el masri ","2026-05-11 14:58:48",0.77511,1,oussamaelmasri
7779,15929402,JayChou04,"2026-05-11 15:03:26",0.77511,1,jaychou04
7780,15929512,"Zuzanna Drewniak","2026-05-11 15:17:37",0.77511,1,zuzannadrewniak
7781,15929629,fangyyyin,"2026-05-11 15:33:02",0.77511,1,fangyyyin
7782,15929759,"Warren Sequeira","2026-05-11 15:48:30",0.77511,1,warrensequeira
7783,15929912,"Crystal Presley","2026-05-11 16:08:34",0.77511,1,crystalpresley
7784,15930440,"Kevin Kim #4","2026-05-11 17:22:09",0.77511,1,krnchingoo
7785,15930721,"Melchor Roque","2026-05-11 17:58:52",0.77511,1,melchorroque
7786,15930537,"S.Lakshmi kanthan","2026-05-11 18:07:48",0.77511,8,slakshmikanthan
7787,15931526,"Carlos Palomares 31","2026-05-11 20:34:19",0.77511,2,carlospalomares31
7788,15931661,Tinidian,"2026-05-11 21:07:12",0.77511,1,tinidian
7789,15932041,"Mab Yin","2026-05-11 23:00:39",0.77511,1,mabyin
7790,15932721,"Arvind Balaji","2026-05-12 00:32:41",0.77511,1,arvindbalajiethan
7791,7741126,"John Bedwell","2026-05-12 00:40:03",0.77511,1,johnbedwell
7792,14729537,"Winston Xiaoming Wu","2026-05-12 01:10:26",0.77511,1,winstonxiaomingwu
7793,15933433,haruto0539,"2026-05-12 02:57:49",0.77511,1,haruto0539
7794,15933511,cforozco,"2026-05-12 03:11:09",0.77511,1,cforozco
7795,15933541,pneumoz,"2026-05-12 03:17:07",0.77511,1,pneumoz
7796,15933815,"Trần Minh Khuê","2026-05-12 03:41:05",0.77511,1,trnmkhue
7797,15933857,qsgycjfz,"2026-05-12 03:47:25",0.77511,1,qsgycjfz
7798,15934097,keylight_leo86,"2026-05-12 04:11:22",0.77511,1,keylightleo86
7799,15934132,"Bhawanjali Ranathunga","2026-05-12 04:13:33",0.77511,1,bhawanjaliranathunga
7800,15893836,abekawa,"2026-05-12 04:21:44",0.77511,2,abekawa
7801,15934238,"Mohammed Owaish Tanwer","2026-05-12 04:31:30",0.77511,1,mohammedowaishtanwer
7802,15934246,Arif1012,"2026-05-12 04:32:42",0.77511,1,arif1012
7803,15934402,primuks23,"2026-05-12 04:54:37",0.77511,1,primuks23
7804,15894503,"Yuma Kaburagi","2026-05-12 05:08:58",0.77511,2,yumakaburagi
7805,15934727,"Bekjon Komilov","2026-05-12 05:12:45",0.77511,1,bekjonkomilov
7806,15934760,"Aiden #6","2026-05-12 05:25:02",0.77511,5,aiden42
7807,15934908,"Swapneel Bagchi Samya","2026-05-12 05:32:37",0.77511,1,swapneelbagchisamya
7808,15882359,"Kaede Konagaya","2026-05-12 06:13:16",0.77511,3,kaedekonagaya
7809,15935260,"Elias Likouras","2026-05-12 05:49:44",0.77511,1,eliaslikouras
7810,15935944,XiYueXingJi,"2026-05-12 06:59:13",0.77511,10,xiyuexingji
7811,15936017,RanMaxOscar,"2026-05-12 06:40:33",0.77511,1,ranmaxoscar
7812,15934278,添野太壱,"2026-05-12 07:25:04",0.77511,4,taisoech1
7813,14209272,"Kim seongyeom","2026-05-12 07:47:11",0.77511,1,kimseongyeom
7814,15936565,"Caitlin Muckle","2026-05-12 07:48:34",0.77511,1,caitlinmuckle
7815,15936701,下井舜也,"2026-05-12 08:05:43",0.77511,1,bambi43
7816,15936859,NicolasMLI,"2026-05-12 08:29:25",0.77511,2,nicolasmli
7817,15937105,"David Rommelspacher","2026-05-12 09:01:07",0.77511,1,drommelsp
7818,15937283,"Jack ACCAT","2026-05-12 09:22:58",0.77511,1,jackaccat
7819,15937312,Hotaru_39,"2026-05-12 09:27:33",0.77511,1,hotaru39
7820,15937515,Dead_cr7_fan,"2026-05-12 09:55:42",0.77511,1,deadcr7fan
7821,15937617,Vipulkg30,"2026-05-12 10:10:32",0.77511,1,vipulkg30
7822,15937788,"Tyler Barkley","2026-05-12 10:38:18",0.77511,1,tylerbarkley34
7823,15937866,"Marius Magda","2026-05-12 10:49:54",0.77511,1,mariusmagda
7824,15938000,"Keyur Shah #3","2026-05-12 11:09:21",0.77511,1,keyurshah356
7825,15938252,sa-yo2026,"2026-05-12 11:46:40",0.77511,1,sayo2026
7826,15938550,Habiburrahman,"2026-05-12 12:24:31",0.77511,1,mhabbatain
7827,15938714,"Mehmet Efe Çalışkan","2026-05-12 12:48:07",0.77511,1,mehmetefealkan
7828,15938827,"Kobe Coleman","2026-05-12 13:00:34",0.77511,1,kobecoleman47
7829,15938830,marute,"2026-05-12 13:01:07",0.77511,1,marute
7830,15938859,"Kristen Fulton","2026-05-12 13:04:56",0.77511,1,kristenfulton
7831,15938983,kenichisuke,"2026-05-12 13:14:11",0.77511,1,kenichisuke
7832,15939160,"Anna Kulagina","2026-05-12 14:10:17",0.77511,2,kulagina
7833,15939233,"Mizuki Nakai","2026-05-12 13:42:32",0.77511,1,mizukinakaizuuu
7834,15939693,"Trung Nghia Hoang","2026-05-12 14:30:15",0.77511,1,nghiahoang29
7835,15317368,"Lara Pompei","2026-03-20 16:42:47",0.77272,18,laratpompei
7836,15398182,"Sajid Khan #3","2026-03-13 16:06:46",0.77272,3,sajidkhananz
7837,15399247,"Василий Шапчиц","2026-03-13 20:26:08",0.77272,1,vasiliy52
7838,15399644,"Rayssa Santos","2026-03-14 22:23:39",0.77272,3,rayssasnt
7839,15336066,"Tawhidul Hasan","2026-03-14 02:30:00",0.77272,1,tawhidulhasan401
7840,15388437,"shikai li","2026-03-14 05:28:53",0.77272,7,maxth333
7841,15401373,"HY Cheng","2026-03-14 08:39:09",0.77272,1,chycheng1203
7842,15402103,一只随波逐流的猪,"2026-03-14 10:36:21",0.77272,1,nlappp
7843,15398458,"Mark McClure","2026-03-15 13:20:13",0.77272,14,mcmcclur
7844,15364443,"Ashley Gutang","2026-03-14 13:31:35",0.77272,10,ashleygutang
7845,15390933,"Ale Aadithya","2026-03-14 13:10:51",0.77272,1,aleaadithya
7846,15402827,"Nicole Shandy Cortez","2026-03-14 13:51:51",0.77272,10,shandidnahs
7847,15400022,"Sharon Meneses","2026-03-14 14:08:25",0.77272,6,sharonmeneses
7848,15403270,EbanReyes,"2026-03-14 15:50:49",0.77272,6,ebanreyes
7849,15403521,"Alzter Aquino","2026-03-14 16:40:11",0.77272,1,alzteraquino
7850,15403458,mkdsps,"2026-03-14 16:54:51",0.77272,6,mkdsps
7851,15403889,"Darshan Pawar #2","2026-03-14 18:20:12",0.77272,1,pawardn
7852,15366451,"Daniel Landusa","2026-04-10 15:34:26",0.77272,8,daniellandusa
7853,15405371,TUO039,"2026-03-15 08:24:20",0.77272,2,tuo039
7854,15405953,"Canglong Yu","2026-03-15 09:17:06",0.77272,2,lytysygm
7855,15391193,AlcoholCat,"2026-03-17 14:24:36",0.77272,3,alcoholcat
7856,15149888,"[Deleted] c65294eb-a739-4d34-b928-3a8ee97341e9","2026-03-15 10:09:52",0.77272,1,del=ac485e89a41902fe
7857,15276383,LauraGBES,"2026-03-29 14:51:52",0.77272,2,lauragbes
7858,15406620,"Niklas Knobel","2026-03-15 11:20:00",0.77272,1,niklasknobel
7859,15407690,"Julia Kurrr","2026-03-15 14:45:46",0.77272,1,yameteshka
7860,15407777,"Marlon #4","2026-03-20 21:31:36",0.77272,17,vxtnvk
7861,15403898,"Roy Arad5","2026-03-15 18:58:01",0.77272,3,royarad5
7862,15409050,"Temesgen Birhenu","2026-03-15 20:05:31",0.77272,3,temlight
7863,15403998,Pree,"2026-03-20 18:50:30",0.77272,12,preethamparthiban
7864,15366088,"Gustavo Dib","2026-03-16 00:09:41",0.77272,1,gustavodib
7865,15410741,2252878,"2026-03-16 03:53:03",0.77272,2,xuehua111
7866,15411516,2252891杨可欣,"2026-03-16 07:08:00",0.77272,1,ykxhha
7867,15411601,"cheng shiqing","2026-03-16 07:34:56",0.77272,2,chengshiqing
7868,15411955,刘昊_2252945,"2026-03-16 08:32:52",0.77272,1,liuhao11
7869,15412236,zhangxiaodie,"2026-03-16 09:06:16",0.77272,1,zhangxiaodie
7870,15399468,BKA2026,"2026-03-16 09:37:14",0.77272,3,bka2026
7871,15413495,ssaikk3,"2026-03-16 12:50:07",0.77272,1,ssaikk3
7872,15318184,"Masahiro M JP","2026-03-20 14:55:48",0.77272,6,masahiromjp
7873,15413850,Sitingfake,"2026-03-19 16:05:45",0.77272,16,sitingfake
7874,15414539,"Jesser Lm","2026-03-16 20:11:04",0.77272,6,jesserlm
7875,15415573,"Віталій Пудловський","2026-03-17 18:08:55",0.77272,11,vitaliypu
7876,15415683,ALANAXISZ,"2026-03-16 21:34:10",0.77272,8,alanaxisz
7877,15021376,Vent0_0,"2026-03-17 03:42:42",0.77272,1,vent00
7878,15418495,El.A.043,"2026-03-17 07:26:26",0.77272,2,ela043
7879,15419455,jaychouya、,"2026-03-17 08:50:40",0.77272,3,jaychouya
7880,15419477,"Hassan Ali #6","2026-03-17 08:42:16",0.77272,1,hassanali789
7881,15419603,yahaozhang123,"2026-03-17 09:00:21",0.77272,1,yahaozhang123
7882,15419977,catcao-2253065,"2026-03-17 09:58:19",0.77272,1,catcao
7883,15419859,limiaoyuuu,"2026-03-17 10:31:09",0.77272,3,limiaoyuuu
7884,15333876,Chennz,"2026-03-24 12:54:57",0.77272,5,chennz2
7885,15420539,"AMOGH NAGARAJ PETKAR","2026-03-17 11:31:11",0.77272,1,amoghnagarajpetkar
7886,15418443,Belindaaaabelinda,"2026-03-17 12:36:29",0.77272,9,belindaaaabelinda
7887,15420878,Fanxiaotong,"2026-03-17 12:10:24",0.77272,1,fanxiaotong
7888,15421179,"Poon Yin Cheung","2026-03-17 14:01:55",0.77272,2,elliottpoon
7889,15422101,"Hebe Siu","2026-03-17 14:57:59",0.77272,1,hebesiu
7890,15422143,"Aravinda SV","2026-03-17 16:54:45",0.77272,2,aravindasv
7891,15424330,DeepanshuSharma167,"2026-03-17 19:02:02",0.77272,1,deepanshusharma167
7892,15424451,MegaGuyRy,"2026-03-17 19:19:21",0.77272,2,megaguyry
7893,15425365,"Гордієнко Олександр Васильович","2026-03-17 21:02:12",0.77272,1,hordiienkooleksandr
7894,12264730,"Sogo Matsubara","2026-03-17 21:58:56",0.77272,4,sogomatsubara
7895,15393901,"Joshua McConkie","2026-03-17 22:45:25",0.77272,2,joshuamcconkie
7896,15412455,ChengTianshi258,"2026-03-18 03:37:17",0.77272,6,chengtianshi258
7897,15428815,AlexKashi,"2026-03-18 06:25:54",0.77272,1,zates24c
7898,15428976,1259199,"2026-03-18 06:49:41",0.77272,1,deng1007
7899,13018149,yinjiarong,"2026-03-18 06:55:49",0.77272,2,yinjiarong
7900,15429051,"fd dkfhs dj ds sas","2026-03-18 07:02:33",0.77272,1,fddkfhsdjdssas
7901,15418936,minorihon,"2026-03-18 07:26:51",0.77272,4,minorihon
7902,15429703,"HUY PHẠM TRƯƠNG ANH","2026-03-18 08:47:01",0.77272,2,huyphmtrnganh
7903,15370452,"Muhammed Yusuf #2","2026-03-18 15:39:14",0.77272,5,mysaglam
7904,15435030,"Arvind Swami","2026-03-18 20:57:25",0.77272,2,arvindswami
7905,15386344,"Maria Andrea Martin","2026-03-19 02:53:41",0.77272,4,mariaandreamartin
7906,15439315,yunkh4,"2026-03-19 07:05:13",0.77272,2,yunkh4
7907,15440418,Undefined-ux,"2026-03-19 09:41:36",0.77272,1,undefinedux
7908,15440980,"YAN QI","2026-03-19 11:21:11",0.77272,1,pop2004
7909,15441095,Miruto,"2026-03-20 13:21:42",0.77272,13,miruto
7910,15441433,a133111313,"2026-03-19 12:44:59",0.77272,1,a133111313
7911,15444035,"Tess Buijs","2026-03-19 18:47:41",0.77272,1,tessbuijs
7912,15444107,"Ярослава Ляхова","2026-03-19 18:59:44",0.77272,1,qwoabich
7913,15444322,ArtemZJ,"2026-03-19 20:27:45",0.77272,10,artemzj
7914,15347808,"Alejandro Simón","2026-03-19 20:12:15",0.77272,4,alejandrosa0
7915,15444503,"Amalia Imishova","2026-03-19 20:21:33",0.77272,1,amaliaimishova
7916,15444533,"Данил Хазигалиев","2026-03-19 20:29:36",0.77272,1,khzglv
7917,15240389,"Theryn Pelletier","2026-03-19 22:36:56",0.77272,5,therynpelletier
7918,15445476,dkkim0923,"2026-03-20 00:58:19",0.77272,1,dkkim0923
7919,15445478,lmghlmgh,"2026-03-20 00:58:39",0.77272,1,lmghlmgh
7920,15445515,"kim dae hyun","2026-03-20 01:07:15",0.77272,2,kdhyun2817
7921,15445991,kashkalra,"2026-03-20 03:19:20",0.77272,1,kashkalra
7922,15447794,IonDreglea14,"2026-03-20 08:45:51",0.77272,1,iondreglea14
7923,15449492,h3J9PPYrng28ELi,"2026-03-20 13:12:24",0.77272,10,h3j9ppyrng28eli
7924,15228255,YAJU&U114514,"2026-03-20 14:17:26",0.77272,3,yajuu114514
7925,15452213,ayushkumargautam,"2026-03-21 09:11:48",0.77272,3,yogeshapn
7926,15453223,dimgus,"2026-03-20 19:48:51",0.77272,2,dimgus
7927,15453499,"Roman Manchenko","2026-03-21 07:07:52",0.77272,3,romanmanchenko
7928,15454749,SolaceLon,"2026-03-21 04:55:28",0.77272,1,solacelon
7929,15454828,"dalu qin","2026-03-21 05:25:21",0.77272,2,daluqin
7930,15455534,"Aldrin Salazar","2026-03-21 17:22:36",0.77272,4,aldrinsalazar
7931,15455683,zhanglu2048,"2026-03-21 08:57:58",0.77272,3,zhanglu2048
7932,15182114,"Han Yuheng","2026-03-21 09:02:29",0.77272,4,hanyuheng
7933,15455891,andruwka0,"2026-03-21 09:34:07",0.77272,1,andruwka0
7934,15429416,"Yasui Shion","2026-03-21 11:06:57",0.77272,9,yasuishion
7935,8381915,caughc0,"2026-03-24 17:19:12",0.77272,10,caughc0
7936,15361713,Yidannadiy,"2026-03-21 19:39:22",0.77272,4,yidannadiy
7937,15461086,"John B #4","2026-03-22 06:11:55",0.77272,1,johnbar20
7938,15461595,DDR123,"2026-03-22 07:20:16",0.77272,1,ddr123
7939,15244236,Keisuke_kaggle,"2026-03-27 08:30:41",0.77272,7,keisukekaggle
7940,15463013,"Sebastian #19","2026-03-22 10:41:13",0.77272,1,messeb
7941,10781109,hota39,"2026-03-22 11:44:24",0.77272,1,hota39
7942,11932603,LucasSCosta,"2026-04-12 23:53:15",0.77272,2,lucasscosta
7943,15464784,"Евстигнева Цар","2026-03-22 19:16:00",0.77272,2,evstigneva
7944,15465462,"Tanner Holmberg","2026-04-16 18:13:42",0.77272,12,tannerholmberg
7945,15465537,DangVo05,"2026-03-22 19:15:43",0.77272,2,dangvo05
7946,15466307,thswkgns,"2026-03-23 00:52:16",0.77272,5,thswkgns
7947,15468335,"iamak anish","2026-03-23 08:20:12",0.77272,3,iamakanish
7948,15469495,"Jessica Fidela","2026-03-23 10:54:12",0.77272,1,jessicafidela
7949,14303068,"Kento Arakawa","2026-04-13 13:04:11",0.77272,5,kentoarakawa
7950,15470699,TT-AIXion,"2026-03-23 13:45:00",0.77272,1,ttaixion
7951,15465957,Iamnotaproggramer,"2026-03-23 14:10:19",0.77272,6,iamnotaproggramer
7952,15471095,yun37218,"2026-03-23 14:27:55",0.77272,1,yunyi213
7953,15464139,"yuan #8","2026-03-23 15:01:52",0.77272,2,minyuan66678
7954,15468714,Lixrixy,"2026-03-26 15:22:20",0.77272,7,lixrixy
7955,15472594,Kanchan,"2026-03-23 17:54:54",0.77272,3,kanchansingh0812
7956,1883971,"Sawicki Piotr","2026-03-23 18:09:36",0.77272,1,sawickipiotr
7957,15474955,"Max FPM","2026-03-24 01:46:03",0.77272,5,maxfpm
7958,14530613,Wittzy,"2026-03-24 01:59:56",0.77272,2,wittzy
7959,15240386,"Vicky Stepien","2026-03-24 04:01:42",0.77272,5,vickystepien
7960,15475209,crozieyyyy,"2026-03-24 04:33:54",0.77272,2,crozieyyyy
7961,15476379,"Бондар Віктор Васильович","2026-03-24 06:29:58",0.77272,1,dedoutsid3
7962,15478923,"Guilherme Lopes #3","2026-03-24 14:05:31",0.77272,3,oguilhermelopes
7963,15357957,"youchao yang","2026-03-24 14:32:57",0.77272,3,youchaoyang
7964,3849256,"Vivek Nikam","2026-04-23 05:29:09",0.77272,2,viveknikam1
7965,15479871,"Marco La Vecchia","2026-03-24 17:31:17",0.77272,3,marcolavecchia
7966,11704374,"Javi Caneda","2026-04-19 20:20:55",0.77272,5,javicaneda
7967,15481094,"Muhammed Mustafa KAPICI","2026-03-24 23:27:34",0.77272,3,mustafakapici
7968,15481475,"Arhan Kaul","2026-03-25 06:01:18",0.77272,2,arhankaul
7969,15482522,parmar_204,"2026-03-27 05:41:51",0.77272,4,parmar204
7970,15483378,alphabet-soup-16,"2026-03-25 11:41:32",0.77272,5,alphabetsoup16
7971,15485187,"Alphiya Kazi","2026-03-27 11:16:46",0.77272,6,alphiyaakazi
7972,15485516,"Yash Joshi #2","2026-03-27 14:30:51",0.77272,2,prathmeshjoshi1
7973,15488026,khalifa444,"2026-03-25 21:56:04",0.77272,1,khalifa444
7974,15492035,"Pinkal Pawar","2026-03-30 12:27:30",0.77272,2,pinkalpawar
7975,15492987,"Ömer Faruk Bal","2026-03-26 08:43:47",0.77272,3,omerfarukbal11
7976,15493718,"Pragati Arya","2026-04-08 07:57:04",0.77272,14,pragatiarya
7977,15491841,MollyPan,"2026-03-26 11:39:50",0.77272,7,molly9525
7978,15494617,A_AANYAA_A,"2026-03-26 17:17:05",0.77272,3,aanyaa999
7979,15495043," UOM_230356C","2026-03-26 13:23:54",0.77272,1,uom230356c
7980,15494984,g.totkanli,"2026-03-26 13:44:30",0.77272,3,gtotkanli
7981,15495797,"Mariam Kokozashvili","2026-03-26 15:24:33",0.77272,1,mariamkokozashvili
7982,15497708,"Biswajit Nag","2026-03-27 17:42:23",0.77272,3,biswajitnagmath
7983,15497978,"Gor Arutiunian","2026-03-26 22:58:29",0.77272,2,gorarutiunian
7984,15278812,Montserrat99,"2026-03-27 01:09:00",0.77272,4,montserrat99
7985,15482381,Sunny0830,"2026-03-27 08:11:32",0.77272,3,sunny0830
7986,15500941,"NIKUNJ SORATHIYA","2026-03-27 09:54:15",0.77272,3,nikunjsorathiya
7987,15393013,"Pyhton - Nath","2026-03-27 11:40:31",0.77272,2,pyhtonnath
7988,15503997,"said yassin Traore","2026-03-27 19:57:28",0.77272,6,saidyassintraore
7989,4125540,"Yuri #2","2026-04-20 04:18:23",0.77272,6,lbsbmsu
7990,15505303,"Cheng Shen","2026-03-30 03:52:13",0.77272,15,chengshen998
7991,15281225,"adrian arrechea","2026-03-28 13:06:05",0.77272,13,adrianarrechea
7992,15508256,"Владислав Мурник","2026-03-28 15:47:51",0.77272,2,adik23twhrs
7993,15509994,J.R.Shu,"2026-03-29 02:05:47",0.77272,1,shujiaran
7994,15510074,lizimememe,"2026-03-29 03:04:11",0.77272,2,lizimememe
7995,15510166,"Spencer Zezulka","2026-03-29 03:24:03",0.77272,1,spencerzezulka
7996,15510349,"Munna Kumar #2","2026-03-29 04:28:22",0.77272,1,munnakumar32990
7997,15511070,qiuyeA,"2026-03-29 08:00:51",0.77272,2,qiuyea
7998,15512535,"dharshan james","2026-03-29 12:59:47",0.77272,1,dharshanjames
7999,15512545,NHNVHGKJ,"2026-03-29 13:03:07",0.77272,1,nhnvhgkj
8000,15508231,Ruiio_,"2026-03-30 15:29:24",0.77272,9,ruiioveni
8001,13773051,野川日路,"2026-03-29 14:42:56",0.77272,7,rohigano55
8002,15513951,"Valentín Turri","2026-03-29 17:59:14",0.77272,1,martensita
8003,15369715,"Robert Tausig","2026-03-29 21:17:16",0.77272,1,roberttausig
8004,15350278,Izr3l,"2026-03-29 23:06:35",0.77272,2,iizr3l
8005,15516955,hhww4953,"2026-03-30 08:50:46",0.77272,2,hhww4953
8006,15490548,yutoyuto,"2026-04-02 01:34:08",0.77272,10,yutokn
8007,15516443,Aaditya_Kothari03,"2026-03-30 09:45:49",0.77272,4,aadityakothari03
8008,15517840,"Dhiraj Jewalikar","2026-03-30 12:07:58",0.77272,2,dhirajjewalikar
8009,15511912,"Takumi Yajima","2026-04-01 13:36:05",0.77272,6,takumiyajima
8010,15384104,"Arhan Gezer","2026-03-30 17:09:45",0.77272,1,arhangezer
8011,15521773,"Renzo Felipe Trinidad de la Puente","2026-03-31 02:22:31",0.77272,1,renzofelipetrinidad
8012,15521121,DoKs,"2026-03-31 13:28:14",0.77272,9,kdssdk
8013,13227927,"Hirotaka Iwasawa","2026-03-31 12:32:14",0.77272,1,hirotakaiwasawa
8014,15525981,"Miguel #12","2026-03-31 17:39:02",0.77272,4,enten7
8015,14997880,"Honda Motomasa","2026-05-10 03:37:14",0.77272,14,hondamotomasa
8016,15527942,"tangzhexuan usst","2026-04-01 03:28:35",0.77272,1,tangzhexuanusst
8017,15531047,Davest23,"2026-04-01 13:20:12",0.77272,1,davest23
8018,15531587,"berat kaçar","2026-04-01 14:58:02",0.77272,1,beratkaar
8019,15531606,wjchao666,"2026-04-01 15:02:48",0.77272,1,wjchao666
8020,6684670,Yuanhui,"2026-04-01 17:02:08",0.77272,1,qiuqiuqiuliu
8021,15533349,"kamal sabri","2026-04-01 20:17:05",0.77272,1,kamalsabri
8022,15533905,bprast,"2026-04-01 22:52:38",0.77272,1,bprast
8023,15527716,momiji_free,"2026-04-03 02:41:06",0.77272,9,momijifree
8024,15535442,yanghongfei12,"2026-04-10 03:04:21",0.77272,6,yanghongfei12
8025,15523370,"Ahnaf Mubassir Aidid","2026-04-02 06:09:54",0.77272,5,ahnafmubassiraidid
8026,15527439,kumaken09,"2026-04-02 07:43:27",0.77272,4,kumaken09
8027,15524012,MillicentXu,"2026-04-02 09:48:30",0.77272,12,millicentxu
8028,15539317,Recreate,"2026-04-02 14:03:24",0.77272,1,recreate
8029,15540694,"Anshu Anand","2026-04-02 18:47:46",0.77272,2,anshuanand263
8030,15542997,cyx0731,"2026-04-10 01:19:18",0.77272,2,cyx0731
8031,15543425,"Leandro Angelo Trinidad","2026-04-03 14:36:40",0.77272,3,engr10leandroit
8032,15315610,"Phương An Trần","2026-04-03 09:22:45",0.77272,1,phngantrn
8033,15547422,"Cassandre lamouroux","2026-04-03 12:53:18",0.77272,1,cassandrelamouroux
8034,15547465,ndniix,"2026-04-03 12:58:41",0.77272,1,ndniiix
8035,15547587,"Hugo BALQUET","2026-04-03 13:09:14",0.77272,1,hugobalquet
8036,15548526,JJKKZJ,"2026-04-03 14:57:09",0.77272,1,jjkkzj
8037,15548421,"Eddy Biscay","2026-04-03 14:59:32",0.77272,1,eddybiscayy
8038,15548639,na24,"2026-04-03 15:11:42",0.77272,2,azharm24
8039,15548693,"Anson Tuscano","2026-04-03 15:15:11",0.77272,1,ansontuscano
8040,15549934,Anshh1010,"2026-04-03 18:11:01",0.77272,1,anshh1010
8041,15550326,AsylkhanABBN,"2026-04-11 18:59:11",0.77272,3,asylkhanabbn
8042,15551951,"Noel Jr Corteza","2026-04-04 05:03:02",0.77272,2,noeljrcorteza
8043,15552912,Mrunal117253,"2026-04-04 07:52:17",0.77272,2,mrunal117253
8044,15553786,"Joseph Flash","2026-04-04 10:46:13",0.77272,1,josephflash
8045,15557011,HKSRANA,"2026-04-20 01:57:55",0.77272,6,hksrana
8046,15559237,"Priyanshu Sondawale","2026-04-05 17:25:34",0.77272,3,priyanshusondawale
8047,15560417,"Duvan Conrado","2026-04-05 17:09:25",0.77272,2,duvanconrado
8048,15561356,Saurav130,"2026-05-01 21:01:33",0.77272,3,saurav130
8049,15561862,"Christianleo Agbogah","2026-04-06 00:43:38",0.77272,1,christianleoagbogah
8050,15563695,"abhiii malyala","2026-04-06 08:04:27",0.77272,10,abhiiimalyala
8051,15564146,"Sakindu Adikari","2026-04-06 09:34:50",0.77272,1,sakinduadikari
8052,12194369,"Onesinus Tamba","2026-04-06 10:12:41",0.77272,1,onesinustamba
8053,15564328,"Peter Johansson #2","2026-04-06 10:17:26",0.77272,1,jerkerai
8054,15567099,HenrirSantos,"2026-04-06 19:52:57",0.77272,1,henrirsantos
8055,14185988,chenbenshen,"2026-04-07 09:13:53",0.77272,2,chenbenshen
8056,15569324,IEEM26_112034002,"2026-04-07 11:18:20",0.77272,10,crazyjosh123
8057,15569993,IEEM26_111034012,"2026-04-07 12:37:09",0.77272,10,a111034012
8058,15571420,"Carlos Valderrama","2026-04-07 13:46:46",0.77272,1,karuloos
8059,15571353,"Juwon Moon","2026-04-07 14:21:45",0.77272,7,juwonmoon21
8060,15571651,112034010_陳品妤,"2026-04-07 15:38:59",0.77272,10,ieem26112034010
8061,15572000,IEEM26_111030038,"2026-04-07 15:54:01",0.77272,9,jameschen1205
8062,15572168,"meeee1 #2","2026-04-07 15:42:33",0.77272,1,meeee1
8063,15572484,minmiwn,"2026-04-07 16:50:02",0.77272,1,minmiwn
8064,11193233,bigadam,"2026-04-07 21:22:21",0.77272,8,bigadam
8065,15573959,"Asif Alam","2026-05-06 01:18:54",0.77272,5,asif0799
8066,11355921,"Yeo Su Yeon","2026-04-08 02:48:06",0.77272,1,yeosuyeon
8067,15574386,Beliver,"2026-04-08 04:22:38",0.77272,2,rashedulislam011
8068,15576133,[광주_5반_최은창],"2026-04-08 08:36:48",0.77272,3,choieunchang
8069,13725712,TjHuang,"2026-04-08 11:32:27",0.77272,8,tjhuang
8070,15382018,"SANCHI SHARMA","2026-04-08 11:59:50",0.77272,1,codex5843
8071,15462249,pythonyxy2026,"2026-04-08 12:55:37",0.77272,4,pythonyxy2026
8072,15580334,Jiewan3242,"2026-04-09 00:43:03",0.77272,1,jiewan3242
8073,15582397,"li l00000","2026-04-09 07:18:23",0.77272,7,lil00000
8074,15582095,kai0526,"2026-04-20 05:21:24",0.77272,2,kai0526
8075,15568115,"Tanzeem Rahman","2026-04-09 08:45:29",0.77272,2,tanzeemrahman
8076,14248175,"KUSAM KOMAL VISHNU VENKATA REDDY","2026-04-09 09:04:30",0.77272,1,komalreddy14
8077,15584009,"Hiroki Nogami","2026-04-09 12:00:11",0.77272,1,hirokinogami
8078,15581397,"zhenP R","2026-04-09 15:21:00",0.77272,4,zhenpr
8079,15586150,Yusuf.afandy,"2026-04-10 18:56:17",0.77272,2,yusufafandy
8080,15587463,"Felipe Ramirez Franco","2026-04-14 10:40:06",0.77272,2,feliperamirezfranco
8081,15588323,shomin,"2026-04-10 12:14:11",0.77272,4,shomin
8082,15575678,mskzuk,"2026-04-10 09:20:57",0.77272,4,koyoukai
8083,15590131,"Daniil Ivashevich","2026-04-10 11:36:58",0.77272,1,minokinad
8084,15263661,"MOHAMMED EL BARKANY","2026-04-10 17:37:56",0.77272,2,mohammedelbarkany
8085,15595066,"Krithika Paremeswaran","2026-04-11 06:36:44",0.77272,2,krithikaparemeswaran
8086,15594583,"Jack Klusmann","2026-04-11 07:01:54",0.77272,2,jackklusmann
8087,15594086,lvqihao,"2026-04-11 09:38:38",0.77272,5,lvqihao
8088,7758454,yuyujantos,"2026-04-11 13:24:43",0.77272,9,yuyujantos
8089,15600645,YIPAnnie,"2026-04-12 05:28:21",0.77272,1,yipannie
8090,15506618,TXCQ,"2026-04-15 09:27:42",0.77272,9,zxttjycq
8091,15602893,"Ivan Zelenskiy","2026-04-12 13:32:29",0.77272,4,ivanzelenskiy
8092,15235234,"Veselin Lazić","2026-04-12 17:47:45",0.77272,1,veselinlazi
8093,15605155,"Mohamed Marrouki","2026-04-13 15:33:16",0.77272,9,mohamedmarrouki
8094,15581012,"Lance #7","2026-04-13 00:57:56",0.77272,3,meteorfate
8095,15606522,"Harinath Gurram","2026-04-13 04:22:18",0.77272,1,harinathgurram
8096,15605431,"Olena Datta","2026-04-13 04:37:27",0.77272,3,olenadatta
8097,15607372,"Priti Nathawat","2026-04-13 07:20:44",0.77272,1,pritinathawat
8098,15598974,Nikolaos_Nikolaidis_02,"2026-04-17 18:20:08",0.77272,15,nikolaosnikolaidis02
8099,15608091,aruaruarua20261111,"2026-04-13 09:49:40",0.77272,1,aruaruarua20261111
8100,15608941,"Lê Đình Triệu Vĩ","2026-04-13 12:39:43",0.77272,1,lnhtriuv
8101,15608960,"leonardo buitrago","2026-04-13 13:14:56",0.77272,1,leonardobrz
8102,1743943,ChhotooGhadge,"2026-04-13 17:08:11",0.77272,3,ghadgech
8103,15611337,Ferioan,"2026-04-13 20:24:33",0.77272,1,ferioan
8104,15614917,"Samer Mohamed Anis","2026-04-14 12:01:46",0.77272,6,samermohamedanis
8105,15615200,"Yifan Liu #4","2026-04-14 11:29:58",0.77272,1,elvaliuyifan
8106,15615922,M000rta1,"2026-04-14 13:39:13",0.77272,1,m000rta1
8107,13558146,wingh2,"2026-04-14 13:57:53",0.77272,4,wingh2
8108,15616366,"Joao Sousa Siqueira","2026-04-14 16:05:36",0.77272,10,joaosousasiqueira
8109,15617323,"The Seven Deadly Sines","2026-04-18 11:56:12",0.77272,2,mokshithajalade
8110,15617823,Josely8,"2026-04-14 20:56:11",0.77272,2,josely8
8111,15618665,"Dave Addison_0","2026-04-15 02:23:22",0.77272,1,daveaddison0
8112,15619594,"Наранчимэг Эрдэнэбаатар","2026-04-15 06:33:06",0.77272,2,erkabn
8113,208707,jshivers,"2026-04-15 17:00:20",0.77272,10,jshivers
8114,15623574,西__川,"2026-04-15 18:05:02",0.77272,2,xichuanyl
8115,15623841,"Hassan Masoud1","2026-04-15 18:12:39",0.77272,1,hassanmasoud1
8116,15623815,"Sofiya Skripka","2026-04-16 09:21:58",0.77272,12,sofiyaskripka
8117,15624048,xpulso,"2026-04-15 19:09:21",0.77272,1,xpulso
8118,15623989,Anky_Myhul,"2026-04-15 19:21:32",0.77272,2,ankymyhul
8119,15624231,"Nevvan Achuthanand V H ","2026-04-15 20:11:39",0.77272,1,nevvanachuthanandvh
8120,13395842,"Kirtan Patidar","2026-04-15 20:33:57",0.77272,2,kirtan708
8121,15626262,"Dave Ingle","2026-04-16 02:13:11",0.77272,1,daveingle
8122,15626059,"Nicky Stump","2026-04-16 02:48:01",0.77272,10,nickystump
8123,15626637,"Nicholas Stumpington","2026-04-16 03:31:24",0.77272,4,nicholasstumpington
8124,15627449,"Kenshin Shinozaki","2026-04-16 05:33:20",0.77272,10,kenshinshinozaki
8125,15627407,"Kyle Reid","2026-04-16 05:48:48",0.77272,5,kylereid101
8126,15628336,"Андрей Савельев","2026-04-16 15:36:01",0.77272,4,quatlify
8127,15516691,lcynxx,"2026-04-16 09:40:09",0.77272,5,lcynxx
8128,15631824,"luis jaco","2026-04-16 14:52:55",0.77272,1,luisjaco
8129,15632205,"Nguyễn Anh Vũ","2026-04-16 15:45:14",0.77272,1,avkdbynav
8130,15632359,"SABARISH R 1999","2026-04-16 16:06:53",0.77272,1,sabarishr1999
8131,15634870,Proventure.co,"2026-04-19 23:55:22",0.77272,18,proventureco
8132,15635202,"Y Ho","2026-04-18 23:05:42",0.77272,6,yho1234
8133,15635928,zyunzhen,"2026-04-17 06:55:10",0.77272,4,b11323027
8134,15622589,"Hibiki Tashiro","2026-04-17 07:38:20",0.77272,4,hibikitashiro
8135,15639514,"Sayed Khaled","2026-04-20 23:13:37",0.77272,17,sayedkhaled2000
8136,15639518,"Ahmad Selo","2026-04-17 17:07:30",0.77272,5,c0ncats
8137,15639812,"Gor Sargsyan","2026-04-17 17:30:12",0.77272,5,gorsargsyan7890
8138,2460331,msotop,"2026-04-18 15:17:11",0.77272,3,msotop
8139,15636480,"Oleksandr Shymkiv","2026-04-18 08:31:12",0.77272,13,oleksandrshymkiv
8140,15644697,max.scott3,"2026-04-18 10:06:37",0.77272,1,maxscott3
8141,15644709,Patryk.Ra,"2026-04-18 10:48:51",0.77272,2,patrykra
8142,15644930,"Kamil Raj","2026-04-18 10:50:05",0.77272,2,kamilraj
8143,15644683,"Joanna Krokowska","2026-04-18 10:50:41",0.77272,2,joannakrokowska
8144,15644318,kfssksks,"2026-04-19 16:21:03",0.77272,11,kldlfgkjdflh
8145,15639424,nana53,"2026-04-25 20:24:42",0.77272,10,nana53
8146,15650149,"Yoosuf Ahamed","2026-04-19 07:26:52",0.77272,1,yoosufahamed
8147,15650728,"Javier Oyola","2026-04-19 09:19:51",0.77272,1,javieroyola
8148,15651697,Sx_xueying,"2026-04-19 12:57:30",0.77272,2,sxxueying
8149,15653105,"Valvitor Santos","2026-04-19 17:43:51",0.77272,2,valvitorsantos
8150,15606560,玖熙熙熙,"2026-04-20 02:57:27",0.77272,4,chenber2002
8151,15656094,cshyun,"2026-04-20 05:07:20",0.77272,1,cshyun
8152,15658177,squiffer9,"2026-04-20 09:59:54",0.77272,1,squiffer9
8153,15658600,Frenzy3202,"2026-04-26 15:40:24",0.77272,7,frenzy3202
8154,15660665,"takatsugu haccho","2026-04-20 16:43:07",0.77272,1,takatsuguhaccho
8155,15662215,"Graf Konopka","2026-04-20 21:03:01",0.77272,1,grafkonopka
8156,15666211,Daguerre,"2026-04-21 08:48:03",0.77272,2,daguerre
8157,15670548,"Alexander Siriatskiy","2026-05-04 22:40:24",0.77272,9,mlwithoutuniversity1
8158,15671282,"Shaurya Pratap Singh","2026-04-21 13:56:19",0.77272,3,xoticskull
8159,13190067,maho,"2026-04-21 16:58:26",0.77272,3,mahoreal
8160,15674215,"Luca Meyerhans","2026-04-21 18:48:12",0.77272,9,lucameyerhans
8161,15676616,Engmelli,"2026-04-21 20:17:10",0.77272,7,engmelli
8162,15683838,"Josh Duffy","2026-04-22 01:26:50",0.77272,2,joshduffy
8163,15664661,南條里奈,"2026-04-22 04:18:08",0.77272,6,rinarinarinacchi
8164,15695771,"Pannag Shet","2026-04-22 10:22:46",0.77272,1,pannagshet
8165,15699324,"Matt Drofiak Sorensen","2026-04-23 07:44:10",0.77272,2,mattdrofiaksorensen
8166,15702303,"Divy Jain #4","2026-04-22 18:55:01",0.77272,5,divyjain28
8167,15702741,"Khushi Shetty","2026-04-22 19:33:25",0.77272,1,khushishetty53
8168,15702918,"Foxy Gm","2026-04-22 20:00:07",0.77272,1,foxygm
8169,15703741,AnonymousMuffin,"2026-04-22 22:31:34",0.77272,1,anonymousmuffin
8170,15704084,"JOAO FERREIRA DA SILVA","2026-04-23 00:47:08",0.77272,3,jo4ofds
8171,15705888,"Madhuri Sridhar","2026-04-23 05:13:49",0.77272,2,madhurisridhar
8172,15597522,"Sun Bewick","2026-04-23 06:36:19",0.77272,2,sunbewick
8173,15708516,"Max Aguilera","2026-04-26 07:25:19",0.77272,6,maxaguilera
8174,15721408,"Morusu Harshitha","2026-04-23 17:24:55",0.77272,3,morusuharshitha
8175,15722210,"Beste Söyler","2026-04-23 18:54:16",0.77272,1,bestesyler
8176,15724466,"Rakshita A Naik","2026-04-24 03:41:03",0.77272,2,rakshitaanaik
8177,15626103,成木,"2026-04-24 06:28:56",0.77272,7,narutomo
8178,15713070,"Sumit Srivastava #3","2026-04-24 08:59:15",0.77272,2,susrivastava
8179,15729941,chaike,"2026-04-24 09:45:11",0.77272,1,chaikekeke
8180,15732689,"Tuna Xiao","2026-04-24 16:13:05",0.77272,1,tunaxiao
8181,15734384,snehalprakash2004,"2026-04-24 21:51:05",0.77272,1,snehalprakash2004
8182,6313844,"Marcelo Claure","2026-04-25 01:25:36",0.77272,2,mclaure
8183,15735422,staxren,"2026-04-25 04:03:40",0.77272,1,staxren
8184,14646483,zzgtylors,"2026-04-25 06:33:50",0.77272,1,zzgtylors
8185,15736906,Antokodea,"2026-04-25 09:17:37",0.77272,3,antokodea
8186,15738685,"Prafulla Pal","2026-04-25 15:16:57",0.77272,4,prafullapal
8187,15645829,"Mvondo Mainoo","2026-04-25 15:19:35",0.77272,3,mvondomainoo
8188,15738981,Junmokk,"2026-04-25 15:57:52",0.77272,3,junmokk
8189,15738789,"Yunus Şahin","2026-04-25 16:11:30",0.77272,4,ysahin1
8190,15739176,ZZDirty,"2026-04-25 17:00:03",0.77272,2,zzdirty
8191,15002274,"Ryotaro USHIKU","2026-04-25 17:12:25",0.77272,5,ryotaroushiku
8192,15741261,"Django Rest Framework (DRF)","2026-04-26 03:11:25",0.77272,1,djangorestframework
8193,15743369,"Hina Mt","2026-04-26 12:21:17",0.77272,10,hinamt
8194,15743905,Speedy18023,"2026-04-26 13:20:13",0.77272,2,speedy18023
8195,15744680,"Liu chengguan","2026-04-26 15:24:47",0.77272,1,liuchengguan
8196,15404418,"Asker Alisultanov","2026-05-01 11:00:15",0.77272,10,askeralisultanov
8197,15739712,"Noel Speer","2026-04-28 19:08:42",0.77272,7,noelspeer
8198,15746612,"Y2 #2","2026-04-27 00:29:26",0.77272,1,yunchi
8199,15747605,chilebot,"2026-04-27 04:48:42",0.77272,1,chilebot
8200,15546029,jerrytoms,"2026-04-27 05:52:10",0.77272,10,jerrytomms
8201,15706647,"sandeep patane","2026-04-27 06:46:24",0.77272,9,sandeeppatane
8202,15729536,"Marlon Sayson","2026-04-27 07:52:40",0.77272,2,marlonsayson
8203,15750672,"Heewon Baek","2026-04-27 12:46:33",0.77272,1,heewonbaek
8204,15750838,"Salah Rhallami","2026-04-27 13:51:38",0.77272,4,salahrhallami
8205,15752647,abdullayevibrohim,"2026-04-27 16:05:21",0.77272,3,abdullayevibrohim
8206,15661873,"Akella Aditya","2026-04-27 18:35:39",0.77272,2,akellaaditya
8207,15722328,iiAestheticButterfly,"2026-04-27 20:13:53",0.77272,8,iiaestheticbutterfly
8208,15757884,"JOÃO PEDRO MARUCCI PAGLIUSO","2026-04-28 00:46:59",0.77272,1,joopedropagliuso
8209,15746030,"Dominik Ge","2026-04-30 00:30:37",0.77272,8,dominikge
8210,15758444,"Caden Biela","2026-04-28 01:54:24",0.77272,1,cadenbiela1234
8211,5538356,"Kapil Malhotra","2026-04-28 04:37:27",0.77272,5,kapilmalhotra
8212,15761068,"Shahnwaz Akhtar","2026-04-28 06:10:31",0.77272,1,shahnwazakhtar
8213,15762352,"Elmira Viktorovich","2026-05-04 08:06:18",0.77272,4,elmiraviktorovich
8214,15763097,feimao123,"2026-04-28 08:50:36",0.77272,2,feimao123
8215,15763221,"Manoj Patel r","2026-04-28 08:57:00",0.77272,1,manojpatelr
8216,15136185,"Umirzoq Ochilov","2026-05-03 15:48:57",0.77272,2,umirzoq001
8217,15768857,ZarifB,"2026-04-28 16:43:15",0.77272,1,zarifb
8218,15772094,"Thomas Lopes","2026-04-28 21:53:03",0.77272,1,euthomaslopes
8219,15767383,hannesuw,"2026-04-29 03:36:29",0.77272,6,hannesuw
8220,15782374,"Jarull Roshna Sathish","2026-04-29 14:38:14",0.77272,1,jarullroshnasathish
8221,15784988,"The Analytical Absurdist","2026-04-29 18:48:08",0.77272,2,analyticalabsurdist
8222,15786469,"Ondrej Timco","2026-05-07 20:46:13",0.77272,3,ondrejtimco
8223,15787179,"Chandrika Kapre","2026-04-29 22:09:10",0.77272,3,chandrikakapre1994
8224,15639965,"Matt Riordan","2026-04-29 23:39:49",0.77272,4,mattriordan
8225,15789307,"Mally Panek","2026-04-30 02:47:30",0.77272,1,mallypanek29
8226,15789497,"hua li112345","2026-05-04 08:30:34",0.77272,3,huali112345
8227,15789691,"Qleoy k","2026-04-30 16:30:04",0.77272,3,qleoyk
8228,15417390,我是宫一鸣,"2026-04-30 08:08:27",0.77272,4,guoming666
8229,15791986,"Hitesh Moota","2026-04-30 10:57:55",0.77272,3,hiteshmoota
8230,12425344,"harshini murali","2026-04-30 13:26:09",0.77272,1,harshinimurali06
8231,15798034,"Nisa Trinanda","2026-04-30 14:43:57",0.77272,1,nisatrinanda
8232,15797861,"Jennifer Kok","2026-04-30 15:00:51",0.77272,4,jenniferkok
8233,15769103,"Vanya Golovanov","2026-05-01 14:45:39",0.77272,6,xrtg074
8234,12323527,terrawalker22,"2026-05-04 23:26:22",0.77272,2,terawalker22
8235,15812645,JasonXiang345,"2026-05-01 10:18:01",0.77272,1,jasonxiang345
8236,15816327,"Mohit Dubey #2","2026-05-11 17:56:50",0.77272,8,twentyiii
8237,15818151,zima,"2026-05-01 17:23:47",0.77272,4,zimakaka
8238,15819876,"Nedim Rasimoğlu","2026-05-01 19:09:38",0.77272,1,nedimrasimolu
8239,15820954,"Esra Zeynep Türkmen","2026-05-01 21:45:19",0.77272,1,ezturkmen
8240,15820779,varunvpemmaraju,"2026-05-01 22:53:10",0.77272,10,varunvpemmaraju
8241,15823835,"Abel Garza-Ramírez","2026-05-02 05:10:41",0.77272,1,abelgarzaramrez
8242,15824110,"Abdullah Al Masum #2","2026-05-04 13:45:22",0.77272,3,abdullah65621
8243,15829140,trungbb8,"2026-05-08 11:36:53",0.77272,9,trungbb8
8244,15829297,torawo_2002,"2026-05-03 16:42:15",0.77272,2,torawo2002
8245,15829956,"Ajayy Pannicker","2026-05-02 15:56:16",0.77272,1,ajayypannicker
8246,15832017,"Самир Шайдуллин","2026-05-02 19:42:26",0.77272,1,tresfour
8247,15832392,Blessedmike,"2026-05-02 20:54:38",0.77272,1,blessedmike
8248,15827274,"Yizhi Xu","2026-05-03 01:58:42",0.77272,3,spalxyz
8249,15807513,"bear python","2026-05-03 06:43:16",0.77272,3,bearpython
8250,15836172,COLD,"2026-05-04 12:55:09",0.77272,2,maulikgajera
8251,14484635,"Jitendra Jh","2026-05-03 08:34:56",0.77272,2,jitendrajh
8252,15276211,HarjotKaurButtar,"2026-05-03 12:54:42",0.77272,3,harjotkaurbuttar
8253,15838868,utk14j,"2026-05-03 13:34:28",0.77272,1,utk14j
8254,15839123,"Thoushin Khaled Omi","2026-05-03 14:19:15",0.77272,2,thoushinkhaledomi
8255,15839296,"Mir Abrar Zahin Zaiyan","2026-05-03 14:47:26",0.77272,2,mirabrarzahinzaiyan
8256,15832567,Anlonse,"2026-05-03 18:07:03",0.77272,2,anlonse
8257,15841159,Entite303,"2026-05-03 18:09:10",0.77272,1,entite303
8258,15734252,"brianna rubinstein","2026-05-03 21:50:21",0.77272,7,briannarubinstein22
8259,15844857,一二三四,"2026-05-04 06:48:41",0.77272,5,mwj12356
8260,15850128,"Md. Tanvir Ahammed","2026-05-04 12:23:54",0.77272,1,mdtanvirahammed
8261,15852830,"Lobantsov Oleksii","2026-05-04 17:49:41",0.77272,1,lobantsovoleksii
8262,15852798,"Vivian Oliveira88","2026-05-04 18:18:11",0.77272,3,vivianoliveira88
8263,13784346,"Tsedenbum Batkhangal","2026-05-05 06:12:16",0.77272,2,tsedenbumbatkhangal
8264,13789365,"Enkhtuvshin Munkhtulga","2026-05-05 05:43:31",0.77272,2,norkoz
8265,15858217,"Saif Ullah #2","2026-05-05 14:53:35",0.77272,2,saifullah57
8266,15859443,killbot514,"2026-05-05 09:37:51",0.77272,6,killbot514
8267,13588545,"Mac S","2026-05-05 09:11:02",0.77272,3,macsrc
8268,15860462,"Salsabil Meddahi","2026-05-05 11:49:24",0.77272,4,salsabilmeddahi
8269,15860525,"Muhammad Adeel #3","2026-05-05 11:43:37",0.77272,1,muhammadadeelai
8270,15861898,"Adit Rastogi","2026-05-05 13:15:44",0.77272,1,aditrastogi333
8271,15862025,福角　暁,"2026-05-05 13:28:09",0.77272,1,fukusumi
8272,15862182,wangze135,"2026-05-05 14:47:37",0.77272,4,wangze135
8273,15865822,"Madi Teg","2026-05-05 19:24:36",0.77272,2,maditeg
8274,14225054,"Reckless Clam","2026-05-05 23:34:39",0.77272,1,recklessclam
8275,15868284,"Pedro Dias Verillo","2026-05-06 01:13:17",0.77272,2,pedrodiasverillo
8276,15868549,dorosuke,"2026-05-06 01:33:29",0.77272,1,dorosuke
8277,15869421,"Mohamed Ali #8","2026-05-06 05:38:48",0.77272,4,mo7amedali12
8278,15871982,"Sophia Sextonyy","2026-05-06 07:13:45",0.77272,2,sophiasextonyy
8279,15873136,"Ceren Öz","2026-05-06 09:19:11",0.77272,4,cerenozz
8280,15873648,"SURYABHAN CHAURASIYA","2026-05-06 10:15:48",0.77272,2,suryabhanchaurasiya
8281,15878111,journeyamonglife,"2026-05-06 17:53:00",0.77272,1,journeyamonglife
8282,15880110,"Julian Mendoza","2026-05-07 00:34:50",0.77272,2,m3nd0z4
8283,15799898,LlaniRainey,"2026-05-07 07:29:04",0.77272,14,llanirainey
8284,15883579,"Fedir Baltsun","2026-05-07 07:49:24",0.77272,3,fedirbaltsun
8285,15183585,"Hoàng Lê #6","2026-05-07 09:23:23",0.77272,1,hoangle269
8286,15886144,"Anakin PILATRE","2026-05-07 12:16:36",0.77272,1,anakinpilatre
8287,15886164,"satya battu","2026-05-07 12:18:21",0.77272,1,satyabattu
8288,776634,currypurin,"2026-05-07 13:57:03",0.77272,6,currypurin
8289,15887526,zhyzxd,"2026-05-07 14:44:17",0.77272,1,zhyzxd
8290,15889325,"Light Yagami56","2026-05-07 18:23:05",0.77272,1,lightyagami56
8291,15891564,SuHongCheng,"2026-05-08 00:00:07",0.77272,1,suhongcheng
8292,15893778,"Lauren Martin","2026-05-08 05:41:49",0.77272,1,laurmartin1205
8293,15886041,"Velin Sotirov","2026-05-08 08:24:16",0.77272,5,velinsotirov
8294,15652834,"dzmitry tousty","2026-05-08 19:05:37",0.77272,4,dzmitrytoustyy
8295,15897851,"Nils Kaggle1","2026-05-08 12:28:09",0.77272,1,nilskaggle1
8296,15898538,"Damilya Amangeldykyzy","2026-05-08 13:42:05",0.77272,2,damilyaamangeldykyzy
8297,15898802,"Kantapong Thuamgred","2026-05-09 06:17:20",0.77272,4,kantapongthuamgred
8298,15908715,HnpawsPham,"2026-05-09 10:24:44",0.77272,4,hnpawspham
8299,15908762,"Juicy Szejek","2026-05-09 10:57:39",0.77272,2,juicyszejek
8300,15109219,"sejin #2","2026-05-09 11:33:34",0.77272,5,ysejin0
8301,15903252,Alexanderskott,"2026-05-09 15:18:59",0.77272,10,alexanderskott
8302,15912816,"Victoria Andrews #2","2026-05-09 18:06:38",0.77272,3,victoriaandrews
8303,15914397,"Алексей #5","2026-05-09 23:14:28",0.77272,1,ilin1aleosha
8304,7922293,brent.wei.liu,"2026-05-11 01:59:44",0.77272,8,brentweiliu
8305,15916822,"Jiaming Zhang #2","2026-05-10 08:10:06",0.77272,2,gracejiamingzhang
8306,15917056,"Amelie Plomer","2026-05-10 08:38:58",0.77272,1,amelieplomer
8307,14373584,"Ettore Russo","2026-05-10 10:26:58",0.77272,1,ettorerusso
8308,15917814,"Tuấn Hữu","2026-05-10 10:29:20",0.77272,1,tunhu123
8309,15918048,"Mert Recep","2026-05-11 07:59:28",0.77272,10,mertrecep
8310,15918336,"Mehdi Avazaghaei #2","2026-05-10 11:50:09",0.77272,1,mehdiavazaghaei
8311,15918495,"Ahmed Othman","2026-05-11 15:43:20",0.77272,5,ahmedaothman
8312,15920153,"Thilak Chodagiri","2026-05-11 07:16:20",0.77272,5,thilakchodagiri
8313,15920560,"Hasnaa AlSaeed","2026-05-10 16:24:00",0.77272,1,hasnaaalsaeed
8314,15920328,AminaKg,"2026-05-10 19:49:49",0.77272,3,aminakg
8315,15921631,"Otávio Henrique","2026-05-10 19:05:25",0.77272,1,otaviohenri
8316,15921848,"Ana Bastoss","2026-05-11 01:36:27",0.77272,18,anabastoss
8317,15922360,"Sabrina Nunes","2026-05-10 22:19:05",0.77272,1,sabrinanunes
8318,15922465,"Vinicius Lobo","2026-05-10 22:48:04",0.77272,3,vqlobo
8319,15922630,"vinicius velasquez","2026-05-10 23:44:34",0.77272,1,viniciusvelasquez
8320,15923332,"Rishi #13","2026-05-11 03:00:48",0.77272,2,rishirajsinghdixit
8321,15923708,Andreysql,"2026-05-11 04:51:27",0.77272,3,andreysql
8322,15924735,ProPlays2312,"2026-05-11 07:09:58",0.77272,2,proplays2312
8323,15925580,"Risyda Miftahur Rahmah","2026-05-11 08:06:34",0.77272,1,risydamiftahurrahmah
8324,15926045,AlexandraSP4906,"2026-05-11 09:01:13",0.77272,1,alexandrasp49061234
8325,15851414,SY7csc,"2026-05-11 12:32:03",0.77272,4,sy7csc
8326,15927854,Dotolee,"2026-05-11 13:26:20",0.77272,8,dotolee337
8327,15928096,"Yunus John Pork","2026-05-11 12:53:33",0.77272,1,yunusergen
8328,15929492,JieAnHuang,"2026-05-11 15:15:00",0.77272,1,jieanhuang
8329,15930035,"Angel #13","2026-05-11 16:24:51",0.77272,2,gelodev
8330,15929616,"Ana Bastos beatriz","2026-05-11 16:50:57",0.77272,9,anabastosbeatriz
8331,15930848,Damola090,"2026-05-11 18:16:59",0.77272,1,damola090
8332,15931071,"Paulo Higa","2026-05-11 18:54:51",0.77272,1,paulohigaf
8333,15931034,"Bruno Teodoro","2026-05-11 19:01:37",0.77272,1,brunoteodev
8334,15931105,"dana nabel1","2026-05-11 19:02:11",0.77272,1,dananabel1
8335,15932570,Kaiyu28,"2026-05-12 07:19:41",0.77272,9,kaiyu28
8336,15934802,"Dilshod Xudoyberdiyev","2026-05-12 05:18:00",0.77272,1,dilshodxudoyberdiyev
8337,15934861,phua0035,"2026-05-12 05:30:44",0.77272,1,phua0035
8338,15931738,"Erdem Çelik","2026-05-12 09:20:24",0.77272,3,erdemcelik0
8339,15619492,"Caner Yilmaz #2","2026-05-12 10:17:22",0.77272,3,canerylmz
8340,15938005,"RASHI KHABIYA","2026-05-12 11:28:15",0.77272,4,rashikhabiya149
8341,15397212,Karasu3gou,"2026-03-13 12:53:52",0.77033,2,karasu3gou
8342,15005818,Coco1009,"2026-03-13 13:06:56",0.77033,1,coco1009
8343,15398704,kimkimu5234514520,"2026-03-13 17:53:30",0.77033,1,kimkimu5234514520
8344,15399151,"Elif Parıldar","2026-03-13 19:49:56",0.77033,1,elifparldar
8345,15385505,JuLiaNOrtiZ95,"2026-03-14 02:28:33",0.77033,2,julianortiz95
8346,15399390,"Adrian Casabal","2026-03-14 06:07:41",0.77033,4,adriancasabal
8347,15401587,JefferssonPre,"2026-03-14 09:05:09",0.77033,1,jefferssonpre
8348,15402216,"Sundaram Ramaswamy","2026-03-14 12:21:35",0.77033,3,sundaramramaswamy
8349,15402721,"Nihle Coşkun","2026-03-14 13:09:13",0.77033,1,nihlecokun
8350,15248237,gojoggg,"2026-03-15 06:37:53",0.77033,1,gojoggg
8351,15405536,poliotus,"2026-03-15 07:11:44",0.77033,1,poliotus
8352,15406980,wsljhhhh,"2026-03-15 12:52:52",0.77033,2,wsljhhhh
8353,15404512,"Rapha Miranda","2026-03-15 18:31:45",0.77033,3,raphamiranda
8354,449618,sgthoppa,"2026-03-16 02:43:18",0.77033,2,sgthoppa
8355,15410517,a200481100,"2026-03-16 03:06:32",0.77033,1,a200481100
8356,14489960,TOTO-ROCO,"2026-03-16 08:10:50",0.77033,2,totoroco
8357,15412067," Sainath  Chavan","2026-03-16 09:05:42",0.77033,3,sainathchavan
8358,15412508,"lau lamalm","2026-03-16 09:56:09",0.77033,1,laulamalm
8359,15413364,"Yao Haoran ","2026-03-16 12:22:51",0.77033,1,yaohaoran
8360,15414291,gushuyu2025,"2026-03-16 14:54:26",0.77033,2,gushuyu2025
8361,15415148,eddieXwar,"2026-03-16 17:18:23",0.77033,2,eddiexwar
8362,15376091,"Micaela Torre Durán","2026-03-16 21:07:45",0.77033,1,micaelatorredurn
8363,15412141,"Benjamin Chi","2026-03-17 01:24:03",0.77033,12,benjaminchii
8364,15417367,"H. M. Zaheer Asghar 106","2026-03-17 02:25:01",0.77033,1,hmzaheerasghar106
8365,15418244,"Tin Yeuk Shum","2026-03-17 05:26:00",0.77033,1,tinyeukshum
8366,15418964,"Khánh Duy #2","2026-03-17 15:45:37",0.77033,3,khanhsduyss
8367,15419280,yuanyang2321,"2026-03-17 08:20:19",0.77033,1,yuanyang2321
8368,15420138,"Ирина Баранова","2026-03-17 10:29:04",0.77033,1,olegybaranov
8369,15420291,Kage.kg,"2026-03-17 10:55:22",0.77033,1,kagekg
8370,15421357,syrustang,"2026-03-17 13:21:32",0.77033,1,syrustang
8371,15421554,"Ruo-si Roxanne Yang","2026-03-17 13:43:52",0.77033,1,ruosiroxanneyang
8372,15421848,d_wh,"2026-03-17 14:23:10",0.77033,1,vvvvvq
8373,15420647,"Pablo Vélez Ordax","2026-03-17 22:36:34",0.77033,6,pablovlezordax
8374,15426351,GerardoAGB,"2026-03-21 03:06:47",0.77033,8,gerardoagb
8375,15427246,minhdangia,"2026-03-18 10:12:21",0.77033,5,minhdangia
8376,15428902,"Đăng Thái","2026-03-18 06:38:18",0.77033,1,softheartz
8377,15428912,"Andy Honey","2026-03-18 06:40:05",0.77033,1,andyhoney
8378,15429088,"Sambhav Surthi","2026-03-18 07:09:10",0.77033,1,sambhavsurthi
8379,15225997,"Tso-Jung Yen","2026-03-18 08:24:38",0.77033,4,tjyen1975
8380,15389085,"Denniel Jeuz Dejoras","2026-03-18 11:54:19",0.77033,2,dennieljeuzdejoras
8381,15433424,"Jay Joshi #2","2026-03-18 17:16:00",0.77033,1,jayjoshi37
8382,15433394,"BNBU Yu guangsheng","2026-03-22 07:55:37",0.77033,14,bnbuyuguangsheng
8383,15346619,"David Horcajada","2026-03-18 19:41:50",0.77033,1,davidharz
8384,15436464,Sachal2,"2026-03-19 00:12:41",0.77033,1,sachal2
8385,15439555,taomengzheng123,"2026-03-19 07:31:23",0.77033,1,taomengzheng123
8386,15440078,"Ivan #3","2026-03-19 08:42:21",0.77033,1,ivantd
8387,15441889,"Inba surya","2026-03-19 14:07:53",0.77033,2,inbasurya
8388,15442068,"kevin #14","2026-03-19 14:13:10",0.77033,1,kevinxiang666
8389,15442149,ChenEDuo,"2026-04-18 16:55:01",0.77033,4,cheneduo
8390,15443445,"MISHRA SHUBHANSHU","2026-03-19 17:22:20",0.77033,2,mishrashubhanshu
8391,15441766,"Kseniia Karpova","2026-03-20 11:01:53",0.77033,9,suharik
8392,15444181,"Patrick Amann","2026-03-19 19:37:44",0.77033,3,patrickamann
8393,15445298,dljh1214,"2026-03-20 00:09:16",0.77033,1,dljh1214
8394,15445480,hamster.2718281828,"2026-03-20 01:13:03",0.77033,2,hamster2718281828
8395,15445494,314_양동민,"2026-03-20 01:00:27",0.77033,1,yangmindm
8396,15445503,Brown.Ji,"2026-03-20 01:02:20",0.77033,1,brownji
8397,15445527,anaana,"2026-03-20 01:08:05",0.77033,1,anaterry
8398,15346550,"Javi Hervas","2026-03-20 08:30:08",0.77033,6,javihervas
8399,15447408,"Muhammad Izzat Jundy","2026-03-20 16:50:18",0.77033,4,muhammadizzatjundy
8400,15447952,kmiyamoto08,"2026-03-20 09:08:27",0.77033,1,kmiyamoto08
8401,15447531,Juliaaa,"2026-03-20 09:14:21",0.77033,3,anthonyburdine75
8402,15448348,"Daniel Fuentes 123","2026-03-20 12:32:23",0.77033,7,danielfuentes123
8403,15449112,"Madlen Ibragimova","2026-03-20 12:03:44",0.77033,1,madlenibragimova
8404,15450076,HLUO,"2026-03-20 13:46:46",0.77033,1,hluo00810
8405,15450148,yk_pw03,"2026-03-20 13:52:39",0.77033,1,ykpw03
8406,13909628,"Oliver House","2026-03-21 01:55:47",0.77033,2,oliverhouse
8407,15454660,viahyu3a,"2026-03-21 04:56:51",0.77033,5,viahyu3a
8408,15455948,"Lewis #4","2026-03-21 09:50:19",0.77033,3,lewisssst
8409,15456073,russellkunle,"2026-03-21 10:03:42",0.77033,1,russeellkunle
8410,15457751,"Arup Ghosh #2","2026-03-23 05:03:22",0.77033,2,arupghosh3333
8411,15446436,"[Deleted] bccddd99-3902-40da-8732-b34aaebc145b","2026-03-22 04:03:09",0.77033,4,del=0f2ca608177a9318
8412,15460725,"BNBU GUO Rongheng","2026-03-22 04:09:49",0.77033,1,bnbuguorongheng
8413,15461465,shangkaiming,"2026-03-22 08:27:26",0.77033,5,shangkaiming
8414,15461881,미시시피알감자,"2026-03-22 08:57:31",0.77033,4,whitezhyun
8415,15463027,wucha2005,"2026-03-22 10:44:07",0.77033,1,wucha2005
8416,15463039,HotMitDev,"2026-03-22 11:08:19",0.77033,3,hotmitdev
8417,15198261,"YUICHI KAIHATSU","2026-03-22 11:06:02",0.77033,5,yuichikaihatsu
8418,15465594,"Veljko Jovanović","2026-03-22 19:58:06",0.77033,5,veljkojovanovic17
8419,15465643,Jhex931,"2026-03-22 20:14:43",0.77033,3,ivanfrolovs
8420,15466024,"Steven He","2026-03-22 22:22:29",0.77033,1,stevenhe918
8421,15466223,cowogus,"2026-03-22 23:52:37",0.77033,1,cowogus
8422,15468326,pge1223,"2026-03-24 00:54:13",0.77033,2,pge1223
8423,15470382,"Əli Cabbarov","2026-03-23 13:04:25",0.77033,1,licabbarov
8424,15471055,issucc,"2026-03-23 14:23:38",0.77033,1,issucc
8425,5184871,debdipta,"2026-03-23 14:38:49",0.77033,3,haldev50
8426,15214630,"Shamil #4","2026-03-23 15:07:09",0.77033,1,shamilni
8427,13302746,"youxi Chen","2026-03-23 15:30:04",0.77033,1,mariadotchen
8428,15471489,"Aleksandr Uspenskiy","2026-03-23 15:40:57",0.77033,2,aleksandruspenskiy
8429,15474017,"Justas Kvedaravičius","2026-03-23 21:42:41",0.77033,2,justaskvedaraviius
8430,15474598,"Alexandros Ntatour","2026-03-23 23:58:55",0.77033,1,alexandrosntatour
8431,15468644,"myungkwang lim","2026-03-24 00:07:50",0.77033,1,myungkwanglim
8432,15477152,"Ivy Lynn","2026-03-24 11:44:14",0.77033,2,ivy1ynn
8433,15478600,"Krishnadasa Raja","2026-03-24 18:35:37",0.77033,3,krishnadasaraja
8434,14257472,"Slobodan Djordjevic","2026-03-25 11:05:34",0.77033,4,slobodandjordjevic
8435,14627264,csuarez,"2026-03-24 17:17:52",0.77033,2,csuarez
8436,15480090,FarkhadS,"2026-03-24 18:01:56",0.77033,3,farkhads
8437,15235847,stags2025,"2026-03-24 21:59:23",0.77033,5,stags2025
8438,15481260,"Taha Bölükbaşı","2026-03-24 23:57:36",0.77033,2,tahablkba
8439,15481622,Sdumpeti,"2026-03-29 16:54:38",0.77033,6,sdumpeti
8440,15481907,NateHigger0,"2026-03-25 15:30:14",0.77033,6,natehigger0
8441,15484967,"Ethan Green","2026-03-25 13:18:03",0.77033,2,etgreen19
8442,15485174,KazuhaDK,"2026-03-25 13:40:26",0.77033,1,kazuhadk
8443,15471726,"Hazem Kesba","2026-03-25 13:42:19",0.77033,2,hazemkesba
8444,15481912,niniyu,"2026-03-25 15:37:59",0.77033,3,niniyu0123
8445,15488317,"Tomás González Latuz","2026-03-25 23:26:56",0.77033,2,gonzalezlatuztomas
8446,15490568,yierde,"2026-03-26 02:41:30",0.77033,2,yierde
8447,15492771,Jay_Jun123,"2026-04-01 07:56:10",0.77033,7,jayjun123
8448,15495049,Paradox12,"2026-03-26 13:24:42",0.77033,1,paradox12
8449,15495371,candelafl,"2026-03-26 17:12:16",0.77033,3,candelafl
8450,15498279,profpius,"2026-03-27 00:48:26",0.77033,5,profpius
8451,15500156,"Ravindu Pathirana","2026-03-27 06:51:49",0.77033,1,uom230467r
8452,15500736,UOM_210342L,"2026-03-27 09:14:17",0.77033,3,uom210342l
8453,15500904,UOM_210493A,"2026-03-27 09:19:59",0.77033,2,praveenasarma
8454,15481918,zerodesu,"2026-03-27 12:36:36",0.77033,3,zerodesu
8455,15502230,Stepanovs,"2026-03-27 13:18:21",0.77033,1,stepanovs
8456,15504590,"William Dolezal","2026-03-27 23:23:02",0.77033,1,williamdolezal1212
8457,15505317,"Prateek Shetty #2","2026-03-28 04:30:43",0.77033,2,prateekshetty28
8458,7251522,Lathaam,"2026-03-29 05:55:29",0.77033,3,lathaamb
8459,14843015,Айсан,"2026-03-28 13:50:06",0.77033,1,ajjsan
8460,15508376,"Ahmed Elsaghir","2026-03-28 16:12:55",0.77033,1,ahmedelsaghir
8461,15509456,Danieltry99,"2026-03-28 21:30:16",0.77033,6,danieltry99
8462,15510013,"Marco Repetto Jara","2026-03-29 02:27:42",0.77033,3,marcorepettojara
8463,15510563,bluesky223,"2026-03-29 05:41:00",0.77033,1,bluesky223
8464,15510849,lonelywang,"2026-03-29 06:56:30",0.77033,1,lonelywang
8465,15510148,"Music Cyma","2026-03-29 08:51:04",0.77033,2,musiccyma
8466,15511375,"z han555","2026-03-29 08:57:16",0.77033,1,zhan555
8467,15501550,NANASHIGONBE0,"2026-03-29 14:24:17",0.77033,4,nanashigonbe0
8468,14474793,"Shubhamjeet Naik","2026-03-29 11:02:39",0.77033,2,shubhamjeetnaik
8469,15510667,chenhuan123,"2026-03-29 11:10:56",0.77033,7,chenhuan123
8470,13394388,"cha yi tian","2026-03-29 11:38:36",0.77033,2,chayitian
8471,15512451,FarasatHussain1912,"2026-03-29 13:10:19",0.77033,10,farasathussain1912
8472,15512934,MBPmbp,"2026-03-29 15:03:56",0.77033,2,mbpmbp
8473,15512773,zlj0601,"2026-03-29 14:38:56",0.77033,4,zlj0601
8474,15514282,BarcaBoy109,"2026-03-29 19:41:19",0.77033,3,barcaboy109
8475,15514966,"Juan Jimenez #3","2026-03-30 01:01:39",0.77033,1,juanjimenez20
8476,15511420,"Denny Chang1999","2026-03-30 02:36:15",0.77033,2,dennychang1999
8477,15515364,"Zhao Jacob","2026-03-30 06:15:34",0.77033,4,zhaojacob
8478,15480033,"Nicolás Esquetini","2026-03-30 20:21:06",0.77033,6,nicolsesquetini
8479,15484835,"Yuma #3","2026-03-30 03:35:51",0.77033,4,yumahoshiyama
8480,15515635,"马博文 T.Michael","2026-03-30 04:12:06",0.77033,1,joeltmichael
8481,15516242,yu_0seo,"2026-03-30 06:22:26",0.77033,1,yu0seo
8482,15517628,내이름은,"2026-03-30 12:30:41",0.77033,7,iq0210
8483,15518417,Hzb888,"2026-04-01 03:04:25",0.77033,3,hzb888
8484,15518790,"Daniel Sinkpon","2026-03-30 14:26:01",0.77033,1,danielsinkpon
8485,15518834,"Ethan Lauda","2026-04-11 17:59:56",0.77033,12,ethanlauda
8486,15514358,"Mudassir Javed","2026-04-01 10:49:13",0.77033,7,malikzada00
8487,15521316,"Salma Khodja","2026-03-31 00:45:44",0.77033,1,salmakhodja
8488,15506079,"Emmanuel Amissah","2026-04-17 02:06:02",0.77033,3,amissah452
8489,15523248,"Zijie Ren","2026-03-31 08:16:41",0.77033,2,zijieren
8490,15523337,"Jocelyn Jolie","2026-04-11 10:01:34",0.77033,4,jocelynjolie7
8491,15523461,iqnadgnuad,"2026-03-31 08:47:34",0.77033,1,iqnadgnuad
8492,15133991,CaCao_JP,"2026-03-31 11:52:37",0.77033,2,cacaojp
8493,15525369,"Isaiah Licona","2026-03-31 15:18:01",0.77033,1,isaiahlicona
8494,12617511,Theo32,"2026-04-01 17:09:55",0.77033,1,theo32
8495,15532704,"Kavya Lolla","2026-04-01 18:05:13",0.77033,1,kavyalolla
8496,15533203,"Adrian Gevorgyan","2026-04-01 21:13:56",0.77033,3,adriangevorgyan
8497,15533801,"Glenn Louis Opitz","2026-04-01 22:32:03",0.77033,2,glennlouisopitz
8498,15535610,"dd zqqq","2026-04-02 03:11:40",0.77033,2,ddzqqq
8499,5708517,Paul-Mehdy,"2026-04-02 07:38:16",0.77033,9,paulmehdy
8500,15535928,"Александр  #2","2026-04-02 03:53:46",0.77033,1,xtksun
8501,15537287,"Xiaodan Zheng","2026-04-03 02:17:02",0.77033,3,xiaodanzheng
8502,15537371,"Cream Ni","2026-04-02 08:06:38",0.77033,1,creamni
8503,15539778,"Brighton Edmundson","2026-04-02 15:23:44",0.77033,1,brightonedmundson
8504,15539928,"Agus Yoewira","2026-04-02 16:02:33",0.77033,2,agusyoewira
8505,15540104,"Victor Basil","2026-04-02 16:34:56",0.77033,2,victorbasil
8506,15540127,"Micro Stpvx","2026-04-02 16:23:32",0.77033,1,microstpvx
8507,15543810,"Manav Kulshrestha","2026-04-03 04:25:23",0.77033,2,manavk120
8508,15544849,"Putu Diahloka Mahaputri","2026-04-11 06:19:06",0.77033,3,diahlokamahaputri
8509,15548663,"Sanyam Bhardwaj","2026-04-03 15:11:45",0.77033,1,sanyambhardwaj27
8510,15548851,mozhipeng,"2026-04-03 15:36:01",0.77033,1,mozhipeng
8511,15549656,"Tina C Bui","2026-04-03 17:26:26",0.77033,1,tinacbui
8512,15551242,"Roberta Talmage","2026-04-04 00:13:34",0.77033,1,robertatalmage
8513,15553001,"Nitin Kumar #10","2026-04-04 17:21:03",0.77033,2,nitinkumar456
8514,15555278,"Charlotte Hu","2026-04-04 16:15:19",0.77033,1,charchar365
8515,15539006,"DIONYSIOS PLESSAS","2026-04-04 19:42:32",0.77033,14,dionysiosplessas
8516,15556127,ksew364,"2026-04-04 19:58:28",0.77033,2,ksew364
8517,15556677,arupaka610,"2026-04-05 01:26:23",0.77033,2,arupaka610
8518,15558718,"practical icbt","2026-04-05 09:55:04",0.77033,1,practicalicbt
8519,15554023,"Siddharth Khatod","2026-04-05 11:41:03",0.77033,11,siddharthkhatod
8520,15559111,"siming he","2026-04-05 11:52:46",0.77033,2,goffrey
8521,15559675,Thiyarat,"2026-04-05 14:23:59",0.77033,2,tthyrt
8522,15517018,"Amir Kaniyev","2026-04-06 06:06:49",0.77033,5,amirkaniyev
8523,15560611,"Yury Alexandrovsky","2026-04-07 07:31:16",0.77033,4,yuryalexandrovsky
8524,15562186,"Amish Sai Desetty","2026-04-06 02:20:30",0.77033,1,amishsaidesetty
8525,3617597,tito3977,"2026-04-06 07:16:32",0.77033,2,tito3977
8526,15563126,Zhenghuitong,"2026-04-06 05:43:20",0.77033,1,zhenghuitong
8527,15566828,"Georgi A Zahariev","2026-04-06 18:49:09",0.77033,1,georgiazahariev
8528,15567005,"Eren Can Yurteri","2026-04-06 19:27:21",0.77033,1,erencanyurteri
8529,15567532,"Robert Berres","2026-04-06 22:07:17",0.77033,1,northw0oo0ds
8530,15567628,LinhhhhQ,"2026-04-06 22:58:57",0.77033,1,linhhhhq
8531,15568960,RRRRPegasus,"2026-04-07 06:37:45",0.77033,2,rrrrpegasus
8532,15570313,IEEM26_112034054,"2026-04-07 15:32:50",0.77033,10,s112034054
8533,15478990,Rare121,"2026-04-07 11:50:47",0.77033,3,rare121
8534,15571933,"Chenxu Liu","2026-04-07 15:03:40",0.77033,1,chenxuliu05
8535,15571233,Quinterina,"2026-04-07 16:15:05",0.77033,9,quinterina
8536,15572041,a013398543,"2026-04-07 15:55:16",0.77033,5,a013398543
8537,15570222,"hihihihi #2","2026-04-07 15:42:36",0.77033,10,liuhsiaochin
8538,15569828,IEEM26_112030032,"2026-04-07 15:46:35",0.77033,4,c112030032
8539,15571054,IEEM26_112034016,"2026-04-07 15:55:13",0.77033,10,linhengchien
8540,15572353,IEEM26_112034037,"2026-04-08 13:07:59",0.77033,7,dancskx
8541,15572574,"Madison Yin","2026-04-07 17:32:09",0.77033,1,madisonyin
8542,15573528,"Adila Aghayeva","2026-04-07 20:59:46",0.77033,1,adilaaghayeva
8543,15577332,"zoom shen","2026-04-08 12:44:32",0.77033,2,zoomshen
8544,15578662,"Enze Hong","2026-04-08 16:59:03",0.77033,2,enzehong
8545,15579991,"Bassem Sliti","2026-04-08 22:58:55",0.77033,1,bassemsliti
8546,15580203,"Aditya Tiwari #7","2026-04-09 00:12:18",0.77033,2,notadityatiwari
8547,15581452,snoopyjoecool,"2026-04-09 04:05:27",0.77033,1,snoopyjoecool
8548,15408717,"Виктор Корман","2026-04-09 05:38:03",0.77033,13,viktor1709
8549,15583097,"Jashwanth S R","2026-04-09 13:28:05",0.77033,10,jashwanthsr49
8550,15584023,sduy,"2026-04-09 13:03:45",0.77033,4,snduyy
8551,15530688,"Alexandr Dubatkov","2026-04-09 13:40:09",0.77033,3,alexandrdubatkov
8552,15584506,"Jashwanth SR","2026-04-09 13:45:04",0.77033,3,jashwanthsr93939
8553,15585974,"Aarya Panchal #2","2026-04-09 17:55:22",0.77033,1,hezinexiwoo
8554,15586437,"Quan Nguyen #7","2026-04-09 19:57:38",0.77033,1,ngquan1302
8555,15586582,"Anthony #23","2026-04-09 20:51:59",0.77033,1,anthonyhernandez1
8556,15586586,"Muhammad Ali Kazi","2026-04-09 20:54:55",0.77033,1,legendarycr7
8557,15586679,"Rithvik Malay","2026-04-09 21:23:16",0.77033,1,rithvikmalay
8558,15587251,"Paragg Rathod","2026-04-10 03:47:35",0.77033,9,paraggrathod
8559,15521462,"Prarthana KC Gautam13","2026-04-10 01:53:58",0.77033,7,prarthanakcgautam13
8560,2575660,stpeteishii,"2026-04-10 05:56:58",0.77033,4,stpeteishii
8561,15587950,**8877sook,"2026-04-10 04:24:18",0.77033,1,seoyoung39
8562,15588078,"Vedanth Sreeram","2026-04-10 04:42:04",0.77033,1,vedanthsreeram
8563,15523782,"Alaqmar Electricwala","2026-04-10 05:47:22",0.77033,12,alaqmarelectricwala
8564,15588960,YouyoungL,"2026-04-10 07:13:55",0.77033,1,youyoungl
8565,15589314,"Mi Thao Nguyen","2026-04-10 08:38:40",0.77033,1,mithaonguyen
8566,15589539,alibmj,"2026-04-10 09:24:55",0.77033,1,alibmj
8567,15589728,Janeooo,"2026-04-10 09:57:05",0.77033,1,janeooo
8568,15589948,riyo9k,"2026-04-10 11:11:27",0.77033,3,riyo9k
8569,15590983,"Matthew Owen Javier","2026-04-10 14:36:40",0.77033,2,matthewowenjavier
8570,15591409,"Mads Werngreen","2026-04-10 15:53:09",0.77033,1,madswerngreen
8571,13099934,"Sarvesh Chhetri","2026-04-10 17:39:25",0.77033,1,sarveshchhetri
8572,15592270,"kaeli self","2026-04-10 18:53:36",0.77033,1,kaeliself
8573,15592326,"Tarun Sachan","2026-04-10 19:12:58",0.77033,2,tarunsachan0406
8574,15593081,BTERIGIN,"2026-04-10 21:46:06",0.77033,1,bterigin
8575,15593169,"Nashwan Islam","2026-04-10 22:12:36",0.77033,1,nashwanislam
8576,15593291,"Adeeb Aboobacker","2026-04-10 23:28:53",0.77033,1,adeebaboobacker
8577,15593297,Amy-Ng2kn,"2026-04-10 23:49:34",0.77033,1,amyng2kn
8578,15593359,Yordanosgemeda,"2026-04-11 00:02:51",0.77033,1,yordanosgemeda
8579,15593369,"Hayden Turner","2026-04-11 00:08:56",0.77033,1,haydenturner2002
8580,15593531,"Myles Lewis","2026-04-11 01:06:55",0.77033,1,myleslewis2028
8581,15593581,MoJojo0930,"2026-04-11 01:12:00",0.77033,1,mojojo0930
8582,15593629,"Joshua Bea","2026-04-11 01:22:15",0.77033,1,joshuabea
8583,15593662,"Raul Valencia Curi","2026-04-11 01:32:15",0.77033,1,raulvalenciacuri
8584,15593675,"Teena Do","2026-04-11 01:37:04",0.77033,1,teenado
8585,15593808,"Blessing Gyasi","2026-04-11 02:23:57",0.77033,1,enellag
8586,15594058,"Yana Hossein ","2026-04-11 02:58:01",0.77033,1,yanahossein
8587,15594088,"Mubeen Paracha","2026-04-11 03:04:39",0.77033,1,mubpar
8588,15594165,"angel obana","2026-04-11 03:26:39",0.77033,1,angelobana
8589,15594169,"Konstantin Idrisova","2026-04-11 03:27:10",0.77033,1,konstantinidrisova
8590,15594188,"Rimika Shrestha","2026-04-11 03:43:38",0.77033,1,rimikashrestha
8591,15594609,chosuyeon,"2026-04-11 05:32:10",0.77033,1,chosuyeonn
8592,15594739,Addie23456,"2026-04-11 05:57:53",0.77033,1,addie23456
8593,15594943,sxyhqym,"2026-04-11 06:51:02",0.77033,6,sxyhqym
8594,15595092,linker123,"2026-04-11 06:37:36",0.77033,1,linker123
8595,15595517,"trisha maheshwara ","2026-04-11 07:39:00",0.77033,1,trishamaheshwara
8596,15595699,Dcdsf321,"2026-04-11 08:18:45",0.77033,1,dcdsf321
8597,15598365,"Haley Duckwitz","2026-04-11 16:30:01",0.77033,1,haleyduckwitz
8598,15592670,"Nurgul Kalymbet","2026-04-17 22:58:26",0.77033,4,nurgulkalymbet
8599,15600672,"Hamoud Almousa","2026-04-12 05:35:38",0.77033,1,hamoudalmousa
8600,15600592,eaehfdjhakdfhasdbgjk,"2026-04-12 06:59:59",0.77033,4,eaehfdjhakdfhasdbgjk
8601,14710062,"Camila Canelas Soto","2026-04-12 07:37:40",0.77033,1,camilacanelassoto
8602,15602501,Pintuai,"2026-04-12 11:56:33",0.77033,1,pintuai
8603,15558290,"Louis Anthony Salim","2026-04-12 12:02:28",0.77033,8,louisanthonysalim
8604,15602595,Yo_K2602,"2026-04-14 13:07:30",0.77033,7,yok2602
8605,6074713,"makoto komizo","2026-04-12 14:06:58",0.77033,5,makotokomizo
8606,15604394,RaphaelRH,"2026-04-12 18:13:16",0.77033,1,raphaelrh
8607,15604371,"Sahr Said","2026-04-12 18:22:34",0.77033,3,sahrsaid
8608,15604830,"Sri trinadh","2026-04-12 20:25:12",0.77033,1,sritrinadh
8609,15604984,"Jaewon Park #2","2026-04-12 21:19:20",0.77033,1,jpark261
8610,15605874,"Philipp Z","2026-04-13 02:08:05",0.77033,1,pcz123
8611,15606046,shihuiqin,"2026-04-20 03:06:50",0.77033,5,shihuiqin
8612,15606087,JosemarJimenez,"2026-04-13 03:10:30",0.77033,1,josemarjimenez
8613,15606088,ylhmyl,"2026-04-13 03:10:32",0.77033,1,ylhmyl
8614,15606085,"Uyen K Nguyen","2026-04-13 03:15:10",0.77033,1,uyenknguyen
8615,15606234,"Mahir Imran","2026-04-13 03:40:48",0.77033,1,mahirimran
8616,15598927,"Adriana Żejmo","2026-04-13 19:00:47",0.77033,3,adrianaejmo
8617,15611143,"Fadi AL-harbi1","2026-04-13 20:30:00",0.77033,8,fadialharbi1
8618,15611843,"june #5","2026-04-14 00:03:06",0.77033,3,hanjunewooo
8619,15614978,"Hub py001","2026-04-14 11:05:16",0.77033,2,hubpy001
8620,15616899,kanaitus,"2026-04-14 16:46:42",0.77033,1,kanaitus
8621,14184660,"Pranjali Pravin Kulkarni","2026-04-14 16:58:27",0.77033,1,pranjalipkulkarni
8622,15616987,"Charlotte Alley","2026-04-18 02:43:07",0.77033,4,charlottealley
8623,15618082,nachoperez101,"2026-04-14 22:18:40",0.77033,1,nachoperez101
8624,15618435,liukexin,"2026-04-15 01:09:20",0.77033,1,liukexinovo
8625,15618591,horiayaka,"2026-04-15 01:57:30",0.77033,1,horiayaka
8626,15619920,"Rikki Freeman","2026-04-15 07:38:00",0.77033,1,rikkifreeman
8627,15620281,"Mohamed Hasan","2026-04-15 08:32:29",0.77033,1,mohamedhasan2002
8628,15573204,Lapulik_01,"2026-04-15 11:08:28",0.77033,3,lapulik01
8629,7097520,Bakhtygerey,"2026-04-15 18:26:55",0.77033,7,bakhtygerey
8630,15624417,jngo26,"2026-04-15 21:13:55",0.77033,1,jngo26
8631,15624670,"Blessings Sankando","2026-04-15 21:38:52",0.77033,1,blessingssankando
8632,15624878,YuweiLi123456,"2026-04-15 22:41:33",0.77033,6,yuweili123456
8633,15626248,KhangNguyen,"2026-04-16 02:12:20",0.77033,1,khangb
8634,15626763,ananthakumaran,"2026-04-16 03:47:31",0.77033,5,ananthakumaran
8635,15627380,"Balaji SK","2026-04-16 05:35:12",0.77033,3,balaji069
8636,15628533,"Peter Parsons 111","2026-04-16 23:20:05",0.77033,2,peterparsons111
8637,15629460,"Rohit CH","2026-04-16 09:15:37",0.77033,1,rohitchcoursera
8638,9580986,kangjeongjin,"2026-04-19 11:28:20",0.77033,5,kangjeongjin
8639,15630967,chulduk,"2026-04-16 12:48:15",0.77033,1,spear0
8640,15632657,"shreya tirumala","2026-04-16 16:59:49",0.77033,1,shreyatirumala
8641,15116150,"Ye LIU","2026-04-17 06:15:14",0.77033,10,fletcherliu
8642,15635575,ChrisZhang710,"2026-04-17 05:42:12",0.77033,2,chriszhang710
8643,15636031,b11323032,"2026-04-17 06:47:44",0.77033,1,b11323032
8644,15636112,B11323036,"2026-04-17 06:58:22",0.77033,1,b11323036
8645,15639315,"Rayene Tahar","2026-04-17 15:32:53",0.77033,1,rayenetahar
8646,15579686,"Almaz Bakirov","2026-04-26 23:52:50",0.77033,6,almazbakirov
8647,15642392,"Kritsada Chan-inn (Zerry)","2026-04-18 03:07:17",0.77033,1,kritsadachaninnzerry
8648,15642977,"Urvashi Srivastava","2026-04-18 05:00:53",0.77033,2,srivastavaurvashi15
8649,13477752,im425090,"2026-04-19 05:13:10",0.77033,2,im425090
8650,14294653,"Bekrahun Umurjanov","2026-04-18 06:41:48",0.77033,11,bekrahunumurjanov
8651,15645732,"Magdalena Sroka","2026-04-18 13:24:07",0.77033,1,magdalenasroka
8652,15646527,"aly sabatos","2026-04-18 15:30:42",0.77033,1,alysabatos
8653,15647131,choisuyeon0314,"2026-04-18 17:03:01",0.77033,1,choisuyeon0314
8654,15647506,Devilicia,"2026-04-18 18:18:45",0.77033,2,devilicia
8655,15648189,OutAtT1me,"2026-04-18 23:49:41",0.77033,2,outatt1me
8656,15649530,"Rushikesh Madas","2026-04-19 05:08:39",0.77033,6,rushikeshmadas
8657,15649748,"Ritesh.k-datascientist ","2026-04-19 05:56:42",0.77033,1,riteshkdatascientist
8658,15553347,Irzykus,"2026-04-19 06:49:25",0.77033,3,irzykus
8659,15650879,Caihanyu,"2026-04-21 12:01:13",0.77033,2,therenaissance
8660,15651933,GoIdFlsh,"2026-04-20 02:24:48",0.77033,2,goidflsh
8661,15652094,"Kritsada Chan-inn","2026-04-19 13:52:03",0.77033,1,zerryk
8662,15652770,Tsssasa,"2026-04-19 15:54:48",0.77033,1,tsssasa
8663,15653811,"Tessy Sampson","2026-04-19 19:50:01",0.77033,1,tessysampson
8664,15654172,"andrew narine","2026-04-19 21:42:12",0.77033,1,andrewnarine
8665,15654229,"Andres R0driguez","2026-04-19 22:00:57",0.77033,1,andresr0driguez
8666,15655280,Layan13,"2026-04-20 02:51:35",0.77033,1,layan13
8667,15656511,민초베이스,"2026-04-20 06:26:13",0.77033,1,aleetea1
8668,15618926,"Bilolbek Yo'ldoshxo'jayev","2026-04-20 09:29:27",0.77033,7,bilolbek424
8669,15658765,"Sanjarbek Ikromov","2026-04-20 12:04:14",0.77033,2,sanjarbekikromov
8670,15635131,"Tshushima Hikaru","2026-04-20 14:36:19",0.77033,3,tshushimahikaru
8671,15659963,"Yao David KOSSI","2026-04-20 15:03:41",0.77033,3,yaodavidkossi
8672,5770975,starsight,"2026-04-21 10:05:59",0.77033,2,starsight
8673,15663528,"Nabuk Lum Zawng","2026-04-21 02:32:19",0.77033,5,nabuklumzawng
8674,15663768,OHByeongJun,"2026-04-21 02:46:25",0.77033,1,ohbyeongjun
8675,15650585,Annyhsu0723,"2026-04-21 04:29:23",0.77033,5,annyhsu0723
8676,15664920,KUIHYUN,"2026-04-21 06:00:33",0.77033,1,kuihyun
8677,15665626,"Windphar Chin","2026-04-21 07:47:49",0.77033,1,windpharchin
8678,15670458,"Andrii Skakalskyi","2026-04-21 11:38:04",0.77033,2,andriiskakalskyi
8679,15671234,chaelimkim,"2026-04-21 13:29:19",0.77033,1,chaelimkim999
8680,15671361,"Perry Lin","2026-04-21 13:44:14",0.77033,1,lin1168
8681,15224433,"Lovas Gergő","2026-04-21 18:27:51",0.77033,3,lovasgerg
8682,15673242,"Alex Palasch","2026-04-22 03:03:08",0.77033,6,alexpalasch
8683,15685677,"choiujin #2","2026-04-22 03:28:18",0.77033,4,choiujin927
8684,15693563,luckykavya,"2026-04-22 08:03:05",0.77033,1,luckykavya
8685,15694320,joeywang2333,"2026-04-22 08:47:26",0.77033,1,joeywang2333
8686,2783992,jesucristo,"2026-04-22 14:50:44",0.77033,1,jesucristo
8687,13707899,mfadlika,"2026-04-23 05:02:51",0.77033,1,mfadlika
8688,15707305,"kim minkyung","2026-04-23 07:05:05",0.77033,1,mminkk29
8689,15707410,"TPEC Mizuma","2026-05-06 00:35:07",0.77033,2,daisukemizuma
8690,15581849,"yuki #10","2026-04-23 07:29:19",0.77033,4,yuki20371
8691,15708457,"Romina Torres Astorga","2026-04-23 08:35:40",0.77033,1,rominatorresastorga
8692,15718936,"Mai Elsehet","2026-04-23 12:28:55",0.77033,2,maielsehet
8693,15720251,"Denys Lunhul","2026-04-23 14:43:56",0.77033,1,denyslunhul
8694,15721311,"majd aldin faoura","2026-04-23 16:48:18",0.77033,1,majdaldinfaoura
8695,15721935,Tigger77,"2026-04-23 18:22:48",0.77033,2,tigger77
8696,15720108,"Tolulope Ogunmefun","2026-04-27 13:11:01",0.77033,5,tolulopeogunmefun
8697,15698456,"Guna Vardhan Dodla","2026-04-24 04:33:54",0.77033,3,gunavardhandodla
8698,15727803,"ARYAN DAIYA","2026-04-24 06:35:39",0.77033,1,aryann2012
8699,15730728,adityaghai07,"2026-04-24 11:59:23",0.77033,3,adityaghai01
8700,15730895,Handasol123,"2026-04-24 12:12:54",0.77033,1,handasol123
8701,15730748,"Aegis #2","2026-04-24 12:20:22",0.77033,2,aegis20
8702,4011413,"Jordi Rosell","2026-04-27 03:36:57",0.77033,3,jordirosell
8703,15731434,"Gurnoor Singh79","2026-04-24 13:23:13",0.77033,1,gurnoorsingh79
8704,15731435,"William MJ","2026-04-24 13:23:19",0.77033,1,williammj2437
8705,15731901,"shamoon #2","2026-04-24 14:29:25",0.77033,2,shamoon12
8706,15732736,Loumingge,"2026-04-24 16:28:01",0.77033,4,loumingge
8707,15729749,"Mihir Upadhyay","2026-04-24 22:28:08",0.77033,4,mihirupadhyay
8708,15734939,NaiM,"2026-04-30 09:52:13",0.77033,2,asihhyc654478hhhv
8709,15734931,"David Liu #5","2026-04-25 01:56:08",0.77033,6,monkeyidiot
8710,15666436,"Nguyễn Minh Quân #3","2026-04-25 02:26:47",0.77033,2,iammquann
8711,15735588,GJHHGJ,"2026-04-25 05:37:33",0.77033,4,gjhhgj
8712,15736752,KimLiang,"2026-04-25 09:01:41",0.77033,2,kimliang
8713,15743686,"L Ding","2026-04-26 12:32:38",0.77033,1,watergua
8714,15745885,namik,"2026-04-26 19:44:16",0.77033,1,namikberk
8715,15746351,"DA YA","2026-04-26 22:24:25",0.77033,1,rubislav
8716,15749061,"Yang Junyi","2026-04-27 09:34:19",0.77033,3,yangjunyiust
8717,15751778,"Igor Saprykin","2026-04-27 16:17:30",0.77033,6,igorsaprykin
8718,15756918,"Laura Toldo","2026-04-27 22:12:14",0.77033,1,lauratold
8719,15758730,UsagiUsage,"2026-04-28 02:57:21",0.77033,2,usagiusage
8720,15742321,"Nikolai Igin","2026-04-28 12:42:46",0.77033,6,nikolaiigin
8721,15745730,"Charles Vailes","2026-04-29 01:23:01",0.77033,9,charlesvailes
8722,15766766,Emmanucito1,"2026-04-28 14:14:52",0.77033,1,emmanucito1
8723,15767890,Placido18,"2026-04-28 15:27:55",0.77033,1,placido18
8724,15768894,"Tarun Narula","2026-04-28 18:30:37",0.77033,7,tarunnarula25
8725,15770161,"Benjamin Guy","2026-04-28 18:33:49",0.77033,1,benguy28
8726,15774410,河瀬蒼央,"2026-04-29 04:01:52",0.77033,2,aomaru07
8727,15730744,Boyi27,"2026-04-29 07:49:45",0.77033,16,boyi27
8728,15778471,"Shalvia Retno Salsabil","2026-04-29 09:28:58",0.77033,1,shalviaretnosalsabil
8729,15778504,afaisal0,"2026-04-29 14:25:04",0.77033,3,afaisal0
8730,15780323,DemoMappo,"2026-05-07 10:55:39",0.77033,2,demomappo
8731,15747576,"Mehdi essaadi","2026-04-29 14:01:23",0.77033,7,mehdiessaadi
8732,15783225,"Zichen Cai","2026-04-29 16:06:15",0.77033,2,k0mondor
8733,15785688,"Connor Floriani","2026-04-29 18:51:37",0.77033,1,connorfloriani
8734,15786633,"RAFAEL SEBASTIÃO GALDINO","2026-04-29 20:39:15",0.77033,1,rafaelgaldino
8735,15787002,"Gowtham Kumar #2","2026-04-29 23:22:37",0.77033,2,ngowthamkumar
8736,15788084,"Varun Varia","2026-04-30 00:47:12",0.77033,1,thevarunvaria
8737,15776400,磯野カツオ,"2026-04-30 06:02:42",0.77033,12,katsuoisono001
8738,15789198,KWM1899,"2026-04-30 02:38:54",0.77033,1,kwm1899
8739,15798923,"Nicolas Pietro","2026-04-30 15:44:41",0.77033,2,pietronicolas
8740,10177423,"Cyrill Lermontov","2026-04-30 16:33:13",0.77033,1,cyrilllermontov
8741,15800840,"Al. Z","2026-04-30 18:12:07",0.77033,3,alz1018
8742,15801320,"Daniel Ginting","2026-04-30 18:34:15",0.77033,1,danielginting
8743,15802543,Triumphant,"2026-05-02 12:24:37",0.77033,2,nainavismi
8744,13591846,tuko_tanzwoo,"2026-05-06 16:24:29",0.77033,7,tukotanzwoo
8745,15810606,"Ferran Gaspà Junyent","2026-05-01 07:53:47",0.77033,2,ferrangaspajunyent
8746,15812297,PhuocHo45,"2026-05-01 10:02:23",0.77033,4,phuocho45
8747,15815437,AdamGewely,"2026-05-01 13:45:37",0.77033,1,adamgewely
8748,15749694,"Humphrey_Otieno ","2026-05-01 14:08:49",0.77033,5,otienohumphrey254
8749,15815873,"Ritom Saikia","2026-05-01 14:25:04",0.77033,2,ritomsaikia
8750,15817140,"Berkay Kasin","2026-05-01 15:37:08",0.77033,1,berkaykasin
8751,15756740,"Brandon Arbour","2026-05-01 15:56:58",0.77033,6,brandonarbour
8752,15821402,"Aleix Martinez Galindo","2026-05-01 23:16:06",0.77033,1,aleixmartinezgalindo
8753,15825084,"Mrunal Bhimte","2026-05-02 07:09:02",0.77033,1,mrunalbhimte
8754,15827277,"NAYAAB AHMED N","2026-05-02 11:01:07",0.77033,1,nayaabahmedn
8755,15399824,"Selma Chelbabi","2026-05-02 12:43:43",0.77033,5,selmachelbabi
8756,15827523,cctsaiwill,"2026-05-02 12:37:43",0.77033,4,cctsaiwill
8757,15828398,GkJha07,"2026-05-02 13:17:17",0.77033,1,gkjha07
8758,15828966,"Chin Li-Loong","2026-05-02 14:17:58",0.77033,1,chinliloong
8759,15829213,"Mufid Panhalkar","2026-05-03 13:46:59",0.77033,2,mufidpanhalkar
8760,15830025,"emir secer","2026-05-02 16:03:04",0.77033,1,emirsecer
8761,15828084,Srinath_13,"2026-05-02 19:34:03",0.77033,2,srinath13
8762,15831688,cs_mountain,"2026-05-02 20:44:34",0.77033,4,csmountain
8763,15835547,"xianxian cheng","2026-05-03 07:18:58",0.77033,3,xianxiancheng
8764,13243166,Os_self,"2026-05-03 09:57:46",0.77033,7,osself
8765,15839803,"Mashrur Bin Sharif","2026-05-03 15:13:49",0.77033,1,mashrurbinsharif
8766,15839439,"Gabriel Dufour","2026-05-03 18:21:51",0.77033,2,gabrieldufour
8767,15841357,"Johan Lijffijt","2026-05-03 18:40:58",0.77033,1,johanlijffijt
8768,15843588,"Jun Alvior (jun)","2026-05-04 03:36:04",0.77033,1,junalviorjun
8769,15853571,"Rayhan Fairuz Aqram","2026-05-04 19:49:46",0.77033,1,rayhanfairuz
8770,15847393,"S M GOLAM RIFAT","2026-05-05 02:25:41",0.77033,2,smgolamrifat
8771,15857456,"Mike json1","2026-05-05 05:37:03",0.77033,1,mikejson1
8772,15858801,xjmxjm66,"2026-05-05 08:16:10",0.77033,5,xjmxjm66
8773,15833554,kkonish,"2026-05-05 10:57:22",0.77033,6,kkonish
8774,15861653,jvlq3301,"2026-05-05 13:27:19",0.77033,3,jvlq3301
8775,13978185,"Elizabeth Whiley","2026-05-06 04:41:32",0.77033,4,elizabethwhiley
8776,15873161,"Lasse Klos","2026-05-06 09:12:52",0.77033,1,lasseklos
8777,14512433,"Ankit Kumar Tiwari #2","2026-05-06 09:41:58",0.77033,5,ankittfzd
8778,15873502,rejep0,"2026-05-06 09:54:37",0.77033,2,rejep0
8779,15874780,Gayatrihlenovo,"2026-05-06 12:13:35",0.77033,1,gayatrihlenovo
8780,15874416,"Sergio Clavijo","2026-05-06 12:24:16",0.77033,2,sergiocg23
8781,15874986,Jim879793123,"2026-05-06 12:46:46",0.77033,4,jim879793123
8782,15875703,"[Deleted] 970a53f7-942f-4efd-8070-ec9f3b39acff","2026-05-06 16:12:18",0.77033,10,del=aced6e89d266c2cf
8783,15877158,Uwow8wcie8,"2026-05-06 16:05:33",0.77033,1,uwow8wcie8
8784,15879740,"Jake #11","2026-05-06 22:47:09",0.77033,1,jakecal
8785,15880038,"TINGJUN MAO","2026-05-07 00:22:20",0.77033,6,mao0302
8786,15880748,Bling888,"2026-05-07 02:19:21",0.77033,1,bling888
8787,15886868,"Manpreet Ahluwalia","2026-05-07 13:39:11",0.77033,1,manpreetahluwalia
8788,15887448,TwoCodes8176,"2026-05-10 11:39:00",0.77033,4,twocodes8176
8789,15889025,Lakshmanarayana,"2026-05-07 18:00:20",0.77033,2,lakshmanaryana
8790,15889083,Caesar1337,"2026-05-07 17:46:39",0.77033,1,caesar1337
8791,15889206,"Alexey Dementyev","2026-05-07 18:04:11",0.77033,1,alexeydementyev
8792,15876761,H311000,"2026-05-07 19:54:22",0.77033,3,h311000
8793,15890550,it0101,"2026-05-07 21:09:32",0.77033,1,it0101
8794,15895615,"Abhimanyu Malik","2026-05-08 09:40:07",0.77033,6,sciencemaniac11
8795,15898034,"Влад Ніжнєвський","2026-05-08 12:47:41",0.77033,1,vllad2004
8796,15908743,rafalwegwsei,"2026-05-09 10:57:19",0.77033,2,rafalwegwsei
8797,15909670,"haider malik","2026-05-09 11:52:26",0.77033,7,haidermalik2007
8798,15909777,梅本誠大,"2026-05-09 12:28:08",0.77033,2,funaseita
8799,15910651,"Илья #4","2026-05-09 14:49:20",0.77033,6,datast0rm
8800,14310583,EnriquePasteneA,"2026-05-09 18:13:35",0.77033,1,enriquepastenea
8801,14508656,"Way Data_analyst","2026-05-11 13:30:22",0.77033,3,waydataanalyst
8802,15915664,"Jargalmaa Namkhaidorj","2026-05-10 04:59:37",0.77033,1,jargalmaanamkhaidorj
8803,15914127,kanno,"2026-05-10 05:18:34",0.77033,3,gkanno
8804,15916168,"Ankhbileg Batsukh","2026-05-10 06:29:50",0.77033,1,ankhbilegbatsukh
8805,15864681,"Farhan Butt","2026-05-10 13:06:49",0.77033,3,farhanbutt54
8806,15306324,RexRexnthu,"2026-05-10 14:30:22",0.77033,5,rexrexnthu
8807,15921273,"Leonard Fourier","2026-05-10 18:28:40",0.77033,2,leonardfourier
8808,13495366,"Kohei Sakaki","2026-05-10 18:32:36",0.77033,1,koheisakaki
8809,15914371,"KAZUYA #2","2026-05-11 01:06:47",0.77033,4,kazuya01
8810,15924027,"Samay Panwar","2026-05-11 05:02:08",0.77033,2,samaypanwar
8811,15926292,"ALEKSANDR YARVINEN","2026-05-11 09:44:35",0.77033,6,aleksandryarvinen
8812,15897645,"Danilo Rosafio","2026-05-11 11:18:42",0.77033,5,danilorosafio
8813,13725940,Dz3_puu,"2026-05-11 13:20:41",0.77033,1,dz3puu
8814,15850225,"Baljinnyam Huhuudei","2026-05-11 13:54:11",0.77033,2,baljinnyamhuhuudei
8815,15850211,"Namuun Amarbayar","2026-05-11 14:02:56",0.77033,1,namuunamarbayar
8816,15929339,ggg114514,"2026-05-11 14:56:00",0.77033,1,ggg114514
8817,15930395,Ivan_Ruzhnikov,"2026-05-11 17:14:30",0.77033,1,ivanruzhnikov
8818,15935721,"Karthik Varam","2026-05-12 06:21:14",0.77033,4,karthikvaram
8819,15938755,"Achyuta Dixit","2026-05-12 13:09:51",0.77033,2,achyutadixit
8820,14271379,momotaro0803,"2026-03-13 12:11:55",0.76794,2,momotaro0803
8821,14877002,LorenaCF,"2026-03-13 14:11:53",0.76794,1,lorenacf
8822,15398214,"Rijaluddin Abdul Ghani","2026-03-13 16:16:09",0.76794,3,rijaluddinabdulghani
8823,15379743,"MAREEDU MOHANKRISHNA","2026-03-13 17:36:31",0.76794,1,mareedumohankrishna
8824,15398725,"Hamza Asif","2026-03-13 18:00:25",0.76794,1,hamzaasif07
8825,15291191,"Rahul Singh #24","2026-03-14 01:45:35",0.76794,1,rahul1945singh
8826,15369441,"Evan Adley Reyes","2026-03-14 15:18:38",0.76794,10,evanadleyreyes
8827,15399745,凪(なぎ),"2026-03-14 15:08:12",0.76794,6,yakiniku0321
8828,15369808,"Nilesh Prakash Raut","2026-03-14 15:53:15",0.76794,2,nileshprakashraut
8829,15403430,"Ayoub Elmarhraoui","2026-03-14 16:12:31",0.76794,1,ayoubelmarhraoui
8830,15403827,LnLinc,"2026-03-14 17:59:31",0.76794,1,lnlinc
8831,15391210,Amvel,"2026-03-15 08:44:42",0.76794,3,amvelion
8832,15406812,"AITOUALI YANIS","2026-03-15 11:55:55",0.76794,1,aitoualiyanis
8833,15407345,"Patryk Dziedzic","2026-03-15 13:29:35",0.76794,1,patrykdziedzic
8834,15408556,"Dinar Maratovich","2026-03-15 18:15:56",0.76794,1,dinarmaratovich
8835,15356999,j34ger23,"2026-03-17 05:01:08",0.76794,3,j34ger23
8836,15365020,H3MII,"2026-03-16 00:01:56",0.76794,4,h3miisvk
8837,15388782,Reisen074,"2026-03-16 02:29:29",0.76794,2,reisen074
8838,12739337,Jerry_Pink4673,"2026-03-16 03:02:54",0.76794,2,jerrypink4673
8839,13320834,"Masato Oshima","2026-03-16 05:56:30",0.76794,1,maa1606
8840,15411957,2253007,"2026-03-16 12:55:41",0.76794,2,qiankundeng
8841,15412261,"Emily baoyijun","2026-03-16 09:07:47",0.76794,1,emilybaoyijun
8842,15412343,2252860,"2026-03-16 10:46:01",0.76794,2,ruanhuan
8843,15248170,FYDong,"2026-03-16 12:43:03",0.76794,1,fydong
8844,15411706,SimonSinon,"2026-03-16 13:36:56",0.76794,5,simonsinon
8845,15414118,"Dhanush C #2","2026-03-16 14:30:11",0.76794,2,dhanushchandru
8846,10572192,本望弘久,"2026-03-16 14:59:57",0.76794,9,hirohisahonmo
8847,15414948,"GEUNHYEONG GO","2026-03-16 16:40:46",0.76794,3,geunhyeonggo
8848,15346629,Danieljjo,"2026-03-16 17:48:14",0.76794,7,danieljjo
8849,7227210,"Anup Basnet","2026-03-16 17:51:50",0.76794,6,anupbasnet
8850,15415518,"Thriveni Sai Kalakoti","2026-03-16 18:30:23",0.76794,1,thrivenisaikalakoti
8851,15416626,kooz42,"2026-03-16 23:02:03",0.76794,1,kooz42
8852,9543565,yunsuxiaozi,"2026-03-17 07:08:43",0.76794,1,yunsuxiaozi
8853,15419338,yuyudie,"2026-03-17 08:23:03",0.76794,1,yuyudie
8854,15416520,DTR,"2026-03-17 09:58:03",0.76794,4,thilakreddy1509
8855,15420358,"Edoardo Pizzileo","2026-03-17 11:02:10",0.76794,2,edoardopizzileo
8856,15393535,Reemas,"2026-03-17 14:56:54",0.76794,1,reemas06
8857,15422217,"Daniel Cheung","2026-03-17 15:27:22",0.76794,2,danielcheung04
8858,15422417,Karlfoo,"2026-03-17 15:46:44",0.76794,1,karlfoo
8859,15425069,BluG15,"2026-03-17 22:26:13",0.76794,4,blug15
8860,15425530,"Yujing Zuo","2026-03-20 04:10:58",0.76794,5,yujingzuo
8861,14603580,"Saif Ur Rehman #2","2026-03-18 05:46:44",0.76794,1,saifurrehmanakhund
8862,14627939,"NHÂN HUỲNH ĐỨC","2026-03-18 06:51:13",0.76794,4,nhnhunhc
8863,15429923,"rhode wilson","2026-03-18 09:47:30",0.76794,3,rhodewilson
8864,15430397,chemist2684,"2026-03-18 10:36:14",0.76794,3,chemist2684
8865,15431505,hatakekksheeshh,"2026-03-18 13:23:59",0.76794,3,hatakekksheeshh
8866,15383171,"Zaikun Zheng","2026-03-18 15:50:40",0.76794,2,zaikunzheng
8867,15132162,Mananpatel305,"2026-03-18 16:22:59",0.76794,1,mananpatel305
8868,15434280,"Josue Soto","2026-03-18 18:28:48",0.76794,1,josuso
8869,15431691,DDRRAA,"2026-03-19 02:00:23",0.76794,8,ddrraa
8870,14325140,Ryan_Mclellan05,"2026-03-19 00:45:35",0.76794,5,ryanmclellan05
8871,15440759,"Kunal Katre","2026-03-19 10:38:17",0.76794,1,kunalkatre03
8872,15431331,"Anushka Patil","2026-03-19 11:53:46",0.76794,3,anushpatiltechtitan
8873,12348604,AGordeev,"2026-04-13 09:21:56",0.76794,5,agordeev
8874,15290533,Zihazsfaangzsafzzhang,"2026-03-19 15:19:05",0.76794,1,zihangzhangasfas
8875,15227609,Pro_Analyst,"2026-03-19 16:14:15",0.76794,1,alkakumari1234
8876,15443513,"Аня Казакова","2026-03-19 17:32:09",0.76794,1,kazakova
8877,15443942,anna.annash2212,"2026-03-19 18:45:31",0.76794,2,annaannash2212
8878,15444129,"Nithiya Mohandoss","2026-03-19 19:59:22",0.76794,3,nithiyamohandoss
8879,15240395,"Dyllan Crowell","2026-03-20 00:37:48",0.76794,6,dyllancrowell
8880,15448468,"M. Fahri N. S.","2026-03-20 10:40:35",0.76794,1,mfahrins
8881,15448322,"wanglei #2","2026-03-20 13:48:27",0.76794,6,wanglllei
8882,13821871,"Radoslav #2","2026-03-20 22:35:01",0.76794,9,radoslavzi
8883,15453798,"Raitis Sondors","2026-03-21 20:10:43",0.76794,5,raitissondors
8884,14762676,porply,"2026-04-04 08:19:19",0.76794,10,porply
8885,15454561,"Abhishek Patel #5","2026-03-21 03:56:12",0.76794,1,abhii512
8886,15454666,Yeonwooch,"2026-03-21 05:22:24",0.76794,5,yeonwooch
8887,15454673,dannylee08,"2026-03-21 05:17:37",0.76794,5,dannylee08
8888,15454684,JeongIn__AHN,"2026-03-21 05:14:44",0.76794,7,jeonginahn08
8889,15454670,younglimited,"2026-03-21 05:22:10",0.76794,6,younglimited
8890,15454680,daljandi,"2026-03-21 05:20:28",0.76794,8,daljandi
8891,15455979,"Yana Svistunova","2026-03-21 10:24:02",0.76794,6,ianasvistunova
8892,15456420,"Praneeth Chevva","2026-03-21 11:34:55",0.76794,2,praneethchevva
8893,15457248,Nostidus,"2026-03-21 14:08:35",0.76794,2,nostidus
8894,15458169,MichelleDataSci,"2026-03-21 15:43:32",0.76794,1,michelledatasci
8895,15458785,"Niazov Suleyman","2026-03-21 17:01:42",0.76794,1,niazovsuleyman
8896,15459406,"Rohit Shrivastava","2026-03-21 18:29:08",0.76794,1,whyidontgetit
8897,15460304,"Влад Астапович","2026-03-23 01:01:51",0.76794,2,astapovich98
8898,15240415,KaMich13,"2026-03-22 01:22:29",0.76794,5,kamich13
8899,15461000,wholiveswhodies,"2026-03-22 05:52:31",0.76794,1,wholiveswhodies
8900,15461268,wzf666666,"2026-03-22 06:52:41",0.76794,2,wzf666666
8901,15251803,sea_coffee,"2026-03-22 09:51:24",0.76794,5,seacoffee
8902,14634866,"Anand Singh Chauhan","2026-03-22 10:15:50",0.76794,1,anandsinghchauhan077
8903,15463174,"K N FARHAN NAZIM","2026-03-22 11:22:27",0.76794,1,knfarhannazim
8904,15463226,"Kumud Sinha","2026-03-22 11:33:38",0.76794,1,kumudsinha73
8905,11994351,ryu-nosuke,"2026-03-22 12:31:00",0.76794,2,ryuhojo
8906,15464537,"Панкова Мария Владимировна","2026-03-22 14:56:53",0.76794,1,maria546733
8907,15465307,Tumis,"2026-03-22 18:01:21",0.76794,1,tumis001
8908,15465791,ShishirTandale,"2026-03-22 21:22:50",0.76794,4,tandalesc
8909,15466078,"Zakaria Ammar","2026-03-22 22:46:18",0.76794,1,zakariaam
8910,15468068,Ainsworth·Zhang,"2026-03-23 07:09:56",0.76794,2,ainsworthzhang
8911,15468609,chan0116,"2026-03-23 08:53:24",0.76794,2,chan0116
8912,15468374,나무마틸다,"2026-03-23 09:02:21",0.76794,3,shemanul
8913,15468416,addaarrssh,"2026-03-23 10:12:00",0.76794,3,addaarrssh
8914,15470549,"Mario aceus","2026-03-23 13:28:19",0.76794,1,marioaceus
8915,15470741,"hide kimi","2026-04-06 14:47:09",0.76794,2,hidekimi
8916,15011017,"Nguyễn Đình Tuấn","2026-03-23 14:15:02",0.76794,3,nddttt
8917,15366926,"Bhone Moe Naing","2026-03-23 14:50:57",0.76794,1,phonemoe
8918,14103469,"Pranjal ","2026-03-23 15:08:05",0.76794,1,pranjal151206
8919,13798841,"Shaivi Srivastava","2026-03-23 18:28:18",0.76794,1,shasri
8920,15472545,UOM_230027U,"2026-03-23 19:17:17",0.76794,2,uom230027u
8921,15475876,misper7,"2026-03-24 06:31:57",0.76794,2,misper7
8922,15476463,"Pritish Tiwari","2026-03-24 06:44:01",0.76794,1,pritishtiwari
8923,15476495,dmiptrv,"2026-03-24 06:48:31",0.76794,1,weironrx
8924,15477204,"Egor Zasmuzhets","2026-03-24 08:56:58",0.76794,1,egorzasmuzhets04
8925,15477263,".. #5","2026-03-24 09:05:27",0.76794,1,johnlao36542345643
8926,15478123,"Evgenii Sidorov","2026-03-24 12:56:59",0.76794,3,evgeniisidorov
8927,15478852,"Krzysztof Kozubski","2026-03-24 13:53:19",0.76794,1,krzysztofkozubski
8928,15479261,"ahsan qazi","2026-03-24 15:05:39",0.76794,2,ahsan0101
8929,15479660,"Vitaly Chait","2026-03-24 16:10:01",0.76794,2,vitalychait
8930,15480115,"Dương Nguyễn Bình","2026-03-24 20:40:11",0.76794,10,dngnguynbnh1601
8931,15480482,"tlg yun","2026-03-25 10:19:01",0.76794,4,tlgyun
8932,15482573,UOM_230002N,"2026-03-25 07:43:31",0.76794,2,abaiyan
8933,15483361,akt666,"2026-03-25 09:10:49",0.76794,2,akt666
8934,15484294,"Jinfei Han","2026-03-25 11:26:20",0.76794,2,jinfeihan
8935,15485056,"chengh yang","2026-03-25 13:24:42",0.76794,1,chenghyang
8936,15486117,"Khachik Kalashyan","2026-03-25 16:04:54",0.76794,2,khachikkalashyan
8937,15487105,"Shweta Aggarwal","2026-03-25 18:53:29",0.76794,1,shwetaaggarwal17
8938,15487384,"Alex Sergian #2","2026-03-25 23:22:06",0.76794,6,alexcheckr
8939,14391751,TakutoKagawa,"2026-03-25 23:43:00",0.76794,17,takutokagawa
8940,15490666,yamadama1028,"2026-03-26 05:09:19",0.76794,2,yamadama1028
8941,15491650,"Kaile Zhong","2026-03-26 05:20:25",0.76794,1,insightful127
8942,15493459,drauglir,"2026-03-26 09:32:09",0.76794,1,drauglir
8943,15494235,"AYUSH KANSLIWAL","2026-03-29 16:43:41",0.76794,6,ayushkansliwal
8944,15494532,podanath,"2026-03-26 12:14:56",0.76794,1,podanath
8945,15481904,hsiaoyunchen,"2026-03-26 13:14:42",0.76794,4,hsiaoyunchen
8946,15495763,"Pratham Raikar #2","2026-03-26 15:17:07",0.76794,1,prathamraikar17
8947,15496502,"Haji suleman","2026-03-27 16:59:24",0.76794,3,hajisuleman
8948,15496702,"Veronika Agapova","2026-03-26 18:02:42",0.76794,2,veronikaagapova
8949,10967166,Mikayel_20,"2026-03-26 19:58:42",0.76794,3,mikayel20
8950,15498863,"Patryck Dos santos","2026-03-27 02:45:21",0.76794,2,patryckdossantos
8951,15499186,Moqingg,"2026-03-27 03:42:15",0.76794,1,moqingg
8952,15500601,UOM_230703N,"2026-03-27 08:22:49",0.76794,1,uom230703n
8953,15503589,"Jiro Adika Faruq","2026-03-27 17:14:50",0.76794,1,jiroadikafaruq
8954,14636205,mikan0131,"2026-03-28 04:11:35",0.76794,1,mikan0131ai
8955,15506148,jizihai,"2026-03-28 08:17:21",0.76794,1,g2023404784
8956,15506881,"jialin zhao","2026-03-28 16:50:49",0.76794,7,kagglejialin
8957,15507174,"Han Vinny","2026-03-28 12:33:41",0.76794,2,hanvinny
8958,15507532,"Volkan YALÇIN","2026-03-28 13:30:57",0.76794,2,volkanyaln
8959,15468384,ChoiYoungSu,"2026-03-28 15:16:26",0.76794,8,choiyoungsu0930
8960,15508662,refenst,"2026-03-28 19:33:01",0.76794,2,refenst
8961,6535310,kurano-shita,"2026-03-29 03:04:51",0.76794,2,kuranoshita
8962,15510294,DarkMatterNet,"2026-03-29 04:05:37",0.76794,1,darkmatternet
8963,15507463,recdnd,"2026-03-29 04:39:46",0.76794,3,recdnd
8964,15510955,"Sagar Sahu #2","2026-03-29 07:23:22",0.76794,1,sagar19000
8965,15511414,zhuzhuzhuzhuzimo,"2026-03-29 09:08:15",0.76794,1,zhuzhuzhuzhuzimo
8966,15511427,"PAVITRA VEDULLA","2026-03-29 09:30:55",0.76794,2,pavitravedulla
8967,15511463,"Appu Pravallika","2026-03-29 09:20:05",0.76794,1,appupravallika
8968,15511589,M.Pérez,"2026-03-29 09:49:25",0.76794,1,marcprezlleix
8969,15512583,"Haya Maya","2026-03-29 13:10:15",0.76794,1,hayamaya
8970,15334085,"Tanvir Sheikh","2026-03-29 13:34:30",0.76794,4,tanvirsheikh02
8971,15513128,"WlZ Bioinformatics-SMU","2026-03-29 14:49:12",0.76794,1,wlzbioinformaticssmu
8972,15378267,"Aditi Khullar","2026-03-29 15:54:56",0.76794,3,aditikhullar
8973,15513509,yama_haya_441,"2026-03-29 16:14:21",0.76794,1,yamahaya441
8974,15514553,princess_Elza,"2026-03-29 21:26:41",0.76794,1,princesselza
8975,15514965,"Vaishnavi Alpesh Dave","2026-03-30 01:00:41",0.76794,1,vaishnavialpeshdave
8976,15515785,KoTaekHyun,"2026-03-30 05:53:54",0.76794,3,kotaekhyun
8977,15516964,"Sathwika Parimi","2026-03-30 08:42:01",0.76794,1,sathwikaparimi
8978,15517008,"CHINTALAPUDI PRANEETH","2026-03-30 08:49:25",0.76794,1,chintalapudipraneeth
8979,15517013,"Loehit Sagineedu","2026-03-30 08:50:30",0.76794,1,loehitsagineedu
8980,15517025,"Sunny Bhavya","2026-03-30 08:52:11",0.76794,1,sunnybhavya
8981,11621557,久保田啓介,"2026-03-30 08:55:53",0.76794,1,keisukekubota332
8982,15484731,wuuuuuuuuuuud,"2026-03-30 08:56:16",0.76794,3,wuuuuuuuuuuud
8983,15517064,"Gouse Kareem","2026-03-30 08:56:22",0.76794,1,gousekareem
8984,15518071,あなまか,"2026-03-30 12:20:19",0.76794,2,arakish
8985,15518456,"Venkat Kalla","2026-03-30 13:33:45",0.76794,2,venkatkalla123
8986,15518655,PYZ_6013,"2026-03-30 14:23:56",0.76794,3,player712
8987,15519562,Robina_,"2026-03-31 06:19:36",0.76794,20,robinamirbahar
8988,15516046,"shion #3","2026-04-19 04:06:24",0.76794,11,shion55
8989,15521317,"ishikawa hirokazu","2026-03-31 00:59:54",0.76794,2,ishikawahirokazu
8990,13138302,kindun,"2026-03-31 10:03:57",0.76794,1,kindun
8991,3003742,Othan,"2026-03-31 15:47:13",0.76794,6,realothan
8992,15526414,"Shivraj Dhote","2026-03-31 19:14:27",0.76794,3,shivrajdhote
8993,15527049,"Yulong Yang","2026-03-31 23:00:06",0.76794,3,yulongt
8994,15327824,"Tobias Jechtl","2026-04-01 14:46:48",0.76794,3,tobiasjechtl
8995,15530780,Yokebear,"2026-04-01 12:31:38",0.76794,1,yokebear
8996,15271083,"Thérèse ABY","2026-04-01 15:12:51",0.76794,10,thyjojo
8997,15532295,"A Jeevan Yadav","2026-04-01 17:11:13",0.76794,2,ajeevanyadav
8998,9868214,vijayshrenikraj,"2026-04-02 04:11:57",0.76794,1,vijayshrenikraj
8999,15536259,"bharath puli","2026-04-02 05:02:54",0.76794,1,bharathpuli
9000,15539483,m4rkek,"2026-04-02 15:02:48",0.76794,2,m4rkek
9001,15541336,"Yamini Pal","2026-04-02 19:30:52",0.76794,1,usernamea1readytaken
9002,15538057,"Enkhtuvshin Bat-Ochir","2026-04-03 02:36:08",0.76794,4,enkhtuvshinbatochir
9003,15172537,XeaFire,"2026-04-03 08:27:12",0.76794,3,xeafire
9004,15550863,"Антон Кузнецов","2026-04-03 21:34:34",0.76794,1,neakes
9005,15551435,"ryota yamauchi","2026-04-04 01:33:23",0.76794,1,ryotayamauchi888
9006,15552069,Mosh9816,"2026-04-04 04:40:04",0.76794,1,mosh9816
9007,15552189,__Coke__,"2026-04-04 06:49:42",0.76794,2,coke555
9008,15553221,"Darent Lengkong","2026-04-10 12:10:19",0.76794,4,darentlengkong
9009,15472034,"Muneeb Baig","2026-04-04 13:21:21",0.76794,1,muneebbaig717
9010,15555544,"tommy #6","2026-04-05 18:38:45",0.76794,9,foruthere
9011,15556640,"Rodrigo Seco Dujo","2026-04-05 01:07:26",0.76794,1,rodrigosecodujo
9012,13072506,"Fitra Arya","2026-04-07 10:44:25",0.76794,3,fitraarya
9013,15559117,wenqiqiqi,"2026-04-05 12:05:00",0.76794,2,wenqiqiqi
9014,14257790,"Иманали Шынтай","2026-04-05 12:09:42",0.76794,1,imanal1
9015,15549611,Rayank9,"2026-04-05 17:14:16",0.76794,17,rayank9
9016,15563576,"Gakuto Kosuge","2026-04-06 07:30:38",0.76794,1,gakutokosuge
9017,15564076,tatsuya.higuchi1993,"2026-04-06 09:15:01",0.76794,1,tatsuyahiguchi1993
9018,15564616,sazzinjo,"2026-04-06 11:21:48",0.76794,3,sazzinjo
9019,15565319,Ish324,"2026-04-06 13:53:10",0.76794,3,ish324
9020,15170745,"ball field","2026-04-07 05:19:04",0.76794,2,ballfield
9021,15521980,xiaohuli1016,"2026-04-07 06:24:55",0.76794,2,xiaohuli1016
9022,15570023,IEEM_112034058,"2026-04-07 12:02:09",0.76794,10,jdijgkkn
9023,15570428,"Mertcan Kara","2026-04-07 10:22:08",0.76794,1,mertcankara1
9024,13186210,naoki331103,"2026-04-07 12:15:17",0.76794,2,naoki331103
9025,15573046,Janvi0Sanghavi,"2026-04-07 18:42:57",0.76794,1,janvi0sanghavi
9026,15574100,yahoo,"2026-04-08 01:42:36",0.76794,1,sadrass
9027,10075730,Limo123_Hi,"2026-04-17 02:54:12",0.76794,14,limo123hi
9028,15576863,Tammyya,"2026-04-08 10:53:35",0.76794,1,tammyya
9029,15578216,opaopaopao,"2026-04-08 14:59:36",0.76794,1,opaopaopao
9030,1523335,Warrington,"2026-04-09 09:02:16",0.76794,2,warrington
9031,15567371,"George Jacob","2026-04-08 20:15:56",0.76794,7,g23217
9032,11911248,Airdj,"2026-04-08 23:08:47",0.76794,2,airdj1337
9033,15583196,testr2026,"2026-04-09 09:35:10",0.76794,5,testr2026
9034,15583250,Ahmed_Sherif382,"2026-04-09 09:24:30",0.76794,1,ahmedsherif382
9035,15583863,"Bernat Nicolau","2026-04-09 11:45:21",0.76794,3,bernatnicolau
9036,15583961,"kaito #4","2026-04-09 11:51:39",0.76794,1,kaito1016
9037,15587625,XJTUZhaoZhao,"2026-04-10 17:39:31",0.76794,4,xjtuzhaozhao
9038,15569191,Deepmitashhu,"2026-04-10 04:43:52",0.76794,2,deeeppmitashhu
9039,15589362,wxwnnzdyd,"2026-04-10 08:54:52",0.76794,2,wxwnnzdyd
9040,15591872,"Yashwant Khare","2026-04-10 17:24:46",0.76794,1,yashwantkhare23
9041,15591502,"Alia Azaria KIKI","2026-04-10 17:31:46",0.76794,2,aliaazariakiki
9042,15592480,"Hagar khaled","2026-04-10 19:36:28",0.76794,1,hagar42
9043,15594408,ChelseaNicole1,"2026-04-11 04:32:35",0.76794,1,chelseanicole1
9044,15594233,"rita #2","2026-04-11 07:40:37",0.76794,6,ritagreen
9045,13725196,RamiF13,"2026-04-11 07:58:14",0.76794,1,ramif13
9046,15596692,"Neha Bagaria","2026-04-11 11:12:04",0.76794,1,nehabagaria
9047,15599879,"Kimberly Vega","2026-04-11 23:49:05",0.76794,1,kimberlyvega924
9048,15599993,Julian_Juan_1,"2026-04-12 01:03:27",0.76794,2,julianjuan1
9049,15108179,new_chap_ll,"2026-04-12 06:11:52",0.76794,1,newchapll
9050,14439223,Symbioter,"2026-04-12 07:52:50",0.76794,3,symbioter
9051,10606128,James1907,"2026-04-13 09:23:52",0.76794,10,james1907
9052,15602025,"Ajay Reddy","2026-04-12 10:28:30",0.76794,1,pajayreddy
9053,15560064,"Akhnan Fahrezi","2026-04-12 15:13:47",0.76794,2,akhnanfahrezi
9054,15603623,SanaK1405,"2026-04-12 15:21:39",0.76794,1,sanak1405
9055,15604071,Akm005,"2026-04-12 16:55:56",0.76794,1,akm005
9056,14475740,"Lukas Stanek","2026-04-12 21:43:07",0.76794,2,lukasstanek
9057,15605918,"Jean Carlos Zamora Mora","2026-04-13 04:24:58",0.76794,5,jeancarloszamoramora
9058,15606217,ahryeongwon,"2026-04-13 03:36:47",0.76794,1,ahryeongwon
9059,15607774,"Jacob Hwang","2026-04-13 08:40:54",0.76794,1,i4cobus
9060,15607974,JYayii,"2026-04-13 09:58:57",0.76794,2,jyayii
9061,15608348,"Smertniki Javid A","2026-04-13 10:41:20",0.76794,1,smertnikijavida
9062,15610944,Antonio.Swift,"2026-04-13 18:30:38",0.76794,1,antonioswift
9063,15611218,Inuk02,"2026-04-13 19:47:04",0.76794,1,inuk02
9064,15614015,"Sehaj Alag 3","2026-04-14 07:55:15",0.76794,1,sehajalag3
9065,15615823,"Brayan Rodriguez","2026-04-14 13:24:27",0.76794,1,brayanrodriguez2209
9066,15616167,"Dhruv Sharma #3","2026-04-14 14:23:10",0.76794,1,sharmadhruv25
9067,15617632,"Aditya Sinha #6","2026-04-14 19:39:27",0.76794,1,itsadi003
9068,15619109,"ТЭМҮҮЛЭН МӨНХБААТАР","2026-04-15 04:38:22",0.76794,1,b200930089
9069,15623795,"Ainsley Braunscheidel","2026-04-15 18:01:54",0.76794,1,ainsleybraunscheidel
9070,15624026,"Abu bakar siddik Sifat","2026-04-15 19:04:16",0.76794,1,abubakarsiddiksifat
9071,15625237,"Lian M. Alonso","2026-04-15 23:46:15",0.76794,1,lianmalonso
9072,15616587,"kawabata shouhei","2026-04-16 03:56:52",0.76794,6,kawabatashouhei
9073,15090275,"Shlok Rekhraj","2026-04-16 04:57:14",0.76794,1,shlokrekhraj
9074,15119718,"DAK$H SHARMA","2026-04-16 05:59:38",0.76794,1,dakhsharma
9075,15628540,"Sai Zhao #2","2026-04-16 07:34:17",0.76794,2,szhao1980
9076,15630769,paneale,"2026-04-16 12:14:17",0.76794,1,paneale
9077,15633452,NIRANJAN2177,"2026-04-16 19:20:00",0.76794,1,niranjan2177
9078,15633793,"Ashutosh Jha #5","2026-04-16 21:11:16",0.76794,2,ashutoshjha2005
9079,15635136,zhu21253,"2026-04-17 04:03:03",0.76794,1,zhu21253
9080,15636032,Kaidenn,"2026-04-17 06:47:47",0.76794,1,kaidenn
9081,15637094,MECHMEGA,"2026-04-17 09:38:50",0.76794,1,mechmega
9082,15637741,knotted3,"2026-04-17 11:45:27",0.76794,1,knotted3
9083,15641264,"Mikael Marcondes","2026-04-17 21:21:38",0.76794,1,mikaelmarcondes
9084,14517276,RayMorning,"2026-04-18 07:45:43",0.76794,2,raymorning
9085,15644134,"RAHUL R KINI","2026-04-18 08:30:34",0.76794,1,rahulrkini
9086,15644686,langenik,"2026-04-18 10:05:33",0.76794,1,langenik
9087,15645354,"park geon young9","2026-04-18 12:15:15",0.76794,1,parkgeonyoung9
9088,15644121,"Salem Ali","2026-04-18 13:21:23",0.76794,3,salemali7
9089,15646428,Miguel920910,"2026-04-18 15:15:13",0.76794,1,miguel920910
9090,15646420,"Daniel Soriano Gómez","2026-04-18 15:15:27",0.76794,1,danielsorianogmez
9091,15646432,"Juan Salvador Mestas ","2026-04-18 15:16:52",0.76794,1,juansalvadormestas
9092,15646434,"Víctor Aurelio García García","2026-04-18 15:17:10",0.76794,1,vgarciagarcia
9093,15646436,"Ezcualth Casillas","2026-04-18 15:17:15",0.76794,1,ezcualthcasillas
9094,15646437,"Brian Iglesias Chavez","2026-04-18 15:17:23",0.76794,1,brianiglesiaschavez
9095,15579703,"Heath Bagley","2026-04-18 21:28:44",0.76794,4,heathbagley
9096,15648116,"satyam sharma47","2026-04-18 21:25:51",0.76794,4,satyamsharma47
9097,15648282,"Lucas W","2026-04-18 22:10:41",0.76794,2,lucasweb
9098,15653953,Flowwix,"2026-04-20 12:05:14",0.76794,4,flowwix
9099,15656184,"Skylar Peven","2026-04-20 05:27:01",0.76794,1,skylarpeven
9100,15657420,"highly yu","2026-04-20 08:13:35",0.76794,1,highlyyu
9101,15658308,Mark911,"2026-04-20 10:28:07",0.76794,2,mark911
9102,15659134,"Tolga Karakan","2026-04-20 19:53:04",0.76794,3,tolgakarakan
9103,15661777,"Moksh 067","2026-04-21 14:03:38",0.76794,4,moksh067
9104,15663490,"Nam Phạm Bảo","2026-04-21 02:32:42",0.76794,10,namphmbo
9105,15477868,"QLluck weilai","2026-04-21 03:44:46",0.76794,8,qlluckweilai
9106,15670571,"Maria Korolyshyn","2026-04-21 11:49:41",0.76794,1,mariakorolyshyn
9107,15677803,JoeHIll6,"2026-04-30 21:25:58",0.76794,3,joehill6
9108,15686031,gisankim,"2026-04-22 03:31:14",0.76794,7,gisankim
9109,15691663,xixii,"2026-05-08 05:51:54",0.76794,4,xueshuangyang
9110,15693798,Lixiangui,"2026-04-24 13:49:41",0.76794,2,lixiangui
9111,15698332,fdrndrl,"2026-04-22 13:25:13",0.76794,1,fdrnrl
9112,2573318,"Yuto Kobayashi","2026-04-22 16:28:32",0.76794,2,kbology
9113,15700811,Slovan.u,"2026-04-22 16:48:51",0.76794,2,slovanu
9114,15523235,"Jingdong Zhou","2026-04-23 02:44:18",0.76794,3,jingdongzhou
9115,15705656,"Bhavesh paliwal","2026-04-23 04:49:41",0.76794,2,bhaveshpaliwal123
9116,13962470,"Tejaswini Raykar","2026-04-28 04:49:04",0.76794,2,tejaswiniraykar
9117,15706514,"Vinaya Umesh Patil","2026-04-27 06:49:49",0.76794,6,vinayaumeshpatil
9118,15708176,"Platon Pankratov","2026-04-23 08:06:37",0.76794,1,platonpankratov
9119,15719831,lijing,"2026-04-23 13:52:06",0.76794,1,lijing5505
9120,15606795,"Shogo Kakinouchi","2026-04-24 04:25:38",0.76794,3,shogokakinouchi
9121,15725283,"Rajesh Pavithra","2026-04-24 05:34:21",0.76794,1,rajeshpavithra
9122,15725841,"Chetan Gadhiya 17","2026-04-24 05:59:30",0.76794,1,chetangadhiya17
9123,13777196,"Dmitry Saukov","2026-04-24 08:55:50",0.76794,2,dmitrysaukov
9124,15730900,Linfifi,"2026-04-24 12:10:53",0.76794,1,linfifi
9125,15730757,"Ethan #10","2026-04-24 12:11:18",0.76794,2,etchen96
9126,15730904,鄭先佑...,"2026-04-24 12:11:55",0.76794,1,zico314159265358979
9127,15730741,Michael_Yu,"2026-04-24 12:13:26",0.76794,2,tunayu31
9128,15730763,eric.kuan.fu,"2026-04-24 12:18:06",0.76794,3,erickuanfu
9129,15730743,"Kashiwagi Kohei","2026-04-24 14:38:57",0.76794,3,kashiwagikohei
9130,15731748,Sapal@2005,"2026-04-24 14:06:32",0.76794,1,sapal2005
9131,15733446,"Timur Bezhenar","2026-04-24 18:13:16",0.76794,1,t1menar
9132,15735196,"Harper Hilburn","2026-04-25 03:55:34",0.76794,2,harperhilburn
9133,15735545,chienyuchen0725,"2026-04-30 03:02:21",0.76794,2,chienyuchen0725
9134,15738563,"jose estenssoro","2026-04-25 14:27:58",0.76794,3,joseestenssoro
9135,15739823,"Kevin Hildebrand","2026-04-25 18:51:12",0.76794,2,kevinhildebrand
9136,10468228,"Claudious Nhemwa","2026-04-26 18:00:36",0.76794,2,claudiousnhemwa
9137,15741567,"Shannon McFarland","2026-04-26 04:30:54",0.76794,1,shannonmcfarland
9138,15740376,"Bianca Meier","2026-04-26 11:13:00",0.76794,11,biancameier
9139,15743274,"Ayden Ira","2026-04-28 08:18:24",0.76794,3,aydenira
9140,15743510,Anything_taken,"2026-04-26 11:53:01",0.76794,1,anythingtaken
9141,15743924,"Jaakko #2","2026-04-26 13:21:12",0.76794,1,jaakkopyrhnen
9142,15652121,"Hugo Zock","2026-04-26 14:00:13",0.76794,4,hugozock
9143,15741247,"Devesh Kashyap","2026-04-26 16:20:49",0.76794,2,deveshkashyap
9144,15744988,"Ted Borland","2026-04-26 16:23:52",0.76794,1,tedborland
9145,15740489,AlbertoTh,"2026-04-26 17:24:59",0.76794,3,albertoth
9146,15746036,frikhaw,"2026-04-26 20:29:26",0.76794,1,frikhaw
9147,14811673,"Özkan Günalp #2","2026-04-26 23:23:43",0.76794,1,ozkngnalp
9148,15746599,"OBINE Tobi","2026-05-03 20:00:06",0.76794,10,obinetobi
9149,15748803,"Robiyaxon Muzaffarova","2026-04-27 07:38:27",0.76794,1,robiyaxonmuzaffarova
9150,15749486,"Suraj Nashte","2026-05-10 14:37:37",0.76794,5,surajnashte
9151,15748623,totallynothatingml,"2026-04-27 16:20:37",0.76794,10,totallynothatingml
9152,15752749,"Visanescu Dragos","2026-04-27 19:59:17",0.76794,7,visanescudragos
9153,15755946,ILYASSS,"2026-04-27 20:12:19",0.76794,1,regraguiilyass
9154,15756716,"Artem Shamshin","2026-04-28 01:23:45",0.76794,8,helaxxx
9155,15760252,"Daichi Kato","2026-04-28 05:02:05",0.76794,1,daichikato
9156,15756483,"Michael Alcena","2026-04-28 05:26:15",0.76794,1,michaelalcena
9157,15764044,SenthilKumar2185,"2026-04-28 10:09:27",0.76794,2,senthilkumar2185
9158,15763859,"Wafiq Razy38","2026-04-28 10:33:56",0.76794,3,wafiqrazy38
9159,15765224,想去看海,"2026-05-01 10:27:37",0.76794,4,iamyouare
9160,15768181,pashatilga,"2026-04-28 15:50:58",0.76794,1,pashatilga
9161,15768533,"Neelam #3","2026-04-28 16:29:12",0.76794,2,neelam1710
9162,15747607,"Roshni Dakhare","2026-05-04 07:10:07",0.76794,4,roshnidakhare
9163,15770940,"Amine REMMAL","2026-04-28 19:44:31",0.76794,1,amineremmal
9164,15772730,DEAKel,"2026-04-28 23:42:48",0.76794,1,deakel
9165,15774340,"[Deleted] 5459249a-1d4d-4fd2-a578-d6771a060c52","2026-04-29 03:08:58",0.76794,1,enesdemirell
9166,2435248,jomutta,"2026-04-29 03:30:32",0.76794,1,jomutta
9167,15778115,KevinCheng0906,"2026-04-29 08:56:05",0.76794,1,kevincheng0906
9168,12307244,"Daniel Koynov","2026-04-29 10:29:58",0.76794,1,danielkoynov
9169,15779409,"Faris Alamri","2026-04-29 10:56:43",0.76794,1,farisalamri
9170,15780496,xieyun1,"2026-05-08 14:10:52",0.76794,3,xieyun1
9171,15780813,iii1261,"2026-04-29 12:42:38",0.76794,1,iii1261
9172,15781384,"vibhasha Suthar","2026-04-29 13:25:30",0.76794,1,vibhashasuthar
9173,15783753,"Lara Linhares","2026-04-29 16:22:14",0.76794,3,laralinhares
9174,13603344,"Evelyn Hartono","2026-04-29 19:22:05",0.76794,1,evelynhartono
9175,15786313,"Devashish Sharma #5","2026-04-29 20:06:18",0.76794,2,devashish177
9176,15786619,"Abhishek Mallela","2026-04-29 20:37:45",0.76794,1,dynova
9177,15786977,"Kübra Parmak","2026-04-29 21:30:25",0.76794,1,kbraparmak
9178,15787938,matsurio2317,"2026-04-30 05:42:48",0.76794,4,matsurio2317
9179,15744585,𢰝木敦,"2026-04-30 06:55:08",0.76794,3,samatsushi
9180,14123264,"Mehedi #3","2026-04-30 06:54:38",0.76794,1,mehedi2207
9181,15792194,PrewittZhao,"2026-05-01 14:52:32",0.76794,6,prewittzhao
9182,15795737,"Mochamad Irdan Iqbal Zhafranni","2026-04-30 11:35:29",0.76794,1,mirdaniz
9183,15796256,"Mathew Cibi","2026-04-30 12:21:56",0.76794,1,mathewcibi
9184,15551263,mocak123,"2026-04-30 23:16:53",0.76794,4,mocak123
9185,15817949,"jolian Wassof","2026-05-01 16:42:19",0.76794,1,jolianwassof
9186,15820084,George_Vlassis10,"2026-05-01 19:37:32",0.76794,1,georgevlassis10
9187,15821530,tech-lunch,"2026-05-01 23:52:13",0.76794,1,techlunch
9188,15821533,حسين_خليل_ابراهيم,"2026-05-01 23:54:13",0.76794,1,hussain40404
9189,13875326,"Min-Hsiu Chiang","2026-05-05 14:07:14",0.76794,8,minhsiuchiang
9190,15730931,LinYuTing1027,"2026-05-02 10:48:19",0.76794,2,linyuting1027
9191,15015306,"Gloire Bisimwa","2026-05-02 11:00:34",0.76794,3,gloirebisimwa
9192,15739066,"ANDREW RASMUSSEN 6","2026-05-02 13:48:17",0.76794,2,andrewrasmussen6
9193,15829335,"Wei 1220","2026-05-02 19:01:10",0.76794,2,wei1220
9194,15833718,Michael888,"2026-05-03 04:00:39",0.76794,2,jake666
9195,15839988,"Hanif Hossain","2026-05-03 15:34:20",0.76794,1,hanifhossain
9196,15840728,teastyle,"2026-05-05 05:55:25",0.76794,2,teacup2077
9197,15842704,College,"2026-05-04 00:28:24",0.76794,1,foxthehaker
9198,15842911,"Haruna Shimizu","2026-05-04 01:25:19",0.76794,1,sasamikatsu
9199,15843795,tktech0418,"2026-05-04 04:05:31",0.76794,1,tktech0418
9200,15844895,"Sagar Gandhi","2026-05-04 06:49:17",0.76794,2,sagargandhi
9201,15264959,"Rawsie Nguyen","2026-05-04 17:39:59",0.76794,3,rawsienguyen
9202,7602574,"Faouzi Fal","2026-05-05 13:34:14",0.76794,4,faouzifal
9203,15855064,F.Ikema,"2026-05-05 07:51:30",0.76794,4,fikema
9204,15859757,"ASHISH RANJAN","2026-05-05 09:51:14",0.76794,1,ashi24cc
9205,15862300,"Anubhab Ghose","2026-05-05 14:00:30",0.76794,1,anubhabghose
9206,15863609,F600,"2026-05-05 15:56:32",0.76794,1,gabriel600
9207,15864004,"Omar Kamran Ch Sajid","2026-05-05 16:40:05",0.76794,1,omarkamranchsajid
9208,15866002,"Lilong Zhang","2026-05-06 04:15:21",0.76794,3,lilongzhang
9209,15868672,"Fatih Dzaki","2026-05-06 01:51:24",0.76794,1,fatihdzaki
9210,15551811,ZheMa0306,"2026-05-06 06:25:35",0.76794,2,zhema0306
9211,15873213,"YuFeng Duck Huang","2026-05-06 09:17:25",0.76794,1,yufengduckhuang
9212,15877013,"Vũ Minh Khang","2026-05-06 15:49:02",0.76794,1,vminhkhang
9213,15877696,"V D","2026-05-06 17:17:04",0.76794,2,vilrosesdaquiado
9214,3992999,"Sangyoon Jun","2026-05-08 00:34:58",0.76794,7,sangyoonjun
9215,15882041,momenaashraf,"2026-05-07 05:10:55",0.76794,1,momenaashraf
9216,15882517,"Yasukuni So","2026-05-07 06:04:50",0.76794,1,yasukuniso
9217,15882552,"Kaung Sett Han","2026-05-07 06:09:09",0.76794,1,kaungsetthan
9218,15882558,"Jin Dongzhen","2026-05-07 06:09:56",0.76794,1,jindongzhen
9219,15882946,"wanglei #3","2026-05-07 06:45:02",0.76794,1,woahaokai6
9220,15883839,"Алексей Руднев","2026-05-07 08:05:06",0.76794,1,zemejr
9221,15884717,"YU QIUXIANG","2026-05-07 09:17:40",0.76794,1,yuqiuxiang
9222,15885559,assent,"2026-05-07 14:11:37",0.76794,10,assent0817
9223,15893658,"Minn Khant","2026-05-08 05:27:25",0.76794,1,minn2017
9224,15900004,Mentsuyu_per_Water,"2026-05-08 15:47:43",0.76794,1,mentsuyuperwater
9225,15905869,Sniperrer,"2026-05-09 05:14:22",0.76794,1,sniperrer
9226,15906662,"Sakura Sekiguchi","2026-05-10 02:18:41",0.76794,2,sakurasekiguchi
9227,15907696,"Sachin kumar #2","2026-05-09 08:46:03",0.76794,2,sachinkrishna07
9228,15910995,"Manav Parmar","2026-05-09 14:14:25",0.76794,1,manavparmar24
9229,15911309,"Ashley Thomas #2","2026-05-09 14:46:57",0.76794,1,ashleythoms
9230,14930517,"Vivan Singh","2026-05-10 18:26:46",0.76794,5,vivansingh
9231,15911939,"Alexander Solevåg","2026-05-09 16:22:07",0.76794,2,alexandersolevg
9232,15912928,YannicSchnepf,"2026-05-09 18:17:13",0.76794,1,yannicschnepf
9233,15913798,"Tal Boazy","2026-05-09 20:42:31",0.76794,2,talboazy
9234,15914701,jimegfd,"2026-05-10 01:05:20",0.76794,1,jimegfd
9235,15904933,huajiyibu,"2026-05-11 01:22:43",0.76794,5,huajiyibu
9236,15916427,Himan_aror_04,"2026-05-10 07:27:49",0.76794,3,himanaror041104
9237,15916501,"Saad Munir","2026-05-10 07:18:35",0.76794,1,smunir25
9238,14071313,"satsural tumurbat","2026-05-10 12:09:36",0.76794,4,satsuraltumurbat
9239,15016310,"Roman Gyzhov (demi-un)","2026-05-10 14:15:50",0.76794,2,romangyzhovdemiun
9240,5828384,"Ricky Cheng221","2026-05-11 03:17:35",0.76794,1,rickycheng221
9241,15925151,xie1034865101,"2026-05-12 01:16:03",0.76794,3,xie1034865101
9242,15925481,Qianhhh_Wang,"2026-05-11 08:08:34",0.76794,2,qianhhhwang
9243,3903003,"Bill Ma #2","2026-05-11 08:02:01",0.76794,1,u1604521
9244,15926247,umnkgyfp43283,"2026-05-11 09:25:18",0.76794,1,umnkgyfp43283
9245,15924684,"Kibria Hossen","2026-05-11 11:15:27",0.76794,8,kibriahossen
9246,15927192,"Aung Ko Ko","2026-05-11 11:14:21",0.76794,1,aungkokoo
9247,15850140,"Ankhchimeg Ganzorig","2026-05-11 13:39:43",0.76794,2,ankhchimegganzorig
9248,15850263,"Bilguun Otgonbayar","2026-05-11 13:43:35",0.76794,2,bilguunotgonbayar
9249,15850228,"Zolzaya Namdag","2026-05-11 13:56:00",0.76794,5,zolzayanamdag
9250,15045356,Louichamp,"2026-05-12 03:41:56",0.76794,24,louichamp
9251,15934724,"Muhammad Olimboyev","2026-05-12 05:12:35",0.76794,1,muhammadolimboyev
9252,11534366,HOTAPES,"2026-05-12 10:49:16",0.76794,2,hotapes
9253,15937073,"Dong Hanyuan","2026-05-12 14:39:34",0.76794,2,donghanyuan
9254,15939119,"Thathagari Nani Nikhil","2026-05-12 13:28:42",0.76794,1,thathagarinaninikhil
9255,15939180,"ismail hajji","2026-05-12 13:47:11",0.76794,3,ismailhajji1
9256,15939667,sunilpentapalli,"2026-05-12 14:29:38",0.76794,2,sunilpentapalli
9257,13847424,"Jaied Hasan Emon","2026-03-13 12:07:01",0.76555,1,jaiedhasanemon
9258,12938331,nagi_physics,"2026-03-13 12:11:01",0.76555,1,nagiphysics
9259,5432935,kagemeka,"2026-05-12 12:51:56",0.76555,121,kagemeka
9260,14481003,tnskgl,"2026-05-12 12:51:58",0.76555,121,tnskgl
9261,15397488,"lin xingfeng","2026-03-13 13:49:46",0.76555,1,linxingfeng
9262,15398148,"Shrinjoy Ghosh","2026-03-13 16:10:19",0.76555,3,shrinjoyghosh
9263,15172077,JChn123!,"2026-03-13 18:53:54",0.76555,3,jchn123
9264,15399708,"Henrique Vettori","2026-03-14 00:19:18",0.76555,1,henriquevettori
9265,15389606,"fan fff2","2026-03-14 04:06:46",0.76555,1,fanfff2
9266,14965575,"Anthony Junior Adjei","2026-03-22 07:13:58",0.76555,3,akwasiadjei
9267,15355587,"BALADURGA G","2026-05-12 07:04:00",0.76555,60,baladurgag24
9268,15355595,HARIHARAN24S,"2026-05-12 07:04:10",0.76555,62,hariharan24s
9269,15401308,liweixi2253014,"2026-03-14 08:31:24",0.76555,3,liweixi111
9270,15389561,fallings,"2026-03-22 09:00:07",0.76555,9,fallings
9271,15401660,"ngw Chu","2026-03-14 09:25:50",0.76555,1,ngwchu
9272,15402676,Myraanggg,"2026-03-14 12:57:28",0.76555,1,myraanggg
9273,15403517,"Jessica Enes","2026-03-14 16:39:35",0.76555,1,jessicaenes
9274,15404064,"Tomlee Abila","2026-03-14 19:32:16",0.76555,1,tomleeabila
9275,15405223,"Aniket Meshram","2026-03-15 05:24:42",0.76555,1,aniketbmeshram
9276,15405481,fanyimiao2253064,"2026-03-15 06:53:21",0.76555,1,fanyimiao2253064
9277,15405654,gbnguyen,"2026-03-15 07:50:38",0.76555,1,gbnguyen
9278,15362621,ALam13579,"2026-03-15 08:24:01",0.76555,1,alam13579
9279,15406288,"Kavya Bhatt","2026-03-15 10:18:14",0.76555,1,kavyabhatt820
9280,15406564,"Thida Win Pyae","2026-03-17 06:43:22",0.76555,2,thidawinpyae
9281,15407339,"HỒNG TRANG","2026-03-15 13:28:37",0.76555,1,hngtrangggggggggg
9282,15409320,VHordieieva,"2026-03-15 21:26:00",0.76555,4,vhordieieva
9283,15409979,Luisiño,"2026-03-16 00:40:23",0.76555,1,luisio
9284,15377989,"Hong #6","2026-03-16 02:28:51",0.76555,1,hong111111
9285,15410908,gaohuhu,"2026-03-16 05:17:12",0.76555,3,gaohuhu
9286,15410960,xin-01-01,"2026-03-16 05:08:15",0.76555,2,xin0101
9287,15274138,"Jisung woo","2026-03-16 06:45:42",0.76555,1,jisung77
9288,15411415,"ENDURANCE SHAKSON","2026-03-16 06:49:20",0.76555,1,enduranceshakson
9289,15411545,"Hiroaki Matsuo","2026-03-16 07:14:52",0.76555,1,hiroakimatsuo
9290,15411737,"Sean Wanitchollakit","2026-03-16 08:15:33",0.76555,3,seanwanitchollakit
9291,15411931,"choijieun #2","2026-03-16 08:42:15",0.76555,2,jieun0609
9292,15411943,high29,"2026-03-16 09:36:38",0.76555,4,high29
9293,15411948,leyerin,"2026-03-16 09:11:57",0.76555,2,leyerin
9294,15411951,dledodo,"2026-03-16 09:20:32",0.76555,2,dledodo
9295,15411962,asdfqw1,"2026-03-16 09:28:33",0.76555,2,asdfqw1
9296,15411935,rkdtmf819,"2026-03-16 09:41:19",0.76555,2,rkdtmf819
9297,15411960,WonhyeokChoi,"2026-03-16 09:44:34",0.76555,5,wonhyeok06
9298,15411975,KimDongYeon,"2026-03-16 09:25:58",0.76555,3,kidoye
9299,15411977,최예진,"2026-03-16 09:49:16",0.76555,3,choiyejin20222759
9300,15411982,"LIM SOYOON","2026-03-16 09:04:45",0.76555,2,limsoyoon
9301,15411988,김진솔hfgghsrw,"2026-03-16 08:35:59",0.76555,1,hfgghsrw
9302,15411990,이유진,"2026-03-16 10:02:07",0.76555,2,leeujin20222742
9303,15411994,damdam,"2026-03-16 09:47:35",0.76555,2,gkfnda
9304,15411947,thkim3174,"2026-03-16 09:11:54",0.76555,2,thkim3174
9305,15412068,"Phoebe KIm Hallym","2026-03-16 08:45:15",0.76555,1,phoebekimhallym
9306,15412081,"YESON JIN","2026-03-16 09:44:31",0.76555,2,yesonjin
9307,15412119,mama11,"2026-03-16 08:49:38",0.76555,1,marcocibro11
9308,15412211,asasdsa,"2026-03-16 09:30:09",0.76555,2,asasdsaasdf
9309,2906425,"Mutiev Fedor","2026-03-16 09:35:58",0.76555,1,mutiev
9310,15412715,VNVILE,"2026-03-16 10:30:12",0.76555,1,vnvile
9311,15413010,2253082,"2026-03-16 11:12:31",0.76555,1,zhangsijia2253082
9312,15413720,"ChiChing Cheung","2026-03-16 13:26:44",0.76555,2,cccheungal
9313,15413811,"Tang Tsz Kiu","2026-03-16 13:41:11",0.76555,1,tangtszkiu
9314,15413947,秉烛月夜,"2026-03-16 14:01:02",0.76555,1,bingzhuyue
9315,15409145,majda.kmm,"2026-03-16 14:39:30",0.76555,2,majdakmm
9316,15414351,ACCSCI,"2026-03-16 14:59:17",0.76555,1,accsci
9317,15414759,rudyon,"2026-03-16 16:03:23",0.76555,1,rudyon
9318,15414807,sibuladu,"2026-03-16 16:20:20",0.76555,1,sibuladu
9319,15375374,"Leung Man Hei","2026-03-16 16:55:27",0.76555,1,chloe222333
9320,15415412,"Brenno Santos","2026-03-16 23:54:54",0.76555,2,brennow
9321,15415497,walhut,"2026-03-16 18:25:37",0.76555,1,walhut
9322,15415448,"2522101 栗原 優海","2026-03-16 18:30:37",0.76555,4,yuumi44311
9323,15346614,"Jorge Sierra Martínez","2026-03-18 19:33:30",0.76555,4,jorgesierramartnez
9324,15416055,"Rezanur Rahman Tomal","2026-03-16 20:39:11",0.76555,1,rezanurrahmantomal
9325,15417488,"Jocelin Angela","2026-03-17 02:52:33",0.76555,1,jocelinangela
9326,15417463,"BNBU_Chenwen Fan","2026-03-17 03:27:01",0.76555,3,buerchener
9327,15417847,"isaac yeung","2026-03-17 04:11:59",0.76555,2,isaacyeung
9328,15417969,2252980,"2026-03-17 04:30:16",0.76555,1,magicyoe
9329,15418033,"Pakeeza Tayyab","2026-03-20 18:30:08",0.76555,2,pakeezatayyab
9330,15418081,Aryx0910,"2026-03-17 04:48:30",0.76555,1,aryx0910
9331,15418226,"VK #2","2026-03-17 05:30:32",0.76555,2,vinikr
9332,15374420,"Guanyu Lu","2026-03-17 06:04:20",0.76555,1,guanyulujcu
9333,15418448,陶真2253059,"2026-03-17 06:13:06",0.76555,1,kellytao
9334,15418533,knaaaaa,"2026-03-19 01:07:48",0.76555,5,knaaaaa
9335,15395521,"Yan Lin","2026-03-17 06:47:47",0.76555,2,linnn01
9336,15418744,"Didar Kudaibergenov","2026-03-17 06:51:34",0.76555,1,didarkudaibergenov
9337,15418831,"Allen Reji","2026-03-17 07:36:05",0.76555,3,allenreji
9338,15419165,M2M2,"2026-03-18 09:47:02",0.76555,2,m2m2py
9339,15419284,2252976,"2026-03-17 08:19:41",0.76555,1,kur1su0725
9340,15419345,Xianyu5411,"2026-03-17 08:24:20",0.76555,1,xianyu5411
9341,15419545,"Isa Jamadar","2026-03-17 08:51:51",0.76555,1,isajamadar
9342,15420012,"zhu tingting1357","2026-03-17 10:03:57",0.76555,1,zhutingting1357
9343,15417931,"Tsolmon Tsolmon","2026-03-17 10:24:22",0.76555,1,tsolmontsolmon
9344,15390546,"Pablo Monedero Casas","2026-03-17 12:17:25",0.76555,1,pablomonederocasas
9345,15421141,"Lo Hiu Yan","2026-03-17 12:47:30",0.76555,1,lohiuyan
9346,15421239,"Peter White #4","2026-03-17 13:02:13",0.76555,1,plwhite
9347,15421444,"Мажара Александра","2026-03-17 13:59:44",0.76555,5,majaraalexandra
9348,15421577,gzkeee,"2026-03-17 13:46:38",0.76555,1,gzkeee
9349,15421441,"Phyo Thaw","2026-03-17 13:52:25",0.76555,1,phyothaw
9350,15415729,"Raayan Ali","2026-03-17 15:15:19",0.76555,1,raayanali
9351,15423967,"Huỳnh Gia Bảo","2026-03-17 18:55:53",0.76555,3,gbbnhoxb
9352,15425065,"Peter Panzitt","2026-03-17 20:23:25",0.76555,1,peterpanzitt
9353,1335898,"Jialin Yi","2026-03-17 22:16:53",0.76555,3,jasonyijialin
9354,15426438,fin114515,"2026-03-18 00:35:56",0.76555,1,fin114515
9355,14427743,"ngcminhhhh ","2026-03-18 08:27:46",0.76555,1,ngcminhhhh
9356,15430073,yaosida,"2026-03-18 09:32:00",0.76555,1,anppanata
9357,14901566,"Ruslan #8","2026-03-18 12:57:55",0.76555,2,ruskolo
9358,15431721,"Debjit Mondal","2026-03-18 13:46:31",0.76555,1,debjitmondal
9359,15432105,Kumakoko,"2026-03-18 14:39:13",0.76555,2,kumakoko
9360,15346616,"Alejandro Meneses López","2026-03-18 19:56:09",0.76555,3,alejandromeneseslpez
9361,15434819,"Isabella Garcia","2026-03-18 20:41:35",0.76555,3,isabellagarcia07
9362,15436785,"Khadija Bourkhis","2026-03-19 00:52:24",0.76555,2,khadijabourkhis
9363,15437140,"BNBU Liu Haoyu","2026-03-19 02:41:01",0.76555,3,saltpepper18
9364,14775605,dev.Heony,"2026-03-19 02:55:18",0.76555,1,devheony
9365,15437635,최나영,"2026-03-19 02:55:22",0.76555,1,chlskdud
9366,15437637,"dddd #5","2026-03-19 02:55:29",0.76555,1,ffffffff453
9367,15437642,fbdmltkd5866@gmail.com,"2026-03-19 02:56:57",0.76555,1,fbdmltkd5866gmailcom
9368,15437658,"Blake Sils","2026-03-19 02:58:52",0.76555,1,blakesils
9369,15437667,jungyubin,"2026-03-19 03:00:03",0.76555,1,yubin03
9370,15437684,djkljdklll,"2026-03-19 03:02:52",0.76555,1,djkljdklll
9371,15438821,"Mosopefoluwa John","2026-03-19 06:00:43",0.76555,1,mosopefoluwajohn
9372,4958132,"Osamu Yokoi","2026-03-19 06:19:36",0.76555,1,osamuyokoi
9373,15064430,"Adil Anuarbek","2026-03-19 08:16:44",0.76555,1,adilanuarbek
9374,14987376,loktevra,"2026-03-19 08:21:25",0.76555,1,loktevra
9375,12973084,@月栖yqYQ,"2026-03-19 08:35:09",0.76555,1,yqyq1111
9376,14827718,"Takaharu Shiraki","2026-03-19 08:36:34",0.76555,1,takaharushiraki
9377,15439756,"Tín Ngô Trung","2026-03-19 08:44:38",0.76555,3,tnngtrung006
9378,15423837,"Prakriti Singh #4","2026-03-19 13:29:51",0.76555,3,kittyxoxo
9379,15443790,HugoMGuedes,"2026-03-19 18:37:10",0.76555,2,hugomguedes
9380,15443806,"Sukhmanpreet Singh","2026-03-19 18:12:53",0.76555,1,sukhmansekhon12
9381,15444196,Александра,"2026-03-20 10:22:51",0.76555,4,almzzz
9382,15444335,iscapla,"2026-03-19 19:43:34",0.76555,1,iscapla
9383,15445414,"Trung tín Nguyễn","2026-03-20 00:40:21",0.76555,1,tintin100
9384,15395834,王yaaaaa,"2026-03-20 02:33:14",0.76555,1,donkkk666
9385,15446221,qinxiao,"2026-03-20 04:18:46",0.76555,1,qinxiao111
9386,15446308,rabaa28,"2026-03-20 04:59:34",0.76555,5,rabaa28
9387,15448074,"Bharath Rajeev123","2026-03-20 09:37:51",0.76555,2,bharathrajeev123
9388,15448250,Marudi,"2026-03-20 15:30:42",0.76555,4,marudi
9389,15448867,"Data Pne","2026-03-20 11:41:42",0.76555,1,datapne
9390,15449376,nonocrying,"2026-03-20 12:35:44",0.76555,2,nonocrying
9391,15450013,Ritikroshan4857,"2026-04-01 16:31:38",0.76555,9,ritikroshan4857
9392,15450131,NorihiroTogashi,"2026-03-20 13:51:34",0.76555,1,norihirotogashi
9393,12771275,Yuki.26.I,"2026-03-20 13:54:33",0.76555,1,yuki26i
9394,15450370,RajaKegelapan67,"2026-03-20 14:15:23",0.76555,2,rajakegelapan67
9395,15451574,kevin.eaja8,"2026-03-20 15:48:58",0.76555,1,kevineaja8
9396,15452402,mako2077,"2026-03-20 17:03:29",0.76555,1,mako2077
9397,15452846,MiniPochan,"2026-03-20 18:02:12",0.76555,1,minipochan
9398,15453302,"北原 大雅","2026-03-20 19:59:28",0.76555,1,hir0ds
9399,15102736,"Joshua Ventus","2026-03-20 22:06:45",0.76555,1,joshuaventus
9400,15454111,"Andrew Qi","2026-03-21 01:34:13",0.76555,2,andrewqi88
9401,15454674,yuuun__n0,"2026-03-21 05:27:25",0.76555,3,yuuunn0
9402,15454727,"Conrado Kappes","2026-03-21 04:46:53",0.76555,1,conradokappes
9403,15454880,johnqyh,"2026-03-21 05:36:04",0.76555,1,johnqyh
9404,15455087,斯卡迪wwwwwwwwLAoda,"2026-03-21 06:21:19",0.76555,1,wwwwwwwwlaoda
9405,15455531,golgo031,"2026-03-22 07:29:56",0.76555,2,golgo031
9406,15455904,"Aiswarya Lakshmi E S","2026-03-21 09:27:19",0.76555,1,aiswaryalakshmi01
9407,6323475,tartarusz,"2026-03-21 10:49:22",0.76555,1,tartarusz
9408,15456327,taoenqi,"2026-03-21 11:10:56",0.76555,1,taoenqi
9409,15456422,"Mahima Kumari","2026-03-21 11:35:06",0.76555,1,mahimakumari786
9410,15456777,niuwenzhuo,"2026-03-21 13:02:35",0.76555,1,niuwenzhuo
9411,15458025,"zyf ","2026-03-21 15:26:04",0.76555,1,zyf66666
9412,15410989,"Randy V","2026-03-21 17:53:15",0.76555,4,randyv
9413,15459396,"Abhik Konar","2026-03-21 18:27:49",0.76555,1,abhikkonar
9414,15459859,"powerr spyy","2026-03-21 20:24:45",0.76555,2,powerrspyy
9415,15460209,TylerDudley5,"2026-03-22 16:47:51",0.76555,13,tylerdudley5
9416,15460352,vmoranv,"2026-03-22 01:23:07",0.76555,1,vmoranv
9417,15460417,Naswop,"2026-03-22 01:55:03",0.76555,1,naswop
9418,15460776,hagiwaraHRT,"2026-03-22 04:36:00",0.76555,1,hagiwarahrt
9419,15461211,"Fengze Han","2026-03-22 06:35:03",0.76555,1,fengzehan
9420,15461164,"Charan Teja Raipally","2026-03-22 10:05:51",0.76555,3,charantejaraipally
9421,15379735,柳枝兔123,"2026-03-22 08:15:48",0.76555,1,liuzhitu
9422,15462406,Guogio,"2026-03-22 09:04:23",0.76555,1,guogio
9423,15462645,Sprows,"2026-03-22 09:30:55",0.76555,1,sprows
9424,15462672,"JEE SEOKHYUN","2026-03-22 10:19:53",0.76555,8,jeeseokhyun
9425,15462735,hengxin900,"2026-03-22 09:40:48",0.76555,1,hengxin900
9426,15462834,linxiao407,"2026-03-22 09:58:25",0.76555,1,linxiao407
9427,15462935,"YungFu Chiang","2026-03-22 10:19:09",0.76555,1,yungfuchiang
9428,15463280,"tsing hua","2026-03-22 12:05:01",0.76555,2,tsinghua666
9429,11732918,"yangyu #2","2026-03-22 12:41:35",0.76555,2,yangyuethz
9430,15463508,Cr1son,"2026-03-22 12:59:10",0.76555,1,cr1son
9431,15463878,"Rudraksh Dosi","2026-03-22 13:07:41",0.76555,1,rudrakshdosi
9432,15463951,"LONG TRẦN BẢO PHÚC","2026-03-22 13:23:36",0.76555,1,longtrnbophc
9433,15463206,dreamandwalk,"2026-03-22 13:46:51",0.76555,1,dreamandwalk
9434,15464126,xswaaaa,"2026-03-22 13:52:35",0.76555,1,xswaaaa
9435,15464202,"Nguyễn Thị Hồng Nhung","2026-03-22 14:02:25",0.76555,1,hn5052670
9436,15464315,"Arum Bui","2026-03-22 14:18:41",0.76555,1,arumbui
9437,15464368,"Viktor Tevosyan","2026-03-22 20:35:05",0.76555,8,viktortevosyan
9438,15464636,"Jiadong Zhang (99_wood)","2026-03-28 04:12:03",0.76555,5,jiadongzhang99wood
9439,15465152,gfgmzk,"2026-03-22 17:21:00",0.76555,1,gfgmzk
9440,6028878,"Chaelin Yeo","2026-03-22 18:18:42",0.76555,1,chaelinyeo
9441,15466110,"THÀNH TĂNG CÔNG","2026-03-22 23:03:36",0.76555,1,thnhtngcng
9442,15087437,"Steven Bernal Tovar","2026-03-22 23:50:31",0.76555,1,kaiziferr
9443,15466356,vitayy,"2026-03-23 00:24:41",0.76555,3,vitayy
9444,15466372,"Andrii Khrupalyk","2026-03-23 00:36:37",0.76555,2,andriikhrupalyk
9445,15467621,"Abhi Shah","2026-03-23 05:44:21",0.76555,1,abhishah538
9446,15467782,tai,"2026-03-23 06:19:26",0.76555,1,nemutai64
9447,15468251,guns6562,"2026-03-23 11:49:13",0.76555,6,guns6562
9448,15468296,dhdyxji38,"2026-03-23 07:52:30",0.76555,1,dhdyxji38
9449,15468471,Orangefine,"2026-03-23 12:41:11",0.76555,4,orangefine
9450,15468628,Mosejong,"2026-03-23 08:46:41",0.76555,1,mosejong
9451,15468736,vortex4644,"2026-03-23 09:07:18",0.76555,1,vortex4644
9452,15468738,BhimavarapuPujitha,"2026-03-23 09:07:34",0.76555,1,bhimavarapupujitha
9453,15468797,"kasturi sasank","2026-03-23 09:17:49",0.76555,1,kasturisasank
9454,15468893,"Vamsi Krishna Nagumotu","2026-03-23 09:28:11",0.76555,1,vamsiii03
9455,14697283,linhongyeee,"2026-03-23 15:39:07",0.76555,2,linhongyeee
9456,15468983,"Bhavya Varshitha","2026-03-23 09:43:13",0.76555,1,bhavyavarshitha
9457,15383645,"David Ljungqvist","2026-03-26 09:45:02",0.76555,9,davidljungqvist
9458,15471353,wanpai,"2026-03-23 15:28:20",0.76555,6,wanpai
9459,15470615,"Harish Parajuli","2026-05-11 03:08:30",0.76555,3,harishparajuli
9460,15471583,"Quanming Zhu","2026-03-23 15:36:16",0.76555,1,quanmingzhu
9461,15468018,"Frankline Misango","2026-03-23 16:21:12",0.76555,3,franklinemisango
9462,15240401,CalebReed27,"2026-03-23 20:36:30",0.76555,5,calebreed27
9463,15473885,"Trever F","2026-03-24 14:19:42",0.76555,6,treverf
9464,15473973,"Noushin B","2026-03-23 21:31:07",0.76555,3,noushinb
9465,15240393,"Andrew Nolan #2","2026-03-24 04:12:50",0.76555,6,andrewnten
9466,15475586,"Kiên Nguyễn #2","2026-03-24 04:12:49",0.76555,1,kiendauten
9467,15475899,Yamari,"2026-03-24 05:15:26",0.76555,1,ya3qrl
9468,15478528,jkl.,"2026-03-26 08:37:33",0.76555,2,mjjkyl
9469,15478587,anguzhao,"2026-04-26 13:18:25",0.76555,5,anguzhao
9470,15476727,qingtianliukai,"2026-03-25 05:53:13",0.76555,11,qingtianliukai
9471,15478861,"Emiliano Falero","2026-03-24 13:55:50",0.76555,1,emilianofalero
9472,15478950,"Anh Nguyễn Văn Tuấn","2026-03-24 14:09:16",0.76555,1,valentino2411
9473,12526437,"Hadziqul Falah","2026-03-24 14:11:06",0.76555,1,hadziqulfalah
9474,15479677,nathan_higgs,"2026-03-26 12:16:08",0.76555,2,nathanhiggs
9475,15480068,Aezqual,"2026-05-08 17:05:08",0.76555,6,aezqual
9476,15480131,kingbong,"2026-03-26 06:24:35",0.76555,2,xangod
9477,15480600,"FELIPE LEOPOLDO ZANETTI","2026-03-24 19:59:52",0.76555,2,felipe231
9478,14337760,eduardolsilva35,"2026-03-25 14:30:58",0.76555,2,eduardolsilva35
9479,15480968,"[Deleted] 0f775b15-08aa-424d-8133-7de9b739839f","2026-03-24 21:36:08",0.76555,1,del=35389b7c3c658154
9480,15481491,dwagrwfe,"2026-03-25 01:16:55",0.76555,1,dwagrwfe
9481,15481645,Abhishektiwari8419,"2026-03-25 02:22:33",0.76555,1,abhishektiwari8419
9482,15481939,eric_nanashi,"2026-03-25 03:38:51",0.76555,1,ericnanashi
9483,15482682,"Farhan Zulfadhli","2026-03-25 06:30:17",0.76555,1,farhanzulfadhli
9484,15483581,Karimunissa,"2026-03-25 09:25:33",0.76555,1,karimunissa
9485,14086913,"kiki #5","2026-03-25 09:45:46",0.76555,1,kikimin01
9486,3523425,Sacr1ficer,"2026-03-25 14:59:22",0.76555,1,sacr1ficer
9487,14315456,marumar,"2026-03-25 15:36:19",0.76555,3,marumar
9488,15486354,"Фёдор Алифанов","2026-04-11 16:18:13",0.76555,5,psychocoderxd
9489,15487114,"Chaitanya Pratiyush","2026-03-25 19:06:45",0.76555,3,chaitanyapratiyush
9490,15487272,"Janet Peters","2026-03-25 19:23:47",0.76555,1,janet2212
9491,15488472,"yechan yun","2026-03-25 23:53:30",0.76555,2,mryun123
9492,15490889,"mejia kuhn","2026-03-26 03:22:24",0.76555,1,mejiakuhn
9493,15491667,UOM_230334H,"2026-03-27 00:40:40",0.76555,2,uom230334h
9494,15491902,"Zelia Wu","2026-04-12 11:17:20",0.76555,2,zeliawu
9495,15494174,"Arunangshu Pal123123","2026-03-26 11:11:45",0.76555,1,arunangshupal123123
9496,13470571,Amika.Yasumura,"2026-03-26 11:19:50",0.76555,1,amikayasumura
9497,15481987,djklfcjn,"2026-03-26 13:32:15",0.76555,3,djklfcjn
9498,15495279,UOM_210262P,"2026-03-26 19:25:28",0.76555,3,uom210262p
9499,15481942,RayyTsai,"2026-03-26 14:52:58",0.76555,3,rayytsai
9500,15496675,UOM_230601B,"2026-03-26 17:45:57",0.76555,1,uom230601b
9501,12038401,Arkhamsecrets,"2026-03-27 17:49:59",0.76555,6,arkhamsecrets
9502,4225160,"Kristin Snopkowski","2026-05-08 19:17:41",0.76555,9,kristinsnopkowski
9503,15497501,Andys.Adv,"2026-03-26 20:45:21",0.76555,1,andysadv
9504,15497781,AbdelrahmanBadawy16,"2026-03-26 21:58:59",0.76555,1,abdelrahmanbadawy16
9505,15003053,"Anusan Krishnathas","2026-03-27 05:19:47",0.76555,4,anusankrishnathas
9506,15499992,yyyzqzr,"2026-03-27 06:31:46",0.76555,2,yyyzqzr
9507,15500522,KeisukeSakamoto.nc,"2026-03-27 08:05:36",0.76555,1,keisukesakamotonc
9508,15487378,sud11011988,"2026-03-27 09:53:29",0.76555,12,sud11011988
9509,15501009,rodriz19,"2026-03-27 09:41:14",0.76555,1,rodriz19
9510,14333555,gtvfn121,"2026-03-27 13:42:50",0.76555,1,gtvfn121
9511,15497758,"Nelson Eugênio da Silveira Neto","2026-03-27 17:57:46",0.76555,6,revereneo
9512,15503622,"Shaheena Sheikh","2026-03-27 17:22:28",0.76555,1,shaheenasheikhh
9513,15504651,"Fatima Dormoush","2026-03-28 00:02:07",0.76555,1,fatimadormoush
9514,15504835,"ireoluwa oluwole","2026-03-28 03:31:53",0.76555,2,ireo234
9515,15505932,"Sampoorn Sharma","2026-03-28 12:17:59",0.76555,4,sampoornsharma
9516,15506222,QingZhiLiangCheng,"2026-03-28 08:38:30",0.76555,1,qingzhiliangcheng
9517,15506239,"hf y (Clizcrm)","2026-03-28 08:43:00",0.76555,1,hfyclizcrm
9518,15506912,"Shayan Ahmed Khan ","2026-03-28 11:08:01",0.76555,1,shayan691
9519,15507852,sala1x,"2026-03-28 14:19:32",0.76555,1,sala1x
9520,15508157,Jeson123321,"2026-03-28 15:56:24",0.76555,5,jeson123321
9521,14492745,Tokaido,"2026-03-28 15:37:41",0.76555,1,tokaido
9522,15508492,"Toke Hiber","2026-03-28 16:56:55",0.76555,4,tokehiber
9523,15508822,"Artyom Suprun","2026-03-28 18:43:38",0.76555,2,artsprn
9524,15509187,"Andrew Belles","2026-03-28 20:36:31",0.76555,2,andrewbelles1
9525,15509465,iceadsf,"2026-03-28 21:31:49",0.76555,1,iceadsf
9526,15509614,MohamedAbdelaziz,"2026-03-28 22:45:03",0.76555,1,mohamedabdelaziz05
9527,15506760,"Rabindra Kumar Jena","2026-03-29 19:43:03",0.76555,10,rabindrakumarjena
9528,15510573,"Abhijeet Manale","2026-03-29 05:56:46",0.76555,3,abhijeetmanale
9529,15510936,"Seonghwan Won","2026-03-29 08:02:42",0.76555,2,seonghwanwon
9530,15369600,"Suixing Fu","2026-03-29 10:07:38",0.76555,1,suixingfu
9531,15510601,"Adyant Tiwari","2026-03-29 12:33:25",0.76555,2,adyanttiwari19
9532,13259812,"Anuj Muniyandi","2026-03-29 13:50:56",0.76555,1,anujmuniyandi
9533,15513071,"Tiago Rizzi","2026-03-29 14:39:33",0.76555,1,tiagorizzi
9534,15513199,"Nguyen Ares","2026-03-30 05:02:48",0.76555,3,nguyenares
9535,15513812,"Prajwal Karadi","2026-03-29 18:35:58",0.76555,5,prajwalkaradi
9536,15515101,"Shuxia Peng","2026-03-30 01:49:11",0.76555,1,shuxiapeng
9537,15515152,DaLiuWei,"2026-03-30 02:09:31",0.76555,1,daliuwei
9538,15515203,Satyasai,"2026-03-30 02:22:57",0.76555,1,satyasai23
9539,15516093,"PRAKHAR MAHESHWARI","2026-03-30 05:47:26",0.76555,1,prakharmaheshwari631
9540,15516782,"white #4","2026-03-30 08:11:32",0.76555,1,zxcvffgggg
9541,15517094,"Kumiko S","2026-03-30 09:00:09",0.76555,1,kumikos
9542,15517827,"sergey #2","2026-03-30 11:27:54",0.76555,1,sadsdfsdf
9543,15379680,"Rouchdati SAID AHMED","2026-03-30 14:07:11",0.76555,6,rouchdatisaidahmed
9544,15518446,Axelfor,"2026-03-30 13:29:12",0.76555,2,axelfor
9545,15519146,kazy.1104,"2026-03-31 13:04:41",0.76555,3,kazy1104
9546,15519628,"Rajat Mishra #2","2026-03-30 16:56:29",0.76555,1,rajatmishra3211
9547,15520609,"Maleke Triki","2026-03-30 20:48:15",0.76555,1,maleketriki
9548,15082258,beomjinhyeok,"2026-03-30 23:56:52",0.76555,1,beomjinhyeok
9549,15522878,"Baljot Singh Dhillon","2026-03-31 06:46:40",0.76555,1,baljotsinghdhillon
9550,15523161,"Leah Yoon","2026-03-31 07:44:55",0.76555,1,leahyoon
9551,15523613,ljnbb3,"2026-03-31 09:15:18",0.76555,1,ljnbb3
9552,15523910,chowonshark,"2026-03-31 11:18:35",0.76555,2,chowonshark
9553,14181285,"Merouane Arroudj","2026-03-31 11:24:28",0.76555,1,merouanearroudj
9554,15525185,"Zaphyer Modal","2026-03-31 15:54:43",0.76555,2,qasminumber
9555,3466372,Wood7,"2026-03-31 15:33:55",0.76555,1,skingslayer
9556,15525456,aaronhhc0615,"2026-03-31 15:37:13",0.76555,1,aaronhhc0615
9557,15526182,"Maria Mahamat","2026-04-02 18:26:45",0.76555,2,mariamahamat
9558,15526322,"Jasmine Wagner","2026-04-22 01:58:34",0.76555,7,jasminewagner
9559,15526392,"Makia Mahamat","2026-03-31 18:53:50",0.76555,1,makiamahamat
9560,15526307,Elequa,"2026-03-31 19:02:36",0.76555,1,elequa
9561,15526461,"Chad Menden","2026-03-31 19:15:45",0.76555,1,chadmenden
9562,15526504,"saurabh kumar #3","2026-05-09 14:30:06",0.76555,2,skyzz12
9563,15527481,ChLiTh,"2026-04-01 01:22:14",0.76555,1,chlith
9564,15528424,dhaanishssssssssssss,"2026-04-01 05:08:30",0.76555,1,dhaanishssssssssssss
9565,15461377,mayusuzuki55,"2026-04-01 07:45:13",0.76555,5,mayusuzuki55
9566,15389775,foxyouyou,"2026-04-01 08:33:46",0.76555,2,foxyouyou
9567,15530102,KATSSO,"2026-04-01 10:26:01",0.76555,1,katsso
9568,15309047,KaggleManamejeff,"2026-04-01 11:40:13",0.76555,1,kagglemanamejeff
9569,15530534,TERMINUS,"2026-04-01 11:42:49",0.76555,1,gdreallygoodman
9570,15530655,大橋陽介,"2026-04-13 11:48:35",0.76555,4,oharamo
9571,15530673,Qinguming,"2026-04-01 12:14:30",0.76555,1,qinguming
9572,15532752,"Sin Dwi","2026-04-01 18:14:24",0.76555,1,sindwi
9573,15532846,"paipai li","2026-04-01 18:44:33",0.76555,3,paipaili
9574,15535086,QianyuLIU,"2026-04-02 01:22:13",0.76555,1,larryqianyuliu
9575,15535308,"Tim Kindt","2026-04-02 02:00:24",0.76555,1,timkindt
9576,15535453,"Ashley Zahurak","2026-04-21 23:10:59",0.76555,6,ashleyzahurak
9577,14243512,"Juhn Chen","2026-04-02 03:35:12",0.76555,1,juhnchen
9578,15535933,hiro909890,"2026-04-02 03:54:58",0.76555,1,hiro909890
9579,12194580,Simarlar,"2026-04-02 08:05:15",0.76555,1,simarlar
9580,15535807,cunicorn,"2026-04-02 09:38:03",0.76555,2,cunicorn
9581,15538331,"tsunami Lu","2026-04-02 10:56:26",0.76555,2,tsunamilu
9582,15538825,Madhav_111925,"2026-04-02 12:33:31",0.76555,1,madhav111925
9583,15539536,"Yuto Hatanaka","2026-04-02 14:40:15",0.76555,1,htnkyt
9584,15540313,"Mariem GLIOUEZ","2026-04-02 16:54:08",0.76555,1,mariemgliouez
9585,15540286,"Kevin Febrian Setiadi","2026-04-09 13:08:24",0.76555,4,kevinfebriansetiadi
9586,15537763,Dumberr,"2026-04-02 17:36:37",0.76555,2,dumberr
9587,15541882,"Mohamed Rizvi","2026-04-02 21:49:08",0.76555,5,mrsa106
9588,15542951,Edward421895,"2026-04-03 02:35:25",0.76555,3,edward421895
9589,15543566,heyeyjin,"2026-04-03 03:34:43",0.76555,1,heyeyjin
9590,15543624,"Sarvin Asok","2026-04-03 03:45:53",0.76555,1,sarvinasok
9591,15544845,loaf24,"2026-04-03 08:11:29",0.76555,2,loaf24
9592,15547190,"Ayesha Arshad","2026-04-06 19:15:51",0.76555,3,aishimuskan
9593,15547121,theHeroX,"2026-04-03 23:04:03",0.76555,5,theherox
9594,14316468,"Leonardo Santos #2","2026-04-04 01:48:01",0.76555,1,leonardoalmeida1997
9595,15551957,BaekInchul,"2026-04-04 04:18:13",0.76555,2,baekinchul
9596,15552281,hwangran,"2026-04-04 05:31:55",0.76555,1,hwangran
9597,15552668,LittleDinoC,"2026-04-04 06:56:20",0.76555,1,littledinoc
9598,15553146,sunyuwei1223,"2026-04-04 08:31:45",0.76555,1,sunyuwei1223
9599,15553455,"Cameron Gibson","2026-04-04 09:44:25",0.76555,2,kixune
9600,15554064,"Thanissawan Himma","2026-04-04 11:45:44",0.76555,1,thanissawanhimma
9601,15554578,"Nicolás Colli","2026-04-06 20:38:10",0.76555,5,nicolscolli
9602,15555477,"Renhao Tan","2026-04-04 17:07:47",0.76555,1,renhaotan
9603,15556460,"Harrison Wolfe","2026-04-04 23:04:42",0.76555,1,harrisonwolfe
9604,15556933,optimist01235,"2026-04-05 02:41:08",0.76555,1,optimist01235
9605,15557102,EmmaJSJF,"2026-04-05 03:32:48",0.76555,2,emmajsjf
9606,15557542,"Nicholas Darren Chandra","2026-04-12 06:50:54",0.76555,3,alkiryu
9607,15557543,yosedie,"2026-04-05 05:27:03",0.76555,1,lunatictrancer
9608,15558221,"Oliver #12","2026-04-05 09:10:32",0.76555,1,jian2667804531
9609,15558608,JacoWyj,"2026-04-05 09:25:47",0.76555,1,jacowyj
9610,15557758,Wu-panda,"2026-04-05 09:40:09",0.76555,3,wupanda
9611,15558749,"Sahan Wa","2026-04-05 10:02:05",0.76555,1,sahanwa
9612,15558832,"Fagner Oliv30","2026-04-05 10:25:43",0.76555,1,fagneroliv30
9613,15559217,"RAMADEVI G","2026-04-05 12:18:02",0.76555,1,skeletonsoul001
9614,15559585,"Ifthequar Ali","2026-04-06 21:05:28",0.76555,4,ifthequarali
9615,11722955,"Evan #14","2026-04-05 14:37:48",0.76555,2,evanwwx
9616,15560044,"Naomi Erica","2026-04-05 15:38:16",0.76555,3,naomierica06
9617,15560109,naomiierica,"2026-04-05 15:42:06",0.76555,2,naomiierica
9618,15560128,Naomierica01,"2026-04-12 16:06:21",0.76555,3,naomierica01
9619,15560346,"Arka #3","2026-04-05 16:34:05",0.76555,1,crazyspartan
9620,11752817,"Marie-Lou Barnaud","2026-04-05 18:04:41",0.76555,2,marieloubarnaud
9621,15557729,"Sachin Yadav #4","2026-04-05 18:49:51",0.76555,2,sachinkryadav123
9622,15561515,"Annaka Bruner","2026-04-05 22:17:39",0.76555,1,annakabruner
9623,15564707,"Pranjal Dangwal","2026-04-25 06:09:45",0.76555,4,pranjaldangwal
9624,15564872,imyangzhijie,"2026-04-06 12:20:32",0.76555,4,imyangzhijie
9625,15566743,"Fiona J L","2026-04-06 18:30:44",0.76555,1,fionajl
9626,15566905,HarshalVPrime,"2026-04-06 19:04:43",0.76555,1,harshalvprime
9627,15567187,"Bhishant Sharma","2026-04-06 20:16:44",0.76555,1,bhishant
9628,15567071,Andrade$$$-1,"2026-04-06 20:56:37",0.76555,3,andrade1
9629,15567367,"Certified Boss","2026-04-08 20:22:13",0.76555,6,certifiedboss
9630,10683930,nakayamayk1006,"2026-04-10 02:52:23",0.76555,2,nakayamayk1006
9631,15569452,Chatchapol123,"2026-04-07 07:35:54",0.76555,1,chatchapol123
9632,15569866,chenjing,"2026-04-07 08:59:40",0.76555,2,chenjing10
9633,15569873,IEEM26_111034062,"2026-04-07 08:45:31",0.76555,1,ieem26111034062
9634,15570973,zenglingzhu,"2026-04-08 05:06:15",0.76555,2,"qwvian,zenglingzhu"
9635,15571945,Nurmansyahhhhhh,"2026-04-07 15:04:45",0.76555,1,nurmansyahhhhhh
9636,15572914,"Timothy Ferr","2026-04-07 18:15:04",0.76555,1,timothyferr
9637,15572888,"Abby Hall","2026-04-07 18:15:06",0.76555,2,abbyhall1
9638,15572886,"Katherine Thomas","2026-04-07 18:15:33",0.76555,2,kthomas934
9639,15541254,"Teddy Abbate","2026-04-21 18:51:56",0.76555,8,teddyabbate
9640,1843177,"Neo Bui","2026-04-21 18:52:57",0.76555,5,neobui
9641,15573306,"[Deleted] 5d7b231f-595f-451f-a706-baa88f207635","2026-04-07 19:30:37",0.76555,1,del=bb7897c214b2d1db
9642,7251469,"Addison Howard","2026-04-08 19:00:49",0.76555,9,addisonhoward
9643,15573504,"Laharika Mamidi","2026-04-07 21:47:28",0.76555,3,laharikamamidi
9644,15573780,"Ítalo Cassimiro","2026-04-07 22:50:20",0.76555,1,talocassimiro
9645,15573788,skzhprvt,"2026-04-07 22:54:51",0.76555,1,skzhprvt
9646,13123061,覃幕22382124,"2026-04-08 01:34:27",0.76555,4,qm22382124
9647,15575097,"Lê Bảo Phúc","2026-04-08 05:23:26",0.76555,1,lbophc
9648,15575435,diegolaio,"2026-04-08 08:33:45",0.76555,6,diegolaio
9649,15575867,AmV,"2026-04-08 08:05:27",0.76555,3,amandavaarmann
9650,15576428,"Hashim Hazman","2026-04-08 09:34:00",0.76555,1,hashimhazman
9651,12797338,"YASUDA KAZUMASA","2026-04-08 10:21:34",0.76555,1,yasudakazumasa
9652,15576934,"Georges Co","2026-04-08 11:10:48",0.76555,1,georgesco
9653,15578410,"Dark Shadow","2026-04-08 18:43:52",0.76555,5,olympem
9654,15579437,hermag,"2026-04-08 19:37:14",0.76555,1,hermag
9655,15579479,"Whitney Dahle","2026-04-08 19:46:44",0.76555,1,whitneydahle
9656,15579706,"Mxolisi Warren","2026-04-08 21:02:04",0.76555,1,mxolisiwarren
9657,15581530,Nondisclosure12,"2026-04-09 04:25:06",0.76555,2,nondisclosure12
9658,15582160,A_Asano27,"2026-04-09 06:24:32",0.76555,1,asano27
9659,15582909,"Sara Manzoor","2026-04-09 08:36:19",0.76555,1,sara765
9660,15584234,elecss078,"2026-04-14 12:02:27",0.76555,2,elecss078
9661,15584292,"[Deleted] 66655090-94fa-4c97-96af-1b7015a4ce5a","2026-04-09 13:02:49",0.76555,2,del=07f50e15db1b459f
9662,15584881,Thalin19,"2026-04-09 14:37:07",0.76555,1,thalin19
9663,15551529,"Hazim Zaidi","2026-04-09 15:08:06",0.76555,1,hazimzaidi
9664,15586338,"Grace Shan","2026-04-09 19:31:39",0.76555,1,graaceshan
9665,14265214,"Қуандықов Жанали","2026-04-09 20:35:07",0.76555,5,zhanali
9666,15586828,"Chloe DeGroff","2026-04-09 22:32:36",0.76555,1,chloedegroff
9667,15587154,chunghyun3,"2026-04-10 00:32:42",0.76555,1,chunghyun3
9668,15587161,gyeom101010,"2026-04-10 00:42:47",0.76555,2,gyeom101010
9669,15587164,chunghyun6974,"2026-04-10 00:32:44",0.76555,1,chunghyun6974
9670,15587167,dhdbstjr20919,"2026-04-10 00:32:47",0.76555,1,dhdbstjr20919
9671,15587174,21006김시아,"2026-04-10 00:43:01",0.76555,2,siakimkimkim
9672,15588881,DARISIAM,"2026-04-10 06:56:56",0.76555,1,darisiam
9673,15589975,"Aditya Anavkar","2026-04-10 11:04:13",0.76555,3,adityaanavkar
9674,15590866,"Kevin #54","2026-04-11 06:03:28",0.76555,2,kevinsj
9675,15591039,"Junseo O","2026-04-10 15:05:22",0.76555,2,junseoo
9676,15593207,"Vladimir Murillo","2026-04-10 22:31:51",0.76555,1,vladimirmurillo
9677,15594266,"Brian Le #3","2026-04-11 04:17:34",0.76555,1,brianbinhle
9678,15595042,kazu0804,"2026-04-11 06:27:33",0.76555,1,kazu0804
9679,15595157,zRinale,"2026-04-11 06:50:39",0.76555,1,zrinale
9680,15595440,moumou,"2026-04-11 07:26:11",0.76555,1,moumoumr
9681,15595873,xyzhang90,"2026-05-08 09:34:21",0.76555,2,xyzhang90
9682,15596039,HungHoward,"2026-04-11 09:20:20",0.76555,1,hunghoward
9683,15596328,tyk8221,"2026-04-11 10:09:52",0.76555,1,tyk8221
9684,9506928,"Dharmik Patel","2026-04-13 04:48:35",0.76555,11,dharmikpatel22
9685,15596514,"Harsh Rastogi #2","2026-04-30 12:37:54",0.76555,8,harshrastogii
9686,15596767,"Aline Pinheiro Dias","2026-04-11 11:27:13",0.76555,1,alinepinheirodias
9687,15597850,pnz99,"2026-04-11 15:43:01",0.76555,2,xxxshotawatanabexxx
9688,15598444,mituki.w,"2026-04-11 17:12:21",0.76555,2,mitukiw
9689,15598718,kailash_2467,"2026-04-11 17:49:31",0.76555,1,kailash2467
9690,15598803,"MATHEUS SOARES","2026-04-11 18:11:29",0.76555,3,matheussoaresxd
9691,15600209,佐藤大樹,"2026-04-12 02:49:31",0.76555,1,sdaiki0917
9692,15600286,"Zachary Gilbert","2026-04-12 03:29:29",0.76555,2,gilberzj
9693,15600126,"hisaaki isaji","2026-04-12 03:34:48",0.76555,5,hisaakiisaji
9694,15601122,Ariaay,"2026-04-12 06:58:50",0.76555,1,ariaay
9695,15601542,"De Kulai","2026-04-12 08:37:42",0.76555,1,dekulai
9696,15601722,"Asy Mortenson","2026-04-12 09:17:20",0.76555,1,asymortenson
9697,15601849,"Daero Choi","2026-04-12 13:08:05",0.76555,2,daerochoi
9698,15603798,"umang var","2026-04-12 15:52:21",0.76555,1,umangvar
9699,15604238,"yerin park #2","2026-04-12 17:35:00",0.76555,2,pyerin
9700,15605365,m6500v,"2026-04-12 23:35:55",0.76555,1,m6500v
9701,15606062,Dyhhahah,"2026-04-20 03:16:27",0.76555,4,dyhhahaha
9702,12471526,Tswatery,"2026-04-13 06:07:13",0.76555,1,tswatery
9703,15607677,"Ali AbdElrahman","2026-04-13 08:36:19",0.76555,2,aliabduelrahman
9704,15608142,"Janesh Singla","2026-04-13 10:03:53",0.76555,2,janeshsingla
9705,15524530,ZhangYun,"2026-04-14 09:20:41",0.76555,7,cqzhangy
9706,15610263,"Muhammed ameen","2026-04-13 16:22:29",0.76555,2,muhammedameen1234
9707,15610979,Chaitra008,"2026-04-13 18:42:00",0.76555,3,chaitra008
9708,15611200,"Makenna Whitmer","2026-04-13 19:39:44",0.76555,1,makennawhitmer
9709,15611342,"Marcus Clifford","2026-04-13 20:46:58",0.76555,2,mrmarcus
9710,15611508,AlexVasilyev23,"2026-04-13 21:23:46",0.76555,1,alexvasilyev23
9711,13570438,"Sergio Resnauer","2026-04-27 10:47:12",0.76555,8,sresnauer
9712,15611866,yuukiclimber,"2026-04-13 23:45:19",0.76555,1,yuukiclimber
9713,15612076,"Jacob Walker","2026-04-14 01:02:30",0.76555,1,jacobwalker1
9714,15612304,anton_gongdo,"2026-04-14 02:18:06",0.76555,1,antongongdo
9715,15612306,"olivia #3","2026-04-14 02:18:13",0.76555,1,olivia521
9716,15612307,Parkminho,"2026-04-14 02:18:29",0.76555,1,parkminho3
9717,15612314,mks22222,"2026-04-14 02:21:23",0.76555,1,mks22222
9718,15612315,J00N_Q,"2026-04-14 02:21:24",0.76555,1,j00n99
9719,15612316,zeenee,"2026-04-14 02:21:28",0.76555,1,owojini
9720,15612317,searain1110,"2026-04-14 02:21:40",0.76555,1,searain1110
9721,15612320,qweweras,"2026-04-14 02:22:30",0.76555,1,qweweras
9722,15612321,gonatae2,"2026-04-14 02:23:08",0.76555,1,gonatae2
9723,15612323,LeeSangMin,"2026-04-14 02:23:44",0.76555,1,tkdals730
9724,15371863,"Mary Aksa01","2026-04-14 03:10:07",0.76555,2,maryaksa01
9725,15612596,"[Deleted] 2274416c-3982-4082-935b-43a3f367b956","2026-04-14 04:33:14",0.76555,4,del=1e1a998ef7367ca0
9726,15366375,"Ayana Edwards","2026-04-14 04:04:27",0.76555,1,ayanaedwards
9727,15612967,"Kathryn Williams","2026-04-14 04:53:18",0.76555,1,wkathryn92
9728,15613037,Camery,"2026-04-14 05:33:11",0.76555,3,camery
9729,14926760,S-as-H,"2026-04-14 06:20:07",0.76555,1,sasha1111
9730,15613596,GERAS2,"2026-04-14 06:48:06",0.76555,1,geras2
9731,15613643,"Prashant Shah","2026-04-14 06:52:07",0.76555,3,prashantjungshah
9732,15614198,小山紗英,"2026-04-14 08:34:49",0.76555,1,saesun
9733,15614265,"Kavya Varshney","2026-04-14 08:49:48",0.76555,1,kavyavarshney1
9734,15614562,"Xuan Zoom","2026-04-14 09:43:31",0.76555,1,xuanzoom
9735,15614805,"Zane van Campfort","2026-04-23 09:53:41",0.76555,6,zanevancampfort
9736,15615292,"Bharat Sharma #3","2026-04-14 11:44:23",0.76555,1,bharatsharma4626
9737,15615538,Tyleron,"2026-04-19 14:59:25",0.76555,3,tyleron
9738,15358457,Caoban203,"2026-04-14 13:53:50",0.76555,3,caoban203
9739,15615975,harshh,"2026-04-14 13:50:29",0.76555,1,harshdxt
9740,15616240,"Eve Tan vyern","2026-04-14 14:40:41",0.76555,2,evetanvyern
9741,15616337,Yusangwu,"2026-04-14 23:38:44",0.76555,2,yusangwu
9742,11632504,"Macharla Nagamani","2026-04-14 14:56:11",0.76555,1,macharlanagamani
9743,15616496,"sharanya Gouribhatla","2026-04-14 15:21:13",0.76555,3,sharanyagouribhatla
9744,13354956,"Mark Magweregwede","2026-04-14 21:56:10",0.76555,2,markmagweregwede
9745,3933675,"Jan Bubik","2026-04-14 17:23:09",0.76555,2,janbubik
9746,10969509,"Ammu #2","2026-04-14 17:54:26",0.76555,1,ramyasrikuchana
9747,14599427,"Gabriel Goncalves de Freitas","2026-04-14 18:15:35",0.76555,1,ggfreitas
9748,15235962,"Shivaji Varma Bondla","2026-04-14 22:11:47",0.76555,1,mohamedatharhyder
9749,15618101,"José Renato Barros","2026-04-17 05:56:18",0.76555,3,josrenatobarros
9750,15618197,thuanngo98,"2026-04-14 23:17:22",0.76555,3,thuanngo98
9751,13897054,"JOSUE JAFET RAMOS TURCIOS","2026-04-15 00:45:17",0.76555,1,jjramos10
9752,15618824,"Hamza Ali Asif Mohammed","2026-04-15 03:14:34",0.76555,2,hamzaaliasifmohammed
9753,15618852,"Mohammed Omer Khan","2026-04-15 03:22:17",0.76555,1,mohammedkhanomer
9754,15618883,"Sarabjeet Singh Sardar","2026-04-15 03:31:20",0.76555,1,sarabjeetsinghsardar
9755,15618932,Delgermurun_24,"2026-04-15 03:46:28",0.76555,1,delgermurun24
9756,15619203,"Chaudhry Muhammad Shahbaz","2026-04-15 04:58:19",0.76555,1,chaudhrymuhammadshah
9757,15619254,"Arsalaan Farooqi Syed","2026-04-15 05:13:25",0.76555,1,arsalaanfarooqisyed
9758,15619238,"Richa Gupta #3","2026-04-15 05:42:12",0.76555,2,richagupta2005
9759,15619467,PulkitGarg30,"2026-04-15 06:15:47",0.76555,2,pulkitgarg30
9760,15619558,linsheng555,"2026-04-15 06:21:15",0.76555,1,linsheng555
9761,15620169,"Jamshedi Davlat","2026-04-15 08:13:11",0.76555,1,jamshedidavlat
9762,15621530,"Kevin K Muchene","2026-04-15 10:41:01",0.76555,3,kevinkmuchene
9763,15577100,"Gleb Agafonov","2026-05-07 09:01:54",0.76555,9,glebagafonov
9764,15622424,"Dani lela (Danilela)","2026-04-15 13:04:13",0.76555,1,danileladanilela
9765,15622691,"Carmel Mukunda","2026-04-15 13:55:15",0.76555,1,carmelmukunda
9766,15328273,Kore_Ramya25,"2026-04-15 14:19:45",0.76555,1,koreramya25
9767,15622840,"Fnu Pawandeep Kaur","2026-04-15 14:24:10",0.76555,1,fnupawandeepkaur
9768,15622890,"Willian dos santos","2026-04-15 14:36:42",0.76555,1,williandossantos89
9769,15623012,"Abbas Khan9526","2026-04-15 15:34:43",0.76555,4,abbaskhan9526
9770,15618887,"Kaiyu Ge","2026-04-15 16:05:35",0.76555,8,kaiyuge
9771,15623054,柚鳥　眞里,"2026-04-21 23:15:53",0.76555,3,kauthspe
9772,15225150,"Shep Scientific","2026-04-23 14:42:31",0.76555,8,shepscientific
9773,15624496,"Sumasri C","2026-04-15 21:01:30",0.76555,3,sumasric
9774,15624762,"Luisa Dias","2026-04-15 21:50:48",0.76555,3,luisadias
9775,15625611,"Linxuan Zhang","2026-04-16 00:55:41",0.76555,3,linxuancharlotte
9776,15626385,MarsXie,"2026-04-16 02:21:45",0.76555,1,marsxie
9777,15626510,"Nou Reach","2026-04-16 02:41:57",0.76555,3,noureach
9778,15626537,"Longfei Xu","2026-04-16 02:59:15",0.76555,4,harrisonuuuuuu
9779,15626819,"Aderonke Akinbola","2026-04-16 04:10:16",0.76555,5,aderonkeakinbola
9780,15627015,"Huazhen Xu","2026-04-16 04:04:56",0.76555,2,xuhuazhen
9781,15627042,"Kelsey Cheng","2026-04-16 04:09:47",0.76555,5,kelseycheng
9782,13118268,"Mohammad Abdul Mohsin","2026-04-16 05:20:31",0.76555,1,mohammadabdulmohsin
9783,15627524,"AIMAN Arif","2026-04-16 05:31:51",0.76555,3,aimaninamerica
9784,15629759,"Eric Huang #6","2026-04-16 09:58:53",0.76555,1,erichuang1111
9785,15629879,"bc an","2026-04-16 10:13:52",0.76555,1,bcan1234
9786,15574558,shofyoyf,"2026-04-16 10:23:18",0.76555,3,shofyoyf
9787,15630561,"Michihiro Tuchihashi","2026-04-16 11:44:50",0.76555,1,michihirotuchihashi
9788,15618984,qqqlqc,"2026-05-09 08:35:56",0.76555,9,qqqlqc
9789,15633301,"gudipudi anubhavbabu","2026-04-16 18:50:46",0.76555,3,gudipudianubhavbabu
9790,15573231,"Deanna Wong","2026-04-16 19:04:22",0.76555,4,deannawong355
9791,15526301,"Andrew Newberg","2026-04-20 16:20:04",0.76555,6,andrewnewberg
9792,14207618,"Ashish Ranjan #3","2026-04-16 19:25:37",0.76555,1,arju7542
9793,15634814,SamuelLeonardo03,"2026-04-17 02:25:29",0.76555,1,samuelleonardo03
9794,14891928,ScarNam,"2026-04-17 02:47:18",0.76555,1,scarnam
9795,15635729,"Михайло СІТ РАЕС","2026-04-17 06:08:57",0.76555,1,sitraes
9796,15635815,CHIHCHING878,"2026-04-17 06:22:40",0.76555,1,chihching878
9797,15635885,chiwawa1211,"2026-04-17 06:33:52",0.76555,1,chiwawa1211
9798,15636025,"Wish Lo ","2026-04-17 06:47:09",0.76555,1,wishlo
9799,15636035,yixuan76,"2026-04-17 06:48:06",0.76555,1,yixuan76
9800,15636061,哈密呱owo,"2026-04-17 06:51:18",0.76555,1,hamiguaowo
9801,15636447,yishi_huanghun,"2026-04-17 08:03:44",0.76555,2,yishihuanghun
9802,15636434,karin,"2026-04-17 08:09:05",0.76555,1,karin1234
9803,15636576,"P sai Manikantha Reddy","2026-04-17 09:14:55",0.76555,10,psaimanikanthareddy
9804,15636564,"Pedada Nalini","2026-04-23 20:53:48",0.76555,15,pedadanalini
9805,15636601,sathvikvarma16,"2026-04-17 08:52:01",0.76555,5,sathvikvarma16
9806,15636504,"kumar bysani","2026-04-17 12:49:21",0.76555,5,kumarbysani
9807,15636613,"Tadela Ganesh","2026-04-17 08:25:26",0.76555,1,tadelaganesh
9808,15636618," GORLIDILEEPKUMAR","2026-04-17 08:53:34",0.76555,3,gorlidileepkumar
9809,15636524,"Karthikeya Reddy #2","2026-04-17 08:50:01",0.76555,4,karthikeyareddy49
9810,15636681,"kola madhuri","2026-04-17 17:15:51",0.76555,9,kolamadhuri
9811,15636581,"TEJA SUHAAS","2026-04-17 08:38:41",0.76555,2,tejasuhaas
9812,15636707,"Hemalatha Karrotu","2026-04-18 11:54:30",0.76555,3,hemlth18
9813,15636722,ARVIND07,"2026-04-17 08:42:00",0.76555,1,arvind000000078
9814,15636657,"Paidisetti Sandeep Sai","2026-04-17 08:50:46",0.76555,3,paidisettisandeepsai
9815,15636528,"KANDREGULA SRIHARSHA","2026-04-17 09:07:17",0.76555,6,kandregulasriharsha
9816,15636674,GUNDUAKSHITA,"2026-04-17 08:52:58",0.76555,2,gunduakshita
9817,15636633,"Bharath Eati","2026-04-17 09:06:59",0.76555,3,bharatheati
9818,15636554,"Dinesh Pampana","2026-04-17 08:53:54",0.76555,3,dineshpampana
9819,15637196,"Sri Charan Reddy Konyala","2026-04-17 10:00:49",0.76555,1,sricharanreddy21
9820,15637233,"nela cui","2026-04-17 10:06:42",0.76555,1,nelacui
9821,15637556,AnonymousDevhere,"2026-04-17 15:26:43",0.76555,5,anonymousdevhere
9822,15636568,"Shanmukha GuruDath Panangipalli","2026-04-17 13:15:55",0.76555,8,shanmukhagurudath
9823,15638256,"Likithsai gajarao","2026-04-17 16:27:57",0.76555,3,likithsaigajarao
9824,15638381,"Sistine chapel","2026-04-17 13:28:55",0.76555,1,sistinechapel
9825,15639157,kolamadhuri,"2026-04-17 15:19:51",0.76555,2,madhu165
9826,15639365,"Caue Tragante","2026-04-17 15:39:59",0.76555,1,cauetragante
9827,15640342,"Marshall Mango","2026-04-17 18:00:11",0.76555,1,marshallmango
9828,15641375,Cris0123,"2026-04-18 08:25:56",0.76555,7,cris0123
9829,15624898,"Jian Song #2","2026-04-18 02:05:13",0.76555,2,jiansong7
9830,15642656,GARAPATIJAYANTH,"2026-04-18 04:00:59",0.76555,2,garapatijayanth
9831,15643434,uitsnf,"2026-04-18 06:33:01",0.76555,3,uitsnf
9832,15644351,Liang_WX,"2026-04-18 09:07:08",0.76555,1,liangwx
9833,15644695,"Magdalena Małek","2026-04-18 10:06:16",0.76555,1,magdalenamaek
9834,15644981,Rerison,"2026-04-18 11:00:05",0.76555,1,rerison
9835,15645432,samwalsh114,"2026-04-18 12:55:03",0.76555,1,samwalsh114
9836,15647934,"Elmer Almirante","2026-04-18 20:04:40",0.76555,1,elmeralmirante
9837,15648942,"Azka Danish Kayana","2026-04-19 02:18:27",0.76555,1,azkadanishkayana
9838,15614067,"Isha Sisodia","2026-04-19 05:22:01",0.76555,2,ishasisodia77
9839,15649651,"Ahmad Workx","2026-04-19 05:32:37",0.76555,1,ahmadworkx
9840,15649942,Takeko_jp,"2026-04-19 06:46:13",0.76555,2,takekojp
9841,15650088,LuGkyLiu,"2026-04-19 07:54:58",0.76555,2,lugkyliu
9842,15651152,ksac,"2026-04-19 10:51:53",0.76555,1,tgloryfirex
9843,15651460,"Ammar Asif","2026-04-19 11:57:06",0.76555,1,dataplayer123
9844,15651854,"Snehasis Chakraborty","2026-04-19 13:04:54",0.76555,1,sirty1
9845,15651934,hanjunseo12,"2026-04-19 14:00:08",0.76555,1,hanjunseo12
9846,15653181,"Asad Ali #6","2026-04-19 17:33:40",0.76555,3,asadaliabrous
9847,15653272,"Allah-Eddine Cherigui","2026-04-19 17:41:47",0.76555,1,allaheddinecherigui
9848,15653890,"Deepak underiya","2026-04-19 20:11:59",0.76555,1,deepakunderiya
9849,15653998,Paing,"2026-04-19 20:56:50",0.76555,4,painghtetsw
9850,15654109,"Joaquim Das","2026-04-19 21:15:58",0.76555,1,joaquimdas
9851,15654283,"Aaron Dighton","2026-04-19 22:24:13",0.76555,1,aarondighton
9852,15654945,레드홀릭,"2026-04-22 06:42:54",0.76555,6,bulims
9853,15655038,"HYUNJOO LEE","2026-04-20 02:02:01",0.76555,1,moon31235
9854,15654949,"Sangjun Kwak","2026-04-20 02:17:51",0.76555,7,sangjunkwak
9855,15655425,huyilin_cg,"2026-04-20 03:32:29",0.76555,2,huyilincg
9856,15656480,BGK73,"2026-04-20 06:23:05",0.76555,2,bgk7319
9857,15657020,"Daiki YOSHIOKA","2026-04-20 10:10:20",0.76555,3,daikiyoshioka
9858,15657241,"Yucheng Hu","2026-04-20 07:47:24",0.76555,1,yuchenghu824
9859,15657642,Filins,"2026-04-20 10:07:56",0.76555,2,filins
9860,15658597,"Astrid Huber","2026-04-20 11:20:39",0.76555,7,astridhuber
9861,15658490,Sebull,"2026-04-20 11:21:03",0.76555,9,sebull
9862,15658725,"Raj Sah","2026-04-20 11:29:16",0.76555,1,rajsah01
9863,15659471,"Trung Nguyễn Huỳnh Anh","2026-04-20 13:31:19",0.76555,1,trungnguynhunhanh
9864,13934122,NottekA,"2026-04-20 14:43:17",0.76555,1,notteka
9865,15660075,"Laura Daniela Pachon Ojeda","2026-04-20 15:00:56",0.76555,1,laudapao
9866,15660838,Leon8311,"2026-04-20 17:13:48",0.76555,1,leon8311
9867,5946175,erdalceng,"2026-04-20 19:30:47",0.76555,2,"erdalceng,erdalsivri"
9868,15658179,Astreaprtcl,"2026-04-27 13:43:21",0.76555,15,astreaprtcl
9869,15661799,"Francisco Onça","2026-04-20 19:59:48",0.76555,1,franciscoona
9870,15661833,"VITOR MIRANDA SOUSA","2026-05-05 20:13:10",0.76555,8,vitormiranda26
9871,15662223,"Petr Neovsov","2026-04-20 21:04:09",0.76555,1,petrneovsov
9872,15662835,西かぱちゃん,"2026-04-20 23:21:26",0.76555,2,nishikapa
9873,15663178,"Nayla Putri Liviera ","2026-04-21 00:45:37",0.76555,1,naylaputriliviera
9874,15663208,"Seiya Aizawa","2026-04-21 05:35:40",0.76555,3,seiyaaizawa
9875,15663219,"Haruhiko Nakamura","2026-04-21 04:26:21",0.76555,4,haruhikonakamura
9876,15663497,"ZHIHENG YANG2","2026-04-21 03:45:41",0.76555,7,zhihengyang2
9877,15667420,"Mizuki Shiratori","2026-04-21 09:23:34",0.76555,3,mizukishiratori
9878,15668095,fabivs,"2026-04-21 09:49:30",0.76555,1,fabivs
9879,15669882,fuku68,"2026-05-01 07:10:05",0.76555,3,fuku68
9880,15670317,"JUMPEI HORIUCHI","2026-04-21 12:22:47",0.76555,5,jumpeihoriuchi
9881,9797611,orangetuba,"2026-04-21 13:20:39",0.76555,1,goose2
9882,15671358,"Justin Shoja","2026-04-21 13:43:27",0.76555,1,justinshoja
9883,15671395,"Shadow Yan","2026-04-21 14:17:40",0.76555,5,shadowyan
9884,15672740,"Potato 004","2026-04-22 08:43:41",0.76555,3,potato004
9885,15674873,"Maria Kaonga","2026-04-21 18:34:08",0.76555,1,mariakaonga
9886,15683000,Vizz,"2026-04-22 00:36:48",0.76555,1,tanmay13334
9887,15685198,"George Gergues","2026-04-22 02:15:09",0.76555,1,georgeg
9888,1735046,johnny2014,"2026-04-22 02:17:39",0.76555,1,johnny2014
9889,15685669,gsgcd6544,"2026-04-22 03:30:38",0.76555,10,gsgcd6544
9890,15685683,"yoon young","2026-04-22 03:26:03",0.76555,7,yunsoyoung
9891,15686146,"Sang Young Ju","2026-04-22 03:27:04",0.76555,5,sangyoungju
9892,15686372,sp2ark0322,"2026-04-26 11:14:45",0.76555,10,sp2ark0322
9893,15686571,"MD.Israfil sheik Ashik","2026-04-22 03:04:36",0.76555,1,mdisrafilsheikashik
9894,15685840,yunsoonji,"2026-04-22 03:23:00",0.76555,8,yunsoonji
9895,15685809,Saptrishi,"2026-04-22 06:39:05",0.76555,2,r7rishi
9896,15686813,"Willam ZHAN","2026-04-22 03:22:47",0.76555,2,willamzhan
9897,15686492,YoonKangeun,"2026-04-22 03:25:32",0.76555,5,yoonkangeun
9898,15687112,Roger0427,"2026-04-22 03:26:43",0.76555,1,roger0427
9899,15687458,"alamin khan","2026-04-22 03:37:46",0.76555,1,alamin99742
9900,15693947,lilostich,"2026-04-22 08:24:14",0.76555,1,lilostich
9901,15694458,"Chirag Tiwari","2026-04-22 08:56:41",0.76555,1,chiragtiwari1111
9902,15697441,"Hikaru Abe","2026-04-22 12:26:47",0.76555,1,hikaruabe
9903,15698206,"Sean M. Lim","2026-04-22 13:18:34",0.76555,1,seanmlim
9904,15699454,MrError123,"2026-04-22 14:40:09",0.76555,1,mrerror123
9905,15699526,"Shaheed Hussain T A","2026-04-22 14:44:29",0.76555,1,shaheedhussainta
9906,15699650,"Kerim Kerimov","2026-04-22 14:54:53",0.76555,1,kerimkerimov
9907,15699994,"Harada Kenshiro","2026-04-22 15:39:58",0.76555,2,haradakenshiro
9908,15700271,"Abenezer Taye","2026-04-22 16:29:33",0.76555,3,abenezertaye
9909,15700855,"Davut Efe","2026-04-22 16:29:30",0.76555,1,davutefe
9910,13410892,眞下欄潤,"2026-04-22 18:12:16",0.76555,2,kanarienet
9911,15702487,"Husniddin Ravshanov","2026-04-23 10:31:43",0.76555,8,husniddin
9912,15702950,"Carlos Olea","2026-04-22 20:05:25",0.76555,1,carlosolea2
9913,15703889,JoaquinGG,"2026-04-22 23:17:16",0.76555,1,joaquingg
9914,15705839,瀧上凪早,"2026-04-23 04:48:21",0.76555,1,nasataki
9915,15705863,齊藤伊吹,"2026-04-23 04:50:37",0.76555,1,motti0202
9916,15705901,濵谷優真,"2026-04-23 04:54:27",0.76555,1,yumahamaya
9917,15706029,deqqsls,"2026-04-23 05:10:17",0.76555,1,deqqsls
9918,15706075,"naoto hayashi","2026-04-23 05:15:54",0.76555,1,nathome
9919,15707775,coma-pm,"2026-04-23 07:22:44",0.76555,1,comapm
9920,15707777,"Hatsugai Noriaki","2026-04-23 07:22:57",0.76555,1,hatsugainoriaki
9921,15707802,唐橋真人,"2026-04-23 07:23:05",0.76555,1,manaty0411
9922,15707804,D-RQ,"2026-04-23 07:23:12",0.76555,1,supurauda923
9923,15707806,池田悠人,"2026-04-23 07:23:17",0.76555,1,yutoikedangn
9924,15707807,向井大輔,"2026-04-23 07:23:21",0.76555,1,mukadai
9925,15366392,haruki.ktj,"2026-04-23 07:23:26",0.76555,1,harukiktj
9926,15707813,友宗彩花,"2026-04-23 07:23:41",0.76555,1,tomomune
9927,15707814,"Ayaka Nagatomo","2026-04-23 07:23:44",0.76555,1,ayakanagatomo
9928,15017702,"maru inaho","2026-04-23 07:23:44",0.76555,1,maruinaho
9929,15707816,shoki_umezu,"2026-04-23 07:23:49",0.76555,1,shokiumezu
9930,15151397,Oshimass,"2026-04-23 07:24:30",0.76555,1,oshimass
9931,15707778,"Ishida Kyohei","2026-04-23 07:24:40",0.76555,1,ishidakyohei
9932,15707828,髙取寛太,"2026-04-23 07:25:10",0.76555,1,kanta1113
9933,15707834,"Eriko Kato","2026-04-23 07:25:51",0.76555,1,erikokato
9934,15707836,鈴木来都,"2026-04-23 07:26:39",0.76555,1,raito0119
9935,15707841,"Takuma Kobayashi #2","2026-04-23 07:26:57",0.76555,1,kobataku1009
9936,15707852,"nagi koike","2026-04-23 07:27:57",0.76555,1,kikikiwii
9937,15707915,"Omkar Tingre","2026-04-23 07:34:20",0.76555,1,frybooze
9938,15707835,yk-3141,"2026-04-23 07:37:01",0.76555,1,yk3141
9939,15708075,cssg01,"2026-04-23 07:54:28",0.76555,1,cssg01
9940,15718934,"Kashaf Fayyaz","2026-04-23 12:52:48",0.76555,2,kashaffayyaz
9941,15720820,"Francisco de Assis Boldt","2026-04-23 15:57:54",0.76555,2,franciscoaboldt
9942,15721098,"Tibo Lne","2026-04-23 16:22:00",0.76555,1,tibolne
9943,15721835,"Iranna tuppad","2026-04-23 17:58:16",0.76555,1,irannatuppad
9944,15724989,"Anshika Jain","2026-04-24 04:53:22",0.76555,1,anshikajain22
9945,15725025,"AYUSH SONI","2026-04-24 04:58:57",0.76555,1,ayushsoni007
9946,15728309,"life is dream","2026-04-24 06:47:02",0.76555,1,lifeisdream
9947,15729728,"Saloni Chakraborty","2026-04-24 09:17:15",0.76555,1,salonichakraborty
9948,15730607,"Zeynep Buse Senol","2026-04-24 11:24:09",0.76555,1,zeynepbusesenol
9949,15730712,Oliviaaiaa,"2026-04-24 11:41:22",0.76555,1,oliviaaiaa
9950,15730732,"Kevin Fire","2026-04-24 11:43:55",0.76555,1,kevinfire
9951,15730736,"harry #3","2026-04-24 11:44:26",0.76555,1,harry13579346891
9952,15730739,Hong_OwO,"2026-04-28 12:03:23",0.76555,10,hongowo
9953,15730758,LuHenry.com,"2026-04-24 11:47:43",0.76555,1,luhenrycom
9954,15730756,PeterMonster23,"2026-04-24 12:09:36",0.76555,2,petermonster23
9955,15730857,enyu95,"2026-04-24 12:08:17",0.76555,1,enyu95
9956,15730913,陳畇睎CC,"2026-04-24 12:16:56",0.76555,3,jeremych0406
9957,15731415,hongyang67,"2026-04-24 13:21:23",0.76555,1,hongyang67
9958,15731514,"KE-JIA,HUANG(KotenKris)","2026-04-24 13:33:00",0.76555,1,kejiahuangkotenkris
9959,15732532,"DEEPAK SHARMA1318","2026-04-24 15:48:46",0.76555,1,deepaksharma1318
9960,15732951,"[Deleted] 8c13ffc0-ef57-4fb9-a6ab-31943a8b5db3","2026-04-24 16:59:25",0.76555,2,del=36c10b77390feb51
9961,15735614,"khushi kumari","2026-04-25 05:01:36",0.76555,1,khusbuverse
9962,15729206,"Divyansh Sharma #6","2026-04-25 07:12:16",0.76555,1,divyansharrma
9963,15737496,xuyuhong666,"2026-04-25 11:08:09",0.76555,1,xuyuhong666
9964,12542163,"Hrayr Barseghyan","2026-04-25 11:25:37",0.76555,2,hrayrbarseghyan
9965,15737575,"Kohei Hosokawa","2026-04-25 11:25:10",0.76555,1,koheihosokawa777
9966,15738295,ricky5932,"2026-04-25 13:39:34",0.76555,1,ricky5932
9967,15738482,rhgkdms,"2026-04-25 14:10:11",0.76555,1,rhgkdms
9968,15738548,"Smith John","2026-04-26 08:35:28",0.76555,2,smithjohn200002
9969,15738619,"Jonas Cronenberg","2026-04-25 14:54:52",0.76555,3,jonascronenberg
9970,15738886,"Dhruv Puri","2026-04-25 15:22:41",0.76555,1,dhruvg0
9971,15739178,DoEli1,"2026-04-27 09:08:29",0.76555,2,doeli1
9972,15739630,"Syed Abue Tayeb Al-Zeyed","2026-04-25 17:48:23",0.76555,1,syedabuetayebalzeyed
9973,14869160,Zhang.Zhaozh,"2026-04-25 21:23:03",0.76555,1,zhangzhaozh
9974,15740963,"Mohd Danish #2","2026-04-26 01:54:26",0.76555,1,danish925
9975,15741526,Small_fireworks,"2026-04-26 04:22:25",0.76555,1,smallfireworks
9976,15743046,"Kazuki Higashitani","2026-04-26 09:59:27",0.76555,1,kazukihigashitani
9977,15744528,smssseye,"2026-04-26 14:58:34",0.76555,1,smssseye
9978,15745016,kaggle040504,"2026-04-26 16:31:21",0.76555,1,kaggle040504
9979,15745611,"seyed esmaeil sadat najafi","2026-04-27 21:40:43",0.76555,3,afmobile49
9980,15745627,Klamlee,"2026-04-26 19:17:16",0.76555,4,klamlee
9981,15746790,"yusuke kido","2026-04-27 01:19:57",0.76555,1,kidoyusuke
9982,4303865,xoaitech,"2026-04-27 03:34:44",0.76555,1,xoaitech
9983,15747478,"Takumi Katagiri","2026-04-27 04:21:20",0.76555,1,takumikatagiri
9984,11557330,loupee,"2026-04-27 04:43:24",0.76555,1,loupee
9985,15747705,"Wada Yuta","2026-04-27 08:06:38",0.76555,3,yuta5963
9986,15748689,RamboFB,"2026-04-27 07:26:07",0.76555,1,rambofb
9987,15748730,"Pranav Kumaraguru","2026-04-27 15:54:36",0.76555,3,pranavkumaraguru
9988,15749255,Olivia_Sophia01,"2026-04-27 08:50:40",0.76555,1,oliviasophia01
9989,15749875,sxyyyyyyyyy,"2026-04-27 10:45:37",0.76555,6,sxyyyyyyyyy
9990,15739453,"Musa Rotimi","2026-04-27 12:03:41",0.76555,6,musarotimi
9991,15249408,"Junichi Fujisawa","2026-05-10 12:16:48",0.76555,18,junichifujisawa
9992,15750802,"Denis Kazhaev","2026-04-27 13:09:29",0.76555,1,deniskazhaev
9993,15751465,ngvudavince,"2026-04-27 14:17:05",0.76555,1,ngvudavince
9994,15751848,"doublek #2","2026-04-27 14:48:33",0.76555,1,doublek
9995,15752406,"Pierre Marrec","2026-04-27 15:29:08",0.76555,1,pierremarrec
9996,15754510,"Dango K","2026-04-27 17:58:39",0.76555,1,bengiibra
9997,15754731,"Manan Chawla25","2026-04-27 18:17:13",0.76555,1,mananchawla25
9998,15760177,"Yash Gawli","2026-04-28 05:05:47",0.76555,1,yashgawli
9999,15749128,farhankhan24,"2026-04-28 05:40:48",0.76555,1,farhankhan24
10000,15761841,fatima_shamtoot,"2026-04-28 07:38:51",0.76555,1,fatimashamtoot
10001,15764548,Grisha68,"2026-05-04 20:49:27",0.76555,8,grisha68
10002,15651162,星辰大海,"2026-05-04 03:41:39",0.76555,8,caiyfa
10003,15766843,"Marlon José do Carmo","2026-04-28 14:14:31",0.76555,1,marlonjosdocarmo
10004,15766776,"Harish Sahitani #2","2026-04-28 14:25:39",0.76555,3,harishsahitani
10005,15765645,"Rutuja  Patil","2026-04-28 15:33:55",0.76555,2,rutupat
10006,15771903,jasmine444,"2026-04-28 21:25:26",0.76555,1,jasmine444
10007,15773070,TARS,"2026-04-29 00:37:18",0.76555,1,hkikutani
10008,15775706,Sanny8,"2026-04-29 05:18:52",0.76555,1,sanny8
10009,15776748,"yzh zh","2026-04-29 06:56:51",0.76555,2,yzhzh710
10010,15778694,MarceauLiang,"2026-04-30 11:47:44",0.76555,7,marceauliang
10011,3071215,yusuketominaga,"2026-04-29 10:40:35",0.76555,1,yusuketominaga
10012,15779227,"Nanami Kobayashi","2026-04-29 10:43:00",0.76555,1,nanamikobayashi
10013,15780719,"Yoshimura Koei","2026-04-29 12:39:27",0.76555,2,yoshimurakoei
10014,15781482,BruceHong1007,"2026-04-29 13:47:07",0.76555,1,brucehong1007
10015,15781492,"TT TTTTttw","2026-04-29 13:48:53",0.76555,2,ttttttttw
10016,15781988,"KELVIN MOSES","2026-04-29 14:34:37",0.76555,2,kelvinmoses
10017,15782770,RealEver,"2026-04-29 15:06:38",0.76555,2,realever
10018,15782955,Ramalathunisha,"2026-04-29 15:22:19",0.76555,1,ramalathunisha
10019,15783017,"Silvia Zironi","2026-04-29 15:29:41",0.76555,1,silviazironi
10020,15784188,laloys,"2026-04-29 16:52:30",0.76555,1,laloys
10021,15784223,"Cloud Tsai","2026-04-29 17:07:00",0.76555,3,cloud106021171
10022,15785071,"Ebubekir Kartal","2026-04-29 17:58:52",0.76555,1,ebubekirkartal443
10023,15785655,"Muh Kahfi Hadiyana","2026-04-29 20:07:32",0.76555,5,muhkahfihadiyana
10024,15774302,"Mauricio Vieira","2026-04-30 00:01:25",0.76555,6,vieiramauricio
10025,15787523,"Jakob Liebig","2026-04-29 23:18:19",0.76555,2,liebig04
10026,15788538,CigarroaEdmur,"2026-04-30 01:44:16",0.76555,1,cigarroaedmur
10027,15789064,"Soh Fujita","2026-04-30 02:29:52",0.76555,1,sohfujita
10028,15789480,"Ruddy Tavarezz","2026-04-30 03:04:17",0.76555,1,ruddytavarezz
10029,15790291,"Mckena Matos","2026-04-30 04:29:31",0.76555,1,mckenamatos
10030,15791466,MSNKSM,"2026-04-30 06:17:35",0.76555,1,msnksm
10031,15792498,"Raj Pradeep ","2026-04-30 07:28:47",0.76555,1,rajpradeep
10032,15524247,"toru nishi","2026-05-08 10:42:10",0.76555,13,torunishi
10033,15792857,Rishabh_Maurya1,"2026-04-30 07:50:30",0.76555,1,rishabhmaurya1
10034,15794514,"Nancy #5","2026-04-30 11:53:15",0.76555,6,nancy960309
10035,15794715,cbc_9320,"2026-05-02 18:22:05",0.76555,2,cbc9320
10036,15794492,鳳梨愛吃蘋果派,"2026-04-30 10:29:01",0.76555,1,ab1911839
10037,15795291,"Logos wei","2026-04-30 11:00:10",0.76555,1,logoswei
10038,15802805,"Manny Peiso","2026-04-30 21:13:45",0.76555,1,mannypeiso
10039,486002,VenkatTech,"2026-05-08 02:05:33",0.76555,8,learningpath17
10040,12819968,"suda nobuto","2026-05-01 04:11:50",0.76555,3,sudanobuto
10041,15808072,liamwu123,"2026-05-01 05:19:05",0.76555,1,liamwu123
10042,15809604,"Yuvraj Singh #6","2026-05-01 06:48:41",0.76555,1,uvgoswami
10043,15810556,"Safo Tannir","2026-05-01 07:47:04",0.76555,1,safotannir
10044,15810820,"Jiahui Jin","2026-05-01 08:13:21",0.76555,1,jjh070105
10045,15814412,"Aryan Deepak","2026-05-01 13:15:13",0.76555,3,aryandeepak
10046,15815870,Goku9313,"2026-05-01 14:13:30",0.76555,1,goku9313
10047,15815930,Kelimm,"2026-05-01 14:17:42",0.76555,1,kelimm
10048,15817022,"Justin  bieberrrr","2026-05-01 15:29:03",0.76555,1,justinbieberrrr
10049,15818686,Ganesh_Solanke1,"2026-05-01 17:32:34",0.76555,1,ganeshsolanke1
10050,15820640,"Kamal Alfakir","2026-05-01 21:12:15",0.76555,4,kamalalfakir
10051,15821295,"Joachim Brisset","2026-05-01 22:57:20",0.76555,2,joachimbrisset1
10052,15822258,km-3660,"2026-05-02 02:27:23",0.76555,1,km3660
10053,15824284,"Taguchi Hiroyuki","2026-05-02 16:49:49",0.76555,4,hir0yuki3105
10054,15824356,"Ifeoluwa Banmeke","2026-05-02 06:04:51",0.76555,1,ifeoluwabanmeke
10055,15825469,anchuncheng,"2026-05-02 07:44:13",0.76555,1,anchuncheng
10056,15826038,"Harshitha Golla","2026-05-02 08:39:37",0.76555,1,harshithagolla
10057,15826052,"Ryder Yao","2026-05-02 09:41:30",0.76555,9,ryderyao
10058,15826536,"Anubhav Singh 91","2026-05-02 09:31:17",0.76555,1,anubhavsingh91
10059,247956,umma,"2026-05-02 10:34:55",0.76555,1,qmgoooo
10060,15827211,HorseSheepGoGo,"2026-05-02 10:58:55",0.76555,3,horsesheepgogo
10061,15828403,YTChen1005,"2026-05-02 13:33:01",0.76555,2,ytchen1005
10062,15828746,"Prasmit Prayansu","2026-05-02 13:51:54",0.76555,1,prasmitprayansu2201
10063,15830028,yyyywww,"2026-05-02 16:09:02",0.76555,1,yyyywww
10064,15732745,greekks,"2026-05-02 17:03:33",0.76555,2,greekks
10065,15830799,winnie,"2026-05-02 17:32:10",0.76555,2,einniw4201
10066,15831415,"Isra Oun","2026-05-02 18:24:15",0.76555,1,israoun
10067,15831549,"Malak mohamed  Abd Elfatah","2026-05-02 19:28:30",0.76555,1,malakabdelfatah2008
10068,9133029,"Cassandra Hall","2026-05-02 20:24:25",0.76555,2,cassandrahm
10069,15832764,"fredo Al","2026-05-02 22:28:27",0.76555,1,fredoal
10070,15832934,"Josh Wegman #2","2026-05-02 23:24:16",0.76555,1,joshwegman
10071,15834425,"DWITIPRIYA BASU","2026-05-03 05:03:26",0.76555,2,dwitipriyabasu
10072,15835335,"Rebecca Chiba","2026-05-03 07:02:19",0.76555,2,rebeccachiba
10073,15836726,"Rithika Shankar","2026-05-03 08:56:24",0.76555,1,rithikashankar4002
10074,15837318,"HUANG YI-HSUAN","2026-05-03 10:17:52",0.76555,2,vera20041019
10075,15837954,"Mouad Ajouhi","2026-05-03 11:31:04",0.76555,1,mouadajouhi
10076,15838135,"Irushi Amaya ","2026-05-03 11:58:10",0.76555,1,irushiamaya
10077,15838766,AvdhutLungase31,"2026-05-03 13:21:20",0.76555,1,avdhutlungase31
10078,15839961,"Krish Kumar Singh","2026-05-03 15:32:10",0.76555,1,krishkumarsingh1545
10079,15840026,Md.Maruf,"2026-05-03 15:38:11",0.76555,1,mdmaruf1727
10080,15839544,Percival_Nezhart262,"2026-05-03 16:11:41",0.76555,2,percivalnezhart262
10081,15842819,"ROLANDINO CO","2026-05-04 00:58:40",0.76555,1,rolandinoco
10082,15844943,"Charvi Goyal","2026-05-04 06:29:12",0.76555,1,charvigoyal30
10083,15845906,ShuiShuia,"2026-05-04 09:17:35",0.76555,3,shuishuia
10084,15847606,INSTALLER,"2026-05-04 10:44:16",0.76555,1,installer
10085,15847500,"Markus Aspegren","2026-05-04 10:59:14",0.76555,3,markusaspegren
10086,15847689,"Velagada pravallika ","2026-05-04 10:55:12",0.76555,1,velagadapravallika
10087,15847897,"Adam Liu #2","2026-05-04 11:30:45",0.76555,2,adamnobody
10088,15850625,"Alibi Anarbekuly","2026-05-04 13:54:53",0.76555,5,alibianarbekuly
10089,15839054,TomLie99,"2026-05-04 14:56:42",0.76555,3,tomlie99
10090,15851035,"Sitaram Dalvi","2026-05-04 14:10:38",0.76555,1,sitaramdalvi
10091,15853241,"Ayumu Kasuga","2026-05-04 19:29:37",0.76555,9,ayumukasuga15b9
10092,15854136,"Aaron Kendall","2026-05-04 22:35:52",0.76555,3,aaronkendall
10093,15854141,"Benjamin Ramirez 323","2026-05-04 22:35:42",0.76555,3,benjaminramirez323
10094,15854601,"Sophia Smith","2026-05-05 00:52:18",0.76555,3,sophiasmith44
10095,15857418,KKNITTA,"2026-05-05 05:32:28",0.76555,1,kknitta
10096,15857642,"Luca Almond","2026-05-05 06:08:58",0.76555,2,lucaalmond
10097,15857744,"Layana Reddy ","2026-05-05 06:16:12",0.76555,2,layanareddy
10098,15860198,Ruufs1,"2026-05-05 11:08:33",0.76555,2,ruufs1
10099,15860234,"Maurice Scholkowski","2026-05-05 11:18:39",0.76555,2,mauricescholkowski
10100,15865010,NeonPhantomX,"2026-05-05 17:59:25",0.76555,1,bishalmajumdar
10101,14945974,"Shreyas Ranganatha","2026-05-06 03:37:42",0.76555,3,shreyassranganatha
10102,15866831,zaporozhskyy,"2026-05-05 20:43:18",0.76555,1,zaporozhskyy
10103,15867423,"Benaissa Imene","2026-05-05 22:04:01",0.76555,1,benaissaimene
10104,15868370,treicymara08,"2026-05-06 01:24:16",0.76555,2,treicymara082000
10105,15868287,"Elijah Rosal","2026-05-06 02:18:16",0.76555,2,elijahrosal
10106,15869535,OnePomelo,"2026-05-06 03:29:24",0.76555,1,onepomelo
10107,15870835,"Mohamed Farah","2026-05-06 05:47:55",0.76555,1,kaamil1
10108,15872082,"Stephen Hope","2026-05-06 07:21:55",0.76555,1,stephenhope
10109,15872783,"Jonas Tankjær Andersen","2026-05-06 08:32:49",0.76555,1,jonastankjrandersen
10110,15872896,"Luis Rodrigues 2003","2026-05-06 08:56:26",0.76555,3,luisrodrigues2003
10111,15873549,zw123456789,"2026-05-06 09:49:20",0.76555,1,zw123456789
10112,15873863,"Saksham Goel","2026-05-10 11:46:20",0.76555,8,sakshamgoelmb
10113,15874453,"Kevin Cheng only","2026-05-06 12:56:52",0.76555,5,kevinchengonly
10114,15874478,"Muhammad Aamir #3","2026-05-06 11:31:57",0.76555,1,aamir28
10115,15874513,"Owen Hsiao #2","2026-05-06 11:51:00",0.76555,2,repowen
10116,15876235,"ISHRAT ZAMAN","2026-05-06 14:33:11",0.76555,1,ishratzaman
10117,13014733,"Phuong Ngo","2026-05-06 17:01:49",0.76555,2,pnv2003
10118,15877579,"isobel savoy byrne","2026-05-06 16:49:41",0.76555,1,isobelsavoybyrne
10119,15878423,WyzEel,"2026-05-06 18:34:49",0.76555,1,wyzeel
10120,15878443,"Sadman Ahmed Siam","2026-05-06 18:37:43",0.76555,1,sadmanahmedsiam
10121,15880474,"KARIN MATSUOKA","2026-05-12 00:13:48",0.76555,2,karinmatsuoka
10122,15881432,永田こころ,"2026-05-07 03:55:52",0.76555,1,nakokoro
10123,15881596,"Rio Morita","2026-05-07 04:18:44",0.76555,1,riomorita
10124,15881924,元永仁太朗,"2026-05-07 04:57:53",0.76555,1,jintarou
10125,15881981,山根憂大,"2026-05-07 05:04:29",0.76555,1,kaggleyamane
10126,15882211,dir_Kohei_Yubuta,"2026-05-07 05:29:54",0.76555,1,dirkoheiyubuta
10127,15882503,"yoojin #2","2026-05-07 06:24:47",0.76555,2,newzinee
10128,15882745,"Mirza Muhammad Arsalan Baig","2026-05-07 06:29:54",0.76555,1,mmarsalanbaig
10129,15884309,padawansato,"2026-05-07 08:40:26",0.76555,1,padawansato
10130,15885453,locomo2022,"2026-05-07 10:46:32",0.76555,2,locomo2022
10131,15886371,"mr Daddy G","2026-05-07 12:43:47",0.76555,1,mrdaddyg
10132,15887328,jiujiuqwq,"2026-05-07 14:23:05",0.76555,1,jiujiuqwq
10133,15888296,tinkerbellll,"2026-05-07 16:04:54",0.76555,1,tinkerbellll
10134,15888618,shadawwuegidua,"2026-05-07 16:44:34",0.76555,1,shadawwuegidua
10135,15888991,"Jack Leske","2026-05-07 17:54:02",0.76555,3,jackleske
10136,15890191,"Yao Yao #3","2026-05-07 20:23:00",0.76555,1,yaoyaohust
10137,15891333,"gregory ribeiro","2026-05-07 23:22:00",0.76555,1,gregoryribeiro
10138,15893675,工藤琢朗（Sherlock4869）,"2026-05-08 06:37:49",0.76555,3,sherlock4869
10139,15894194,"naoyasu shindo","2026-05-08 06:25:17",0.76555,1,naoyasushindo
10140,15894414,"Koki Sato #2","2026-05-08 06:46:21",0.76555,1,satokoki3609
10141,15895125,"onee onee","2026-05-08 08:04:00",0.76555,1,oneeonee
10142,15880906,krapemehob,"2026-05-08 08:21:53",0.76555,12,krapemehob
10143,15895248,oneeer,"2026-05-08 08:42:19",0.76555,3,oneeer
10144,15895426,"Zhiyuan Ren #3","2026-05-08 08:39:37",0.76555,1,bobbyzyr
10145,15896454,nus2828,"2026-05-08 10:31:43",0.76555,1,nus2828
10146,15896602,"Zinatun Nesa Zeba","2026-05-08 10:43:35",0.76555,2,zinatunnesazeba
10147,15896863,Эдик,"2026-05-08 10:57:51",0.76555,1,perhyp
10148,15245407,Kouk70,"2026-05-08 14:21:06",0.76555,4,kouk70
10149,15899351,GarryChess,"2026-05-09 15:00:24",0.76555,4,garrychess
10150,15900810,"Aiyana Koirala","2026-05-08 17:12:24",0.76555,2,aiyanakoirala
10151,15902553,"Jatin Garg #2","2026-05-08 20:17:01",0.76555,1,albadi8chora
10152,15903903,"David Bryan #2","2026-05-09 00:30:52",0.76555,2,davidbryan077
10153,15904580,"Rubaiyat Islam","2026-05-09 02:05:52",0.76555,1,rubaiyat3556
10154,15906825,"Prajwal Kondala","2026-05-09 07:09:39",0.76555,1,prajwalkondala
10155,1938377,Ngagel,"2026-05-09 09:15:18",0.76555,2,"affand20,hendriyanogivano,mochammaditmamulwafa,robitalhazmi,viaaprillya"
10156,5399379,ky7240,"2026-05-09 08:49:49",0.76555,1,ky7240
10157,15908144,yura_lab,"2026-05-09 09:05:45",0.76555,2,yuralab
10158,15909596,oranssizz,"2026-05-09 13:41:36",0.76555,2,oranssizz
10159,15911284,NabilZZZ,"2026-05-09 14:44:18",0.76555,1,nabilzzz
10160,15911497,"tutumi taira","2026-05-09 15:10:15",0.76555,1,tutumitaira
10161,13516410,"Noah Riggenbach","2026-05-09 16:18:31",0.76555,5,noahriggenbach
10162,15912207,"Gustavo Ribeiro #2","2026-05-09 16:53:57",0.76555,1,gustavodribeiro
10163,15914123,"PHANOO NGAMCHALIAW","2026-05-09 22:48:55",0.76555,10,phanoongamchaliaw
10164,15915016,"Xiao Han #2","2026-05-10 02:42:48",0.76555,1,hxme07
10165,15916338,"Rajashree Senapati","2026-05-10 06:56:25",0.76555,1,rajashreesenapati
10166,15836526,"Aadhya Jauhari","2026-05-10 07:02:06",0.76555,2,aadhyajauhari
10167,15916578,IchigoJiken,"2026-05-10 07:30:50",0.76555,1,ichigojiken
10168,15916952,"smoky d","2026-05-10 08:57:28",0.76555,2,smokydrown
10169,15917227,"Ryosuke Sasaoka","2026-05-10 08:59:03",0.76555,1,ryosukesasaoka
10170,15917659,"SAKET AGRAHARI","2026-05-10 10:06:33",0.76555,1,sanitaee
10171,15918361,"Infrared fall","2026-05-10 11:53:56",0.76555,1,infraredfall
10172,15918754,"my Doodle","2026-05-10 12:48:42",0.76555,1,mydoodle
10173,15919542,KoWetv,"2026-05-10 14:20:12",0.76555,1,kowetv
10174,15920855,Ahmad-Fahim-dev,"2026-05-10 17:05:00",0.76555,1,ahmadfahimdev
10175,15921104,YH,"2026-05-11 06:56:58",0.76555,11,ytytyttytyty
10176,15921636,"Mert Yüksal","2026-05-10 19:06:07",0.76555,1,mertyks
10177,15921712,"Cyrille Mbimou","2026-05-10 19:20:51",0.76555,1,cyrillembimou
10178,14728881,la_n1ce,"2026-05-11 20:27:11",0.76555,6,lan1ce
10179,15922761,"kang su chang","2026-05-11 00:31:04",0.76555,1,kangsuchang
10180,15922953,"Luiz Rocha #3","2026-05-11 20:36:54",0.76555,3,luizrochaa
10181,15925247,"KAISEI HOOKADA","2026-05-11 07:33:47",0.76555,1,kaiseihookada
10182,15925313,sawkoikeda,"2026-05-12 06:46:27",0.76555,4,sawkoikeda
10183,15925363,jiayuting,"2026-05-11 07:59:56",0.76555,3,jiayuting
10184,15925301,rongrong22,"2026-05-11 08:02:06",0.76555,2,rongrong22
10185,15925773,Zavier_zzb,"2026-05-11 08:35:11",0.76555,2,zavierzzb
10186,15925745,"Sohail Rind","2026-05-11 08:33:44",0.76555,3,sohailrind
10187,15926226,"jinlong jing","2026-05-11 09:33:40",0.76555,2,jinlongjing
10188,15927254,"DENG WEIKUN","2026-05-11 11:22:29",0.76555,1,dengweikun
10189,15927659,"Divyo Jyoti Bala","2026-05-11 12:00:03",0.76555,1,divyojyotibala
10190,15927790,"Greg Asacha","2026-05-11 12:14:01",0.76555,1,gregasacha
10191,15926457,FabianAlexSteiner,"2026-05-11 13:26:31",0.76555,2,fabianalexsteiner
10192,15929021,"Toshiaki Ogawa #2","2026-05-11 14:17:36",0.76555,1,ogawat
10193,15929489,"Bilal Haider #2","2026-05-11 15:14:35",0.76555,1,bilalhaider86
10194,15930457,"Bryan Islas","2026-05-11 17:24:51",0.76555,1,bryanislas
10195,15930655,"T.S. Rupasinghe","2026-05-11 17:50:04",0.76555,1,tsrupasinghe
10196,15920839,"Dhruv Kumar #5","2026-05-11 18:10:40",0.76555,6,dhruvkumar01
10197,15931324,"Philippe Coulombe","2026-05-11 19:42:32",0.76555,2,philippecoulombe
10198,15931491,"Master Teo","2026-05-11 20:20:11",0.76555,1,sirteo
10199,15239805,lucianotupinaba,"2026-05-11 22:42:51",0.76555,1,lucianotupinaba
10200,15932979,大谷常斗,"2026-05-12 01:32:11",0.76555,1,tokito83810
10201,15933158,Jackson_B,"2026-05-12 02:16:06",0.76555,1,htstryu75
10202,15933287,"kasra kasra","2026-05-12 03:40:18",0.76555,4,kasrakasra
10203,15933581,"Lab 8 worksheet","2026-05-12 03:34:01",0.76555,2,test124421
10204,15933578,"finlay kath","2026-05-12 04:20:29",0.76555,6,finlaykath
10205,15933954,"chuanqi yu","2026-05-12 04:02:55",0.76555,3,chuanqiyu
10206,15934187,rosc0025,"2026-05-12 04:21:04",0.76555,1,rosc0025
10207,15934516,Kendrik31,"2026-05-12 05:25:53",0.76555,10,kendrik31
10208,15934690,"Ambika Apsingaker","2026-05-12 05:17:31",0.76555,2,ambikaapsingaker
10209,15934704,Dr.bugslife,"2026-05-12 06:30:25",0.76555,2,drbugslife
10210,15934711,"Bahodir Ergashaliyev","2026-05-12 05:10:45",0.76555,1,bahodirergashaliyev
10211,15934756,"chaiserx bakes","2026-05-12 05:29:53",0.76555,3,chaiserxbakes
10212,15935066,"rino semura","2026-05-12 05:40:39",0.76555,1,rinosemura
10213,15935630,"natsuki natsuki","2026-05-12 06:09:36",0.76555,1,natsukinatsuki
10214,15935736,hall0832,"2026-05-12 06:31:01",0.76555,3,hall0832
10215,15935825,"arata nagahama","2026-05-12 06:18:44",0.76555,1,aratanagahama
10216,15915703,木戸睦己,"2026-05-12 06:33:11",0.76555,3,muuummm
10217,15936514,"Pol Cat","2026-05-12 08:39:59",0.76555,2,borealle
10218,15936572,"Yuda Koki","2026-05-12 07:50:24",0.76555,2,yudakoki
10219,15936577,オオムラヒビキ,"2026-05-12 07:49:51",0.76555,1,omurahibiki
10220,15936627,SouthChinaCCByte,"2026-05-12 10:58:07",0.76555,9,southchinaccbyte
10221,15936927,"Narpinnai Damodaran","2026-05-12 08:36:37",0.76555,1,narpinnaidamodaran
10222,13798411,ha159357,"2026-05-12 08:57:14",0.76555,1,ha159357
10223,15938612,"Ying Zhang (張影)","2026-05-12 13:00:16",0.76555,5,yzislander
10224,15939459,红雷爹22333,"2026-05-12 14:06:25",0.76555,1,xiaochong22333
10225,15939541,"Shree sowbika SY","2026-05-12 14:14:29",0.76555,1,shreesowbikasy
10226,15397757,honghaoyang,"2026-03-13 14:43:12",0.76315,1,honghaoyang
10227,15399539,"Влад Харламов","2026-03-13 23:06:49",0.76315,10,lehmanrusjahud
10228,15400326,rotarymars,"2026-03-14 05:01:27",0.76315,1,rotarymars
10229,15400974,level011s,"2026-03-14 07:17:39",0.76315,1,level011s
10230,15401579,JXY123,"2026-03-14 09:03:09",0.76315,1,jxy1234
10231,15402333,"Ben Vos","2026-03-14 11:23:46",0.76315,1,benxvos
10232,15402979,"Krish Kachhadiya","2026-03-14 14:31:00",0.76315,4,krishkachhadiya
10233,15403066,"Dean Wang","2026-03-14 14:35:09",0.76315,1,deanbatur
10234,10086010,AkshatAgarwal2512,"2026-03-14 15:33:06",0.76315,2,akshatagarwal2512
10235,14313003,st0123,"2026-03-17 15:55:25",0.76315,2,st0123
10236,15403383,ひろひろ,"2026-03-14 15:55:07",0.76315,1,anthonyhiro
10237,15359702,"Aronide Ngeno","2026-03-14 19:12:44",0.76315,1,aronidengeno
10238,15404790,E3231302029,"2026-03-15 01:59:55",0.76315,1,e3231302029
10239,15405045,"Lam Sze Yeung (Lexie)","2026-03-15 04:09:21",0.76315,1,lamszeyeunglexie
10240,15405988,Bruce-Kwok,"2026-03-15 09:14:47",0.76315,1,brucekwokkkkkkk
10241,15406925,"Rishit Das","2026-03-15 12:17:35",0.76315,1,rishit0x29
10242,4332426,YMdrymhzj,"2026-03-15 12:19:55",0.76315,1,ymdrymhzj
10243,15407275,numbertu,"2026-03-15 13:17:05",0.76315,1,numbertu
10244,15407351,"迎 悠太","2026-03-15 13:30:26",0.76315,1,mukaeman
10245,6658710,"Haitao Fu","2026-03-15 17:09:07",0.76315,2,haitaofu
10246,15408200,"jiaqi zhu","2026-03-15 16:43:17",0.76315,1,jiaqizhu39
10247,14823599,"Allegra Godfrey","2026-03-15 22:41:03",0.76315,1,allegragodfrey2
10248,15399222,"Ankit Sharma #12","2026-03-16 02:32:05",0.76315,3,ankit9660949792
10249,15410390,"Hui Mark","2026-03-16 02:38:36",0.76315,1,huimark
10250,15411239,おっくん,"2026-03-16 06:14:11",0.76315,1,oknall
10251,15412783,yubin2004447,"2026-03-16 11:24:48",0.76315,3,yubin2004447
10252,15413489,"wei lu #2","2026-03-16 12:42:09",0.76315,1,weiiilu
10253,15413893,"Blanche WEI","2026-03-16 13:53:46",0.76315,2,blanchewei
10254,15414521,"Akash Kumar #12","2026-03-16 15:35:37",0.76315,2,bababradpitt123
10255,15415520,"Vicko Nicholas 郭","2026-03-16 18:45:33",0.76315,3,vickonicholas
10256,15415521,"Begoña Pereiro","2026-03-16 18:31:08",0.76315,1,begoapereiro
10257,15415680,"Ka Hei Shiu","2026-03-17 11:48:25",0.76315,2,kaheishiu
10258,15418073,"Theo #7","2026-03-17 04:46:51",0.76315,1,the0o913
10259,15418471,xuanxuan00863,"2026-03-17 06:05:41",0.76315,1,xuanxuan00863
10260,15418493,"Hafez Trimukti","2026-03-17 06:09:57",0.76315,2,hafeztrimukti
10261,15418503,QZYanzu,"2026-03-17 08:06:47",0.76315,6,qzyanzu
10262,15419734,"tung anne ng","2026-03-17 09:19:17",0.76315,1,tunganneng
10263,15420073,abburinagamani,"2026-03-17 10:14:08",0.76315,1,abburinagamani
10264,15420569,Elaenapark,"2026-03-17 11:28:56",0.76315,1,elaenapark
10265,15420794,Caligulaaa,"2026-03-17 11:59:43",0.76315,1,caligulaaa
10266,15420822,Prove-ash,"2026-03-18 09:29:17",0.76315,2,proveash
10267,15415702,d22089184,"2026-03-17 12:43:11",0.76315,2,d22089184
10268,15421264,"congtao xu","2026-03-17 13:06:28",0.76315,1,congtaoxu
10269,15421353,"Wang Hoi Sze","2026-03-17 13:49:10",0.76315,3,wanghoisze
10270,15339710,"Matei Trohin","2026-03-17 14:18:30",0.76315,3,mateitrohin
10271,15422155,"Sam Cao","2026-03-17 15:07:56",0.76315,1,samcao1010
10272,15399033,"Muhammad Bin Mijan","2026-03-17 17:55:53",0.76315,1,muhammadbinmijan
10273,15428739,"Wen Zixuan","2026-03-18 06:28:05",0.76315,2,wenzixuan1
10274,15429584,yueshuning,"2026-03-18 08:20:01",0.76315,1,yueshuning
10275,15432135,"Kohei Takashina","2026-03-18 14:40:06",0.76315,1,koheitakashina
10276,15429789,zzzzzzuy,"2026-03-18 15:26:17",0.76315,5,zzzzzzuy
10277,15436167,wanmingxia,"2026-03-18 23:10:39",0.76315,1,wanmingxia
10278,11489881,"Mark Stevens","2026-03-19 01:27:44",0.76315,1,markstevens1
10279,15437252,"Ammar MACHROUHI","2026-03-19 02:05:23",0.76315,3,ammarmachrouhi
10280,15440338,SuekyWang,"2026-03-19 10:47:27",0.76315,5,suekywang
10281,13030538,"BANCE BOUKARE","2026-03-25 14:24:24",0.76315,3,banceboukare
10282,15441784,"[Deleted] 0fb94c91-bd7c-4676-bd70-28b6c81497d1","2026-03-19 13:32:59",0.76315,1,del=dc3fb4a9ee1f534f
10283,15441852,Akshay_Babu47,"2026-03-19 13:46:45",0.76315,2,akshaybabu47
10284,13995206,"dhariya agarwal","2026-03-19 15:36:02",0.76315,1,dhariyaagarwal
10285,15444547,Brinil_0427317,"2026-03-19 20:34:42",0.76315,1,brinil0427317
10286,15444582,"keenan campbell","2026-03-19 20:47:29",0.76315,1,keenancampbell
10287,15446445,"Mihir Varshney","2026-03-20 05:15:41",0.76315,1,mihirvars
10288,15447151,"bùi công tiến H5117","2026-03-20 07:28:50",0.76315,2,bicngtinh5117
10289,15447407,"Aqua MugiGimo","2026-03-20 07:37:21",0.76315,1,aquamugigimo
10290,15451390,のらねこ,"2026-03-20 15:33:37",0.76315,1,nnksproto
10291,15454536,mainss,"2026-03-21 03:49:06",0.76315,1,mainss
10292,15449078,"Chen Mingkai","2026-03-21 15:05:04",0.76315,3,cminko2331
10293,15457722,QiliZh,"2026-03-21 14:53:45",0.76315,1,qilizh
10294,15458640,Catch_Zhang,"2026-03-21 16:43:58",0.76315,1,catchzhang
10295,15461091,DevKewlani89,"2026-03-22 08:11:43",0.76315,4,devkewlani89
10296,15463227,"Takanori Sugai","2026-03-22 11:34:01",0.76315,1,takanorisugai
10297,15464013,"Prakhar Sudele","2026-03-22 13:34:29",0.76315,1,prakharsudele
10298,14028440,avahancn,"2026-03-22 14:39:57",0.76315,1,avahancn
10299,15464560,buji58,"2026-03-22 15:00:43",0.76315,1,buji58
10300,15465043,box1bs,"2026-03-22 16:52:52",0.76315,1,abstractbox
10301,15465183,"Juan Goñi Uriarte","2026-03-22 17:25:14",0.76315,1,juangoiuriarte
10302,15466404,VPasum,"2026-03-23 00:55:38",0.76315,2,vpasum
10303,15476680,"aoma iwanaga","2026-03-24 07:28:07",0.76315,2,aomaiwanaga
10304,15480342,"Artem PPan","2026-03-24 18:24:35",0.76315,3,artemppan
10305,15480586,"girish santosh joshi","2026-03-24 19:28:24",0.76315,1,girishsantoshjoshi
10306,15480913,"Santiago Rodriguez","2026-03-31 16:43:32",0.76315,2,santiagorod247
10307,15481597,ironthroneruler,"2026-03-25 02:00:42",0.76315,1,ironthroneruler
10308,15481947,hongcc,"2026-03-25 03:27:35",0.76315,1,yhyhccc
10309,15484753,xiaosongyanlyw,"2026-03-25 12:34:37",0.76315,1,xiaosongyanlyw
10310,15484837,"Dorsaf Messaoudi","2026-03-25 12:46:53",0.76315,1,dorsafmessaoudi
10311,15484868,"Đừng Quên Tên Anh","2026-03-25 12:54:30",0.76315,2,ngquntnanh
10312,6557621,"sharma smriti","2026-03-25 18:29:26",0.76315,1,sharmasmriti
10313,15295582,"Takahisa Ota","2026-03-26 06:41:58",0.76315,1,takahisaota
10314,15493229,Uday9081,"2026-03-26 09:08:03",0.76315,1,uday9081
10315,15494403,"Akmal Fazli","2026-03-26 11:51:47",0.76315,1,akmalfazli
10316,15495293,yalpha,"2026-04-01 14:33:49",0.76315,2,yusukeimura
10317,15496415,"Hashim #3","2026-03-26 17:01:45",0.76315,1,hashim824
10318,6246016,Jessco,"2026-04-21 03:16:32",0.76315,2,jessco
10319,15493504,"xuan zhang #2","2026-03-27 04:17:33",0.76315,2,zhangxuanbb88
10320,15500074,武安泊昇,"2026-03-27 07:10:41",0.76315,4,takeyasuhakusho
10321,15500518,UOM_230424J,"2026-03-27 08:17:39",0.76315,1,hhdinithinavodya23
10322,15501342,"SUMIT KUMAR #5","2026-03-27 11:00:52",0.76315,1,sumitkumar1802
10323,15502753,Luking10,"2026-03-27 14:33:09",0.76315,1,luking10
10324,15503126,ThànhMakoto,"2026-03-27 15:42:14",0.76315,2,thnhmakoto
10325,15272119,Tim1985,"2026-03-27 16:27:52",0.76315,1,tim1985
10326,15504659,"shun abcd","2026-03-28 00:10:00",0.76315,1,shunabcd
10327,15504894,ScratchCard,"2026-03-28 02:11:28",0.76315,1,scratchcard
10328,15505886,Seanoo123,"2026-03-28 07:12:59",0.76315,1,seanoo123
10329,15506214,"Ahmad #9","2026-04-10 13:20:23",0.76315,3,ahmad1029
10330,15507742,てぃーさん,"2026-04-26 12:44:29",0.76315,2,asytmy
10331,15322345,"MASAAKI NAGAMATSU","2026-03-28 14:03:46",0.76315,2,usermaname1
10332,15509752,harashima,"2026-03-28 23:59:07",0.76315,1,harashima
10333,15511011,leexs66,"2026-03-29 07:37:34",0.76315,1,leexs66
10334,15514917,ApeCode,"2026-03-30 00:38:33",0.76315,1,apecode
10335,4126663,tomokato,"2026-03-30 06:02:13",0.76315,3,tomoyasukato
10336,15518955,"정 해 윤","2026-03-30 14:52:52",0.76315,1,carchip4
10337,11300088,"takahiro Oishi","2026-04-01 10:40:57",0.76315,2,tkhroishi
10338,15523351,Claire250317,"2026-03-31 08:27:24",0.76315,1,claire250317
10339,12647267,"Yusuke Morimitsu","2026-03-31 13:07:58",0.76315,1,yusukemorimitsu
10340,15524722,Abhinav2409,"2026-03-31 13:20:18",0.76315,1,abhinav2409
10341,15530815,GOSEGU,"2026-04-02 10:53:26",0.76315,2,seguride
10342,15531748,HendrieUys2024,"2026-04-01 15:27:38",0.76315,1,hendrieuys2024
10343,15533622,"Md Azhaan Imam","2026-04-01 21:23:35",0.76315,1,azhaanimam
10344,15533706,"Sidh Khurana","2026-04-01 21:49:03",0.76315,1,sidhkhurana
10345,15533768,"Beverly Ajuzie","2026-04-01 22:17:14",0.76315,1,beverlyajuzie
10346,15535131,mcq626,"2026-04-02 02:26:24",0.76315,2,mcq626
10347,15545927,"Mehul Gupta #5","2026-04-03 10:08:36",0.76315,1,guptamehul
10348,15529366,池上一展,"2026-04-03 11:10:31",0.76315,11,kikegamisprix
10349,15549198,"Thái Nguyễn","2026-04-08 13:22:20",0.76315,2,nqthust
10350,15549662,"Latika Sekhri","2026-04-03 17:27:49",0.76315,1,latikasekhri
10351,15552285,乔迈脆脆,"2026-04-04 05:33:15",0.76315,1,qmqmcc
10352,15553349,"Alvon Hindarmawan","2026-04-11 12:12:02",0.76315,3,alvonhindarmawan
10353,15553906,Yochan.2B,"2026-04-04 11:07:04",0.76315,1,yochan2b
10354,15554410,"Rohit Pal","2026-04-04 13:11:53",0.76315,2,rohittpaul1234
10355,15514647,"Luis Felipe Teixeira","2026-04-04 18:21:28",0.76315,3,luisfelipeteixeira
10356,11385103,IHHC10,"2026-04-05 01:32:20",0.76315,6,ihhc10
10357,15556633,"Vishnu Vandana Pyatla","2026-04-05 01:04:40",0.76315,1,vishnuvandanapyatla
10358,15557409,"Devon Samuel","2026-04-12 09:28:22",0.76315,2,devonsamuel
10359,13838188,ceymark,"2026-04-05 09:42:34",0.76315,1,ceymark
10360,15558674,"Kapa Nim","2026-04-05 09:43:02",0.76315,1,kapanim
10361,15558701,"Dinesh Narada","2026-04-05 09:49:51",0.76315,1,dineshnarada
10362,15558737,"Gobba Luthira","2026-04-05 09:59:33",0.76315,1,gobbaluthira
10363,15558800,"Praditya Sondy","2026-04-05 10:17:40",0.76315,1,pradityasondy
10364,15558805,KKSSSSSSA,"2026-04-05 10:18:28",0.76315,1,kkssssssa
10365,15559149,"Javier Hidayat","2026-04-12 15:20:17",0.76315,3,javierhidayat
10366,15560395,"Uday Shankar Sharma","2026-04-05 16:46:29",0.76315,1,udayshankarsharma
10367,15562728,Zzzzzzw,"2026-04-06 04:27:24",0.76315,1,zzzzzzwwwww
10368,15562464,mikaaam,"2026-04-06 08:58:00",0.76315,3,mikaaam
10369,15566302,"Sofiat Lawal","2026-04-06 16:49:21",0.76315,1,sofiatlawal
10370,15568893,"MAEHWA sword master","2026-04-07 05:49:49",0.76315,1,maehwaswordmaster
10371,15569111,Nome109,"2026-04-07 06:29:12",0.76315,1,nome109
10372,15571409,Kyon,"2026-04-28 10:46:53",0.76315,2,kyazaki
10373,15571548,jianuo,"2026-04-07 14:12:41",0.76315,2,jianuo111
10374,15572092,Pacifique,"2026-04-07 15:50:52",0.76315,3,mugishapacifique
10375,15572372,GUmoumou,"2026-04-07 16:24:10",0.76315,1,gumoumou
10376,15573510,"Shahriar Khan (1903)","2026-04-07 21:44:23",0.76315,3,shahriarkhan1903
10377,12913670,Hirokki,"2026-04-08 04:29:45",0.76315,3,hirokki
10378,15584066,Wikranx,"2026-04-09 12:11:50",0.76315,1,wikranx
10379,15584899,"Vladimir Shinka","2026-04-09 16:11:41",0.76315,2,vladimirshinka
10380,15586116,WooUngCha,"2026-04-09 18:30:51",0.76315,8,wooungcha
10381,15586345,"Hüseyin Bilgili","2026-04-09 19:35:58",0.76315,1,hseyinbilgili
10382,15587809,"David Vargas #3","2026-04-10 04:02:49",0.76315,1,davidvargasctrl
10383,15588186,"Ujjwol Devkota","2026-04-10 04:59:02",0.76315,1,ujjwoldevkota
10384,14609405,BekzhanRyspekov,"2026-04-10 05:23:33",0.76315,2,bekzhanryspekov
10385,15589003,"jiaxi li","2026-04-10 07:25:40",0.76315,1,jxli88
10386,15590630,阪本惇暉,"2026-04-10 13:25:14",0.76315,1,atsuvictospin
10387,15591351,"Ceren Annac","2026-04-10 15:40:21",0.76315,1,cerenannac
10388,8207382,"ashwani balyan","2026-04-16 15:14:51",0.76315,7,ashwanibalyan
10389,15596471,repperman,"2026-04-11 10:42:47",0.76315,4,repperman
10390,15597303,sysdx,"2026-04-11 16:50:05",0.76315,1,xcrept
10391,15598652,"Leon Yandurin","2026-04-11 17:33:04",0.76315,1,leonyandurin
10392,15599203,"Adhemar Adalid Alvarez Soto","2026-04-11 19:42:20",0.76315,1,aadhemar
10393,15599427,"Cedar On Books","2026-04-11 21:10:39",0.76315,1,cedaronbooks
10394,15601213,S_imkt_26,"2026-04-12 07:24:01",0.76315,1,simkt26
10395,15602277,"Gagan L K","2026-04-12 11:13:19",0.76315,1,gaganlk
10396,15602649,Razak@69,"2026-04-12 12:27:19",0.76315,2,razak69
10397,15605744,横田空良,"2026-04-13 01:15:23",0.76315,1,pythlio
10398,15312442,楠神翔太,"2026-04-13 04:15:23",0.76315,5,togekissroto
10399,15608131,"Falko Horn","2026-04-13 10:03:38",0.76315,1,falkohorn
10400,15610655,"Luka Gobechia","2026-04-14 01:28:34",0.76315,5,lukagobechia
10401,15611164,pmdpfp,"2026-04-13 19:27:32",0.76315,1,pmdpfp
10402,15614111,"Abhinav Dhar Dwivedi","2026-04-14 08:14:09",0.76315,1,abhinav06ml
10403,15101718,Stolide_anseed,"2026-04-14 10:13:00",0.76315,5,stolideanseed
10404,15615037,cai0123,"2026-04-14 11:03:19",0.76315,1,cai0123
10405,15170359,"Nihal Barcin","2026-04-14 17:10:49",0.76315,1,nihalba
10406,15620265,Whaleisgay,"2026-04-15 08:30:04",0.76315,1,whaleisgay
10407,15297222,arteeesco0311,"2026-04-15 13:16:17",0.76315,2,arteeesco0311
10408,15620971,MmbSir,"2026-04-15 09:41:32",0.76315,3,mmbsir
10409,15621470,"Satoko Yokoyama","2026-04-15 10:25:44",0.76315,1,satoyoko
10410,15622272,"Grace Eso","2026-05-07 09:16:27",0.76315,2,esograce
10411,15622283,"Kaustuv Chatterjee","2026-04-15 12:34:10",0.76315,1,kaustchatterjee
10412,15624220,"Akinyemi Bukunmi","2026-04-15 20:00:52",0.76315,2,akinyemibukunmi
10413,15063408,"Mateo Cumbal","2026-04-16 01:51:30",0.76315,2,mateocumbal
10414,15124612,"Azure #2","2026-04-16 04:54:25",0.76315,1,azurealtiera
10415,15627941,"Gagan #5","2026-04-17 04:36:50",0.76315,4,gagan9035
10416,15628039,いしい　ひろゆき,"2026-04-16 06:18:39",0.76315,1,iiishiii0930
10417,15629343,"Daniel Abifarin","2026-04-16 09:00:01",0.76315,1,danielabifarin
10418,15631077,Y.Gagarin,"2026-04-16 13:11:07",0.76315,1,ygagarin
10419,15631775,"Jakub Litschmann","2026-04-16 14:51:10",0.76315,1,jakublitschmann
10420,931457,sumanth048,"2026-04-16 20:41:29",0.76315,1,sumanth048
10421,15635027,"Aditya Sharma2457","2026-04-17 03:37:11",0.76315,1,adityasharma2457
10422,15635560,timetuned,"2026-04-17 10:42:01",0.76315,6,timetuned
10423,15635912,spencerku,"2026-04-17 06:40:48",0.76315,2,spencerku
10424,15636128,冰制BNZH,"2026-04-17 07:01:13",0.76315,1,kwsnbnzh
10425,15597939,"Alben Johnson","2026-04-17 09:38:30",0.76315,1,albenjohnson
10426,15637505,yon1k3,"2026-04-17 11:10:08",0.76315,2,yon1k3
10427,15637529,"Tahir Lunat","2026-04-17 11:11:34",0.76315,1,tahirlunat
10428,6604569,"Haritha Sarode","2026-04-17 12:51:31",0.76315,9,harithasarode
10429,15639323,nico_mugi_love,"2026-04-17 15:34:03",0.76315,1,nicomugilove
10430,15640102,RUDx22,"2026-04-17 17:36:27",0.76315,1,rudx22
10431,15640454,"ODARI KIBISI CHARLES","2026-04-17 18:17:07",0.76315,1,odarikibisicharles
10432,15643705,"Rishu Raj #3","2026-04-18 07:17:00",0.76315,1,rishuraj909
10433,15644438,"Masumi Yoshida","2026-05-09 15:44:10",0.76315,2,masumiyoshida
10434,15644476,"G.Pravalika  21","2026-04-18 09:32:07",0.76315,1,gpravalika21
10435,15644587,"[Deleted] 9e4da6d2-dc20-4adb-841f-a00e2ca8f955","2026-04-18 09:52:59",0.76315,1,joaquinthiogo
10436,15646002,"Guilherme Mourão","2026-04-18 14:24:06",0.76315,2,guipmouraoo
10437,15647720,"Nicholas J Rodriguez","2026-04-18 19:19:04",0.76315,1,nicholasjrodriguez
10438,15646174,Screen7,"2026-04-18 20:57:15",0.76315,4,screen7
10439,15650775,上島朋音,"2026-04-19 09:30:04",0.76315,1,tomone12
10440,15651817,Imortalus,"2026-04-19 13:13:52",0.76315,2,imortalus
10441,13159883,Yousuf99,"2026-04-20 01:12:44",0.76315,1,yousuf99
10442,15655062,jinyvyvyv,"2026-04-20 03:06:53",0.76315,9,jinyvyvyvyv
10443,15647097,"RAZIQUE KHAN","2026-04-20 05:18:34",0.76315,2,raziquekhan
10444,15656272,"ding zhuangz","2026-04-20 05:41:52",0.76315,1,dingzhuangz
10445,15656628,"Harman Preet singh555","2026-04-20 06:36:58",0.76315,1,harmanpreetsingh555
10446,15657739,"Katsumi Sato","2026-04-20 09:00:20",0.76315,1,katsumisato
10447,15659276,"Sameer Ahmad","2026-04-20 13:02:34",0.76315,1,sameerahmad04
10448,15671551,"Tahsin Rafi","2026-04-21 16:30:50",0.76315,3,tahsinrafi05
10449,15659293,"Joshua Chucks","2026-04-22 00:45:05",0.76315,2,joshuachucks
10450,15687066,"Hasnat Islam Sami","2026-04-22 03:24:02",0.76315,1,hasnatislamsami
10451,15691416,"R Chirag Kumar","2026-04-22 06:16:59",0.76315,1,rchiragkumar
10452,15693714,"Rahul IB","2026-04-22 08:10:02",0.76315,1,rahulib
10453,15694180,"Yu Suzuki #3","2026-04-25 11:22:22",0.76315,2,sunnynull
10454,15696066,a342z8439,"2026-04-22 10:44:14",0.76315,1,a342z8439
10455,13945579,"Yuki Shinyashiki","2026-04-22 11:47:32",0.76315,1,yukishinyashiki
10456,15700041,"Deepshikha Yadav","2026-04-22 15:25:19",0.76315,1,deepshikhayadav810
10457,1673321,"Yossi Hohashvili","2026-04-22 19:26:14",0.76315,1,houhashv
10458,15703007,"Ahmad Waleed #2","2026-04-22 21:35:17",0.76315,4,ahmadwaleed003
10459,15703417,"Vaibhav Meshram","2026-04-22 21:25:42",0.76315,1,vaibhavm501
10460,15703709,"Денис Шинкарук","2026-04-22 22:24:33",0.76315,1,shnkrkdn
10461,15531681,"Trần Minh Khôi","2026-04-23 04:55:26",0.76315,2,khoidev
10462,15706281,"Sadia Islam","2026-04-23 05:42:50",0.76315,1,sadianowislam
10463,15707788,"Rashika Poonia","2026-04-23 12:14:53",0.76315,2,rashikapoonia
10464,15708071,"mayumi oshida","2026-04-23 07:54:14",0.76315,1,mayumioshida
10465,15698591,"Lucas Kassianow","2026-04-23 10:30:01",0.76315,3,lucaskassianow
10466,15720275,DIVYANSHU_CHOUHAN_123,"2026-04-23 14:48:21",0.76315,1,divyanshuchouhan123
10467,15722721,"Sinchana Purushotham","2026-04-23 20:16:54",0.76315,1,sinchanapurushotham
10468,15723965,"ALEJANDRO ARIAN VALDIVIA CASANOVA","2026-04-24 02:08:51",0.76315,1,valdinho
10469,15727863,Aishani09,"2026-04-24 06:38:24",0.76315,2,aishani09
10470,15729638,"Sevinch Elmuradova","2026-04-24 09:01:15",0.76315,1,sevinchelmuradova
10471,15730025,"Aryan Yadav #2","2026-04-24 10:00:49",0.76315,1,simplexcomplex
10472,15730159,alex_ok333,"2026-04-24 10:21:49",0.76315,1,alexok333
10473,15730908,themoon0317,"2026-04-24 12:15:30",0.76315,2,themoon0317
10474,15659308,"agu clinton","2026-04-24 12:51:50",0.76315,2,aguclinton
10475,568105,"Christos 3","2026-04-24 13:29:17",0.76315,1,chpalaiok
10476,15731952,"jf li","2026-04-24 14:29:53",0.76315,1,ljingfeng
10477,15731455,Eshwarchavan,"2026-04-24 15:14:45",0.76315,2,eshwarchavan
10478,15732708,"Marat Khaliullin","2026-04-24 16:15:31",0.76315,1,maratkhaliullin
10479,15733370,"Zaychenko Olesya","2026-04-24 17:56:46",0.76315,1,zaychenkoolesya
10480,15733438,"Kavya L","2026-04-24 19:26:47",0.76315,3,kavyamarkal
10481,15740429,"Yevgueni Velásquez Oros","2026-04-25 21:09:37",0.76315,1,yevguenivelsquezoros
10482,4884866,"Pham Kim Hoan","2026-04-26 04:30:01",0.76315,2,pham0030
10483,15742151,"Burak Bilgin","2026-04-26 06:49:39",0.76315,1,burakbilgin0
10484,15743127,dyb1211,"2026-04-26 10:22:28",0.76315,1,dyb1211
10485,15745077,"Nandan Naniyappa N B","2026-04-26 16:43:35",0.76315,1,nandannaniyappanb
10486,14852357,"Cristhian Ramírez","2026-04-26 23:58:28",0.76315,2,cristhianramrez
10487,15747033,oshima9050,"2026-04-27 03:27:17",0.76315,2,oshima9050
10488,15747123,田中郁也,"2026-04-27 03:18:49",0.76315,2,fumiiiza
10489,15749707,"liuyun #2","2026-04-27 19:01:01",0.76315,2,liuyun2026
10490,15752262,"Himanshu Srivastava #4","2026-04-27 15:25:58",0.76315,3,himanshu9451
10491,3939879,"Kulothungan S","2026-04-27 15:20:58",0.76315,1,kulothungans
10492,15758260,"mia zhang","2026-04-28 05:44:47",0.76315,5,miaoo93oo
10493,15764556,"lotso cute","2026-04-28 10:57:16",0.76315,1,lotsocute
10494,15685673,"Hiroko Tsuchida","2026-05-01 12:10:39",0.76315,16,hirokotsuchida
10495,15762571,"Jinghao Zhang #2","2026-04-28 14:08:33",0.76315,3,userssyjz17
10496,15745333,"Dan Zheng0117","2026-04-28 16:42:51",0.76315,3,danzheng0117
10497,15770027,diakitao,"2026-04-28 18:27:24",0.76315,2,diakitao
10498,15771612,"narendra kumar","2026-04-28 21:01:06",0.76315,3,kumarnarendra
10499,14047441,藤野暉良人,"2026-04-29 02:48:48",0.76315,1,ochasann
10500,15297207,ustonl,"2026-04-29 12:08:53",0.76315,2,ustonl
10501,15783929,"Rafael Rosario Panina","2026-04-29 16:35:05",0.76315,1,rafaelrosariopanina
10502,13945307,"gavi asai","2026-04-30 00:54:29",0.76315,8,gaviasai
10503,15789152,"xinting rui","2026-04-30 02:35:32",0.76315,1,xintingrui
10504,15789940,"Balqis Eka Nurfadisyah","2026-04-30 03:52:50",0.76315,1,balqisekanurfadisyah
10505,15791403,"haruhi oe","2026-04-30 06:11:32",0.76315,1,haruhioe
10506,15791581,taminatohiroaki,"2026-04-30 06:26:47",0.76315,1,taminatohiroaki
10507,15794138,bw2key,"2026-04-30 09:14:05",0.76315,1,bw2key
10508,15795317,"Fahad #6","2026-04-30 11:02:16",0.76315,1,fahadts
10509,15796225,saharofk,"2026-04-30 12:18:18",0.76315,1,saharofk
10510,15806496,MistryUdoy,"2026-05-01 03:50:58",0.76315,1,mistryudoy2006
10511,15810297,しおたれ,"2026-05-01 07:31:01",0.76315,1,shiotare
10512,15813081,"shaheen thaer","2026-05-01 10:50:35",0.76315,1,shaheenthaer
10513,15813800,Med.T,"2026-05-01 11:47:31",0.76315,1,toutamohamed
10514,15818119,"Rohit bhagat","2026-05-01 16:44:39",0.76315,1,relix18
10515,15586422,高橋哲也,"2026-05-02 07:21:54",0.76315,1,dscompass
10516,15833378,"Sushant Patil","2026-05-03 07:04:05",0.76315,2,sushantpatil1634
10517,15834531,Sam13rown,"2026-05-03 05:14:41",0.76315,1,sam13rown
10518,15839556,hyppolitelartois,"2026-05-03 14:50:04",0.76315,1,hyppolitelartois
10519,15842131,"Влад Овсянников","2026-05-03 21:17:53",0.76315,1,ovsannikovvlad2006
10520,15843549,"Ryukichi INOUE","2026-05-04 03:28:34",0.76315,1,ryukichiinoue
10521,15850111,"Emi Nishizawa","2026-05-04 12:21:32",0.76315,1,eminishizawa
10522,15850372,"Ashish Kumar Gupta","2026-05-04 14:13:33",0.76315,5,ashishkgupta1
10523,15853737,"Nithin chauhan","2026-05-04 20:18:18",0.76315,1,nithinchauhan
10524,15857551,nyaaann,"2026-05-05 05:56:06",0.76315,1,nyaaann
10525,15858473,kenta.hirata,"2026-05-06 07:40:52",0.76315,2,kentahirata
10526,15858606,"Charlotte #11","2026-05-05 07:34:10",0.76315,1,charlotte033
10527,15859120,Sakura@hwj,"2026-05-05 10:00:57",0.76315,2,sakurahwj
10528,15860621,"Gehad Omar","2026-05-05 11:53:42",0.76315,1,gehadomar
10529,15863185,masayasuonodera,"2026-05-05 15:07:41",0.76315,1,masayasuonodera
10530,11636468,"Anne Linn","2026-05-05 20:20:15",0.76315,3,annelinn
10531,15868498,computador85,"2026-05-06 01:26:17",0.76315,1,computador85
10532,15871708,我是书香客,"2026-05-06 07:01:50",0.76315,1,aiaiaiooo
10533,15872803,YuyuyuyusukeInoue,"2026-05-06 08:32:08",0.76315,1,yuyuyuyusukeinoue
10534,15799245,"Saif Mahdi","2026-05-07 08:28:45",0.76315,13,saifsamianmahdi
10535,15876614,渋谷慧satomeru,"2026-05-06 15:03:57",0.76315,1,satomarushibuya
10536,15577090,"Andrei Berngardt","2026-05-06 16:50:42",0.76315,9,andreiberngardt
10537,12713340,UglyPancake,"2026-05-06 20:18:41",0.76315,1,uglypancake
10538,15879918,"Vanessa Silva #2","2026-05-06 23:37:32",0.76315,1,vanessamsilva
10539,15880249,shimods,"2026-05-07 00:51:43",0.76315,1,shimods
10540,15880252,higuchi.weben12,"2026-05-07 00:52:01",0.76315,1,higuchiweben12
10541,11631900,ZoomTeacher8,"2026-05-07 00:52:01",0.76315,1,zoomteacher8
10542,15880253,"Hiroyuki Saito Eng　","2026-05-07 00:52:02",0.76315,1,hiroyukisaitoeng
10543,15880256,yotthy,"2026-05-07 00:52:45",0.76315,1,yotthy
10544,15880270,どあんがん（どあん）,"2026-05-07 00:57:10",0.76315,1,doanthuyngan
10545,15883375,"wilson #2","2026-05-07 07:24:49",0.76315,1,wilsonchan1990
10546,15888337,"hiro tati","2026-05-07 16:09:49",0.76315,1,hirotati
10547,15868239,"Francesco Matteo","2026-05-07 22:58:18",0.76315,10,francescomatteo
10548,15763615,zoo3zoo,"2026-05-08 06:47:20",0.76315,2,zoo3zoo
10549,15205718,"David Guillamet","2026-05-08 07:49:17",0.76315,4,davidguillamet
10550,15742798,"Yuya Sekine","2026-05-09 08:40:56",0.76315,2,yuyasekine
10551,15910147,"tatsuya #3","2026-05-09 12:36:04",0.76315,1,tatsuya42
10552,15912285,"Nayeem Chowdhury","2026-05-09 16:56:40",0.76315,1,nayeemchowdhury
10553,15253285,"Bar Tsoury","2026-05-09 21:07:55",0.76315,1,bartsoury
10554,15916817,whatdongmei,"2026-05-10 08:03:29",0.76315,1,whatdongmei
10555,15910380,"Radadiya Brij","2026-05-10 10:29:37",0.76315,3,radadiyabrij
10556,15918140,"Aman Rana #2","2026-05-10 11:22:50",0.76315,1,amanrana5546
10557,4845773,"Rameshwarnath Tiwari","2026-05-10 12:30:29",0.76315,1,rameshwarnathtiwari
10558,15909691,kemomo3,"2026-05-10 13:14:12",0.76315,3,kemomo3
10559,15920725,"Srijit Das #2","2026-05-10 16:46:19",0.76315,1,srijpredictr
10560,15925562,JerryWu1,"2026-05-11 08:05:10",0.76315,1,jerrywuc1
10561,13403561,陈铭炜wei,"2026-05-11 08:46:44",0.76315,1,cchenm
10562,15926071,"Achraf El Fathi","2026-05-11 09:04:37",0.76315,1,achrafelfathi
10563,15926763,"Макс Холодов","2026-05-11 11:36:50",0.76315,5,max12131
10564,15926668,Eric_exe,"2026-05-11 13:33:25",0.76315,2,eric5405
10565,15929930,man1ac-1773,"2026-05-11 16:11:07",0.76315,1,man1ac1773
10566,15930583,"Pradnya Patil","2026-05-11 17:48:33",0.76315,2,pradnyapatil2005
10567,15931252,"Elif Sinem Genc","2026-05-11 19:27:18",0.76315,1,elifsinemgenc
10568,15931291,"Temuulen Amarjargal","2026-05-11 19:53:19",0.76315,2,temuulenamarjargal
10569,15892176,"Yi Chun Tseng Michael","2026-05-12 00:58:02",0.76315,9,yichuntsengmichael
10570,15934981,xxmformfuture,"2026-05-12 05:32:49",0.76315,2,xxmformfuture
10571,15937548,"asif hasan","2026-05-12 10:27:45",0.76315,3,asicoltd
10572,15397353,"mandeep jha","2026-03-13 15:27:00",0.76076,2,mandeepjha16
10573,15401290,shaaark,"2026-03-14 07:58:26",0.76076,1,shaaark
10574,15363858,"Samuel Y. H. Lam","2026-03-14 10:23:19",0.76076,1,samuelyhlam
10575,15172751,"Hoàng Trọng Tú","2026-03-14 14:12:09",0.76076,1,hongtrngt
10576,15402987,"shen hong rui","2026-03-14 14:15:18",0.76076,1,shenhongrui
10577,15403558,HyunJeongOh,"2026-03-15 06:17:26",0.76076,3,hyunjeong5
10578,15403904,"Tim Seifert","2026-03-14 18:28:41",0.76076,1,timseifert
10579,15404068,JBKIMMMM,"2026-03-14 19:35:25",0.76076,1,jbkimmmm
10580,15369042,"Elena Balakina","2026-03-15 06:02:36",0.76076,1,elenabalakina
10581,15410436,"Sherlock Furmalin","2026-03-16 03:16:17",0.76076,2,sherlockfurmalin
10582,15411419,"Hemant Ahlawat","2026-03-16 06:53:29",0.76076,1,happyahlawat
10583,12071764,弱虫くん,"2026-03-16 11:43:13",0.76076,4,weakbuz
10584,15373713,"Tanakit Kit","2026-03-16 11:28:56",0.76076,1,tanakitkit
10585,15413425,Phtt-Wxx,"2026-03-16 12:31:54",0.76076,1,phttwxx
10586,15415190,"Abhishek Shelke #2","2026-03-16 17:21:40",0.76076,1,abhishelke19
10587,15417297,HebeYeung,"2026-03-17 02:08:07",0.76076,1,hebeyeung
10588,15418680,"wyuay_YU Wanting","2026-03-17 06:37:45",0.76076,1,wyuayyuwanting
10589,15419034,"Marie Alice Desrosiers","2026-04-15 03:00:19",0.76076,4,mariealicedesrosiers
10590,15419333,"black tom111","2026-03-17 08:21:41",0.76076,1,blacktom111
10591,15419374,mingjunyan,"2026-03-17 08:36:15",0.76076,1,mingjunyan
10592,15419628,"Cai Jialun","2026-03-17 09:04:22",0.76076,1,cjlemily
10593,15419732,"Yucaiyue Lin","2026-03-17 09:19:02",0.76076,1,yucaiyuelin
10594,15420378,"Thomson Lai","2026-03-17 11:07:22",0.76076,2,thomsonlai
10595,15420959,luckyblackhole,"2026-03-17 12:23:51",0.76076,1,luckyblackhole
10596,13515692,"Konstantin Efimov2","2026-03-17 12:29:20",0.76076,1,konstantinefimov2
10597,15426343,"Eron Sejdiu","2026-03-19 02:38:38",0.76076,2,eronsejd
10598,12436501,sachinpatel,"2026-03-18 04:24:39",0.76076,1,sachinpatel3790
10599,15428423,"Tirumala Sreekar ","2026-03-18 05:32:11",0.76076,1,tirumalasreekar
10600,15429805,goodenhank,"2026-03-18 09:22:01",0.76076,2,goodenhank
10601,15431481,lijiaquan666,"2026-03-18 13:10:53",0.76076,2,lijiaquan666
10602,15431642,"Moritz Martin","2026-03-18 22:58:30",0.76076,2,moritzmartinc
10603,15438090,ROROROMP,"2026-03-19 04:01:23",0.76076,1,rororomp
10604,15158610,Koudai0925,"2026-03-19 13:57:29",0.76076,1,koudai0925
10605,15325193,allanqing,"2026-04-01 04:06:32",0.76076,3,allanqing
10606,15447195,SpeedSci,"2026-03-20 07:05:44",0.76076,1,caoyupeng
10607,15449364,ZiyuElioDing,"2026-03-20 12:37:28",0.76076,2,ziyuelioding
10608,15427589,"Ishan Guthikonda","2026-03-20 20:26:11",0.76076,3,ishanguthikonda
10609,15453701,"Charlie Maunders","2026-03-20 21:45:21",0.76076,1,charliemaunders
10610,15453785,af3,"2026-03-21 18:17:32",0.76076,3,afacchi
10611,15454759,"Võ Nhật Tân","2026-03-21 04:57:25",0.76076,1,vnhttan
10612,15456048,"Scott Chao","2026-03-21 09:58:53",0.76076,1,scottchao
10613,15458799,"Krish Masand","2026-03-21 17:02:49",0.76076,1,krishmasand
10614,15459896,"Uliana Vetlitskaia","2026-03-21 20:42:39",0.76076,1,ulianavetlitskaia
10615,15462270,"Durga Tharshini","2026-03-22 09:05:42",0.76076,3,durgatharshini
10616,15463217,zznn,"2026-03-22 11:30:32",0.76076,1,zznssr
10617,15464144,Yuanohe,"2026-03-22 14:47:38",0.76076,4,yuanohe
10618,11170864,codersurbhi,"2026-03-22 15:19:19",0.76076,1,codersurbhi
10619,15472997,"Chaimaa Matrag","2026-03-23 18:30:12",0.76076,2,chaimaamatrag
10620,13889536,"Sanzio Marcos","2026-03-26 19:31:31",0.76076,2,sanziomarcos
10621,15240385,"Henry Rodrigues","2026-03-24 13:02:23",0.76076,5,henryrodrigues
10622,15475644,ihara1001,"2026-03-24 04:25:41",0.76076,2,ihara1001
10623,15476080,"Gori Khandelwal","2026-03-24 09:08:32",0.76076,2,gorikhandelwal
10624,15478215,Darcie153,"2026-03-24 12:05:58",0.76076,1,darcie153
10625,15480031,"JYOTIN SINGH THAKUR","2026-03-25 15:12:16",0.76076,2,jyotinsinghthakur
10626,15480682,"GUILHERME ALBACH","2026-03-24 20:16:24",0.76076,2,guilhermealbach
10627,15481590,"Roberto Gavidia","2026-03-25 01:59:08",0.76076,1,robertogavidia
10628,13557245,"Minami Yamada","2026-03-25 02:35:57",0.76076,1,minamiyamada
10629,15481777,"Dinura Ginige","2026-03-25 02:56:40",0.76076,1,dinuraginige
10630,15483902,"LUZ YANINA CASTILLO BENITEZ","2026-03-25 10:24:15",0.76076,1,luzyanina5
10631,15487264,MoonDweller,"2026-03-25 19:22:08",0.76076,1,moondweller
10632,15488262,"Fabiano Sabino #2","2026-03-25 22:50:40",0.76076,1,sabinosabino
10633,15491507,"Alisher #2","2026-03-26 04:56:20",0.76076,1,ladiesmang
10634,15481911,Reeee_Ho,"2026-03-26 14:38:15",0.76076,5,reeeeho
10635,15495727,"Soumyadeep Chattopadhyay","2026-03-26 15:23:00",0.76076,2,sdchattopadhyay
10636,9132406,nemesis9,"2026-03-27 17:58:27",0.76076,1,nemesis9
10637,15507975,dayuni0708,"2026-03-28 14:45:12",0.76076,1,dayuni0708
10638,15510471,"Sarthak Jaiswal","2026-03-29 05:23:42",0.76076,2,sarthakjaiswal0403
10639,15511341,"Yagna Varshitha","2026-03-29 08:49:43",0.76076,1,yagnavarshitha
10640,15511593,"Autumn Toast","2026-03-29 10:14:17",0.76076,2,autumntoast
10641,688547,"Utsav Deep","2026-04-01 07:15:11",0.76076,28,utsavdeep15
10642,15512163,"Farasat Naseem","2026-03-29 12:40:50",0.76076,10,farasatnaseem
10643,15512719,xiaohang123,"2026-03-30 11:53:44",0.76076,2,xiaohang12
10644,15514598,"Juan Manuel Pacheco","2026-03-29 21:57:59",0.76076,1,pachecus
10645,13519359,"Ahmad Hasan #2","2026-03-29 23:19:40",0.76076,1,ahmadhasank
10646,15516221,"Prajwal KP #2","2026-03-30 06:18:22",0.76076,1,prajwalkp162761
10647,15516882,UUE726,"2026-03-30 08:28:22",0.76076,1,uue726
10648,15517428,dio1zervas,"2026-03-30 09:52:14",0.76076,1,dio1zervas
10649,15517850,dldbsgod,"2026-03-30 12:38:15",0.76076,3,dldbsgod
10650,13093286,byy2537249905,"2026-03-30 14:03:17",0.76076,3,byy2537249905
10651,15518610,"junyu zhao","2026-03-30 14:13:57",0.76076,2,junyuhhh
10652,15519476,"Blessy Carol","2026-03-30 16:26:33",0.76076,1,blessycarol
10653,3334731,"Anoel Azeredo Junior","2026-03-30 17:58:57",0.76076,3,anoeljr
10654,15518535,"Marcella Seraphim","2026-03-30 17:59:00",0.76076,2,marcellaseraphim
10655,15518536,"Sofia Bosque","2026-03-30 17:59:43",0.76076,2,sofiabosque
10656,15522499,"Shuchen He Char","2026-03-31 05:36:52",0.76076,1,shuchenhechar
10657,15523255,Puspendu009,"2026-03-31 08:06:20",0.76076,1,puspendu009
10658,15528808,epii,"2026-04-01 06:46:21",0.76076,3,loon11
10659,15030242,takatake,"2026-04-01 08:34:09",0.76076,1,takayasutakeda
10660,15531161,SohamPatil@06,"2026-04-03 17:10:16",0.76076,3,sohampatil06
10661,15537383,"thug wang","2026-04-09 06:31:44",0.76076,3,thugwang
10662,15537449,CMX1994,"2026-04-07 08:19:11",0.76076,2,cmx1994
10663,15538094,JavaAsska,"2026-04-02 10:06:17",0.76076,1,javaasska
10664,15540009,"Steven Anthony Wongso","2026-04-12 08:18:56",0.76076,5,stevenanthonywongso
10665,15541955,"Aslan Sabyrov","2026-04-02 21:33:34",0.76076,1,daemonstate
10666,15511037,CodeSix828,"2026-04-03 15:27:57",0.76076,6,codesix828
10667,15549399,"Nicola Mazzoni","2026-04-03 17:07:37",0.76076,1,nicolamazzoni
10668,15550303,"Vikrant Jamdhade","2026-04-03 19:16:01",0.76076,2,vikrantjamdhade
10669,15556703,ShubhReddy,"2026-04-05 01:30:44",0.76076,1,shubhreddy
10670,15558824,Gwyneth8,"2026-04-11 14:41:04",0.76076,2,gwyneth8
10671,15225066,"Joel Opoku","2026-04-06 09:31:27",0.76076,2,joelopoku
10672,15566695,GOKUU007,"2026-04-06 18:32:23",0.76076,4,gokuu007
10673,15567119,"Anirudh Gupta #4","2026-04-06 19:57:37",0.76076,1,anirudhgupta0123
10674,15568819,문태원(표시함),"2026-04-07 05:33:39",0.76076,1,iceblue123
10675,15571005,abcdefgh,"2026-04-07 12:28:08",0.76076,1,bfudfbsidufh
10676,15568459,"AhnByoungChan #2","2026-04-19 08:09:46",0.76076,15,ahnbchan
10677,15575378,"Binit Robinson","2026-04-08 06:18:06",0.76076,1,binitrobinson
10678,15577301,王Vivian,"2026-04-09 11:09:00",0.76076,5,vivian0226
10679,15582848,kazuhi3,"2026-04-09 08:31:08",0.76076,2,kazuhi3
10680,15562987,tp_97116,"2026-04-09 09:20:17",0.76076,2,tp97116
10681,15583329,"Adarsh Singh Sengar","2026-04-09 09:42:47",0.76076,1,adarshthakur12
10682,15583372,Wooiiipp,"2026-04-09 09:48:54",0.76076,1,wooiiipp
10683,15584845,"Dương Quân Bảo","2026-04-09 14:30:39",0.76076,1,dngqunbo
10684,217984,CharlesPoli,"2026-04-09 15:30:08",0.76076,2,cpoli83
10685,15588895,"Laura Sadik-Preira","2026-04-10 07:59:08",0.76076,2,laurasdp
10686,15589944,"Tấn Đạt","2026-04-10 10:45:37",0.76076,1,tandat28
10687,14973270,Choed123,"2026-04-23 07:01:48",0.76076,5,choed123
10688,15365792,"Ximena Wellmann","2026-04-10 16:54:20",0.76076,1,ximenawellmann
10689,15593643,Zionfarm,"2026-04-11 01:24:58",0.76076,1,zionfarm
10690,15593724,"Joey Bowse","2026-04-11 01:48:51",0.76076,1,joeybowse
10691,15594514,Somonso,"2026-04-11 05:04:27",0.76076,1,somonso
10692,15598069,"Charlene Yumul","2026-04-11 15:51:50",0.76076,4,charleneyumul
10693,15597764,DavieAnn,"2026-04-11 18:36:25",0.76076,2,davieann
10694,15602815,geonyang1103,"2026-04-12 12:55:18",0.76076,2,geonyang1103
10695,14604185,"Sumit Chourasia","2026-04-12 13:41:13",0.76076,2,codesummit
10696,4793808,"Rafi Widyansyah","2026-04-15 14:32:11",0.76076,4,rafiwidyansyah
10697,15602081,zengjinyan,"2026-04-12 14:33:50",0.76076,4,zengjinyan
10698,15603484,"Nguyễn Trần Đức Hoàng","2026-04-12 14:55:37",0.76076,1,khmtbku2407
10699,15559478,"Michael Patrick G","2026-04-12 16:02:48",0.76076,2,michaelpatrickg
10700,15605427,"Hemanth Pathipati","2026-04-13 00:17:23",0.76076,1,hemanthvspathipati
10701,15608745,"Muhammadziyo Sayitjonov","2026-04-14 07:57:25",0.76076,11,pyton2010
10702,15609719,ShyZen,"2026-04-13 14:51:48",0.76076,1,shyzen
10703,5306131,JordanT,"2026-04-13 22:56:57",0.76076,1,jordantay
10704,15613960,"Cheng Morax","2026-04-14 10:14:38",0.76076,2,chengmorax
10705,15617491,Quantum00000,"2026-04-14 19:02:24",0.76076,1,quantum00000
10706,15618751,"Francheska Eunice Flores","2026-04-15 02:52:01",0.76076,2,francheskaflores
10707,15622049,"Somi Singh","2026-04-15 11:45:00",0.76076,1,somi2406
10708,15623000,zhaosijie,"2026-04-15 14:59:58",0.76076,1,zhaosijie175
10709,15631729,Alish-0x,"2026-04-16 14:39:02",0.76076,1,alish0x
10710,15632874,bubbles21,"2026-04-16 17:38:04",0.76076,4,bubblesjj
10711,15634532,"MH HAFIZUL","2026-04-17 01:05:48",0.76076,1,mhhafizul
10712,15635732,banana1028,"2026-04-17 06:19:31",0.76076,2,banana1028
10713,15636043,Luuuuuu,"2026-04-17 06:49:15",0.76076,1,kellyziyi
10714,15636660,YoshinoriAkimoto,"2026-04-17 08:34:57",0.76076,1,yoshinoriakimoto
10715,15639496,"Tanagorn Sornsut","2026-04-17 16:00:13",0.76076,1,tanagornsornsut
10716,15642287,"Ceasar Ceasar","2026-04-18 02:46:04",0.76076,2,ceasarceasar
10717,15642971,vincent0426,"2026-04-18 04:58:31",0.76076,2,vincent0426
10718,15645316,MathiasMueller,"2026-04-18 12:30:16",0.76076,3,mathiasmueller
10719,15648747,"Chase Green","2026-04-19 01:06:49",0.76076,1,chasegreen242424
10720,15650546,"Avishek sharma Protik","2026-04-19 08:51:27",0.76076,2,avisheksharmaprotik
10721,15650639,rumor0619,"2026-04-19 09:02:09",0.76076,1,rumor0619
10722,3429539,The_Dude,"2026-04-19 19:10:19",0.76076,1,ordinaryman
10723,15654169,"Alyssa Seal","2026-04-20 13:23:13",0.76076,4,alyssaseal
10724,15654981,"Muhammad Fahad Farid","2026-04-20 01:48:07",0.76076,1,muhammadfahadfarid
10725,15657905,"eMSi Add","2026-04-20 09:24:31",0.76076,3,emsiadd
10726,15653132,"Iqra Abid #2","2026-04-20 16:01:06",0.76076,2,iqraaaabid
10727,15670631,YYMJJY,"2026-04-21 11:58:45",0.76076,1,yymjjy
10728,15700695,"Abhinav A Gowda","2026-04-22 16:26:52",0.76076,3,abhinavagowda001
10729,15705009,"Tyler Kleint","2026-04-23 02:48:18",0.76076,2,tylerkleint
10730,7012217,TongxinRen,"2026-04-23 11:21:43",0.76076,1,rentongxin
10731,15718581,"Kelly Yuan","2026-04-23 11:41:14",0.76076,1,yksuda
10732,15723114,"Rosemary Kalu","2026-04-24 23:15:21",0.76076,2,rosemarykalu
10733,13224852,"Haruka Riku","2026-04-24 05:30:33",0.76076,2,harukariku
10734,15712706,"dinesh verma","2026-04-24 07:48:05",0.76076,3,dinesh547
10735,15737528,huhuhubs,"2026-04-25 11:14:26",0.76076,1,huhuhubs
10736,15738596,"Tahmeed Al Asad","2026-04-25 14:31:51",0.76076,1,tahmeedalasad
10737,15741197,Zzzszz,"2026-04-26 02:51:08",0.76076,1,zzzszz
10738,15224724,"Sunil Jagdish Sharma","2026-04-26 08:57:13",0.76076,1,suniljagdishsharma
10739,15745912,"Muhammad Essa Shah","2026-04-26 20:18:06",0.76076,5,ronaldoshortsvideo
10740,15746387,"Kelsey Sakraida","2026-04-26 22:53:50",0.76076,1,kelseysakraida
10741,15747021,藤本克紀,"2026-04-27 02:29:07",0.76076,1,panako
10742,15747019,hidekitsujimotoohara,"2026-04-27 02:43:03",0.76076,1,hidekitsujimotoohara
10743,15747020,"David Babkov","2026-04-27 02:45:45",0.76076,1,davidbabkov
10744,15747112,田村祥大,"2026-04-27 03:03:08",0.76076,3,tks2573404
10745,15747117,"tamago #2","2026-04-27 02:47:38",0.76076,1,tamago0727
10746,15747029,"Udval Jargalzorigt","2026-04-27 02:47:51",0.76076,1,udvaljargalzorigt
10747,15747134,kikimanman,"2026-04-27 03:12:17",0.76076,2,kikimanman
10748,15747039,"Tsukada Itsuki","2026-04-27 02:55:28",0.76076,2,tiohara
10749,15747207,"aoshima kei","2026-04-27 03:12:29",0.76076,1,aoshimakei
10750,15747213,青柳絢星,"2026-04-27 03:13:52",0.76076,1,sofpink0
10751,15747060,Syo-Hagiwara,"2026-04-27 03:21:31",0.76076,3,syohagiwara
10752,15747312,泉凜之介,"2026-04-27 03:41:28",0.76076,1,rinrin414
10753,15748810,"Bhanu Murukurthi","2026-04-27 07:39:30",0.76076,1,bhanumurukurthi
10754,15690561,marietachib,"2026-04-27 08:07:56",0.76076,3,marietachib
10755,15751796,AvinabKC,"2026-04-27 14:44:52",0.76076,1,avinabkc44
10756,15758256,"Rudraksha Singh","2026-04-28 01:30:44",0.76076,1,rudyonfire
10757,15761856,"Thomas Deng","2026-04-28 07:13:52",0.76076,1,tdeng24
10758,15767847,MBALDE,"2026-04-29 15:33:47",0.76076,3,mbalde
10759,15768275,"Alexandra Pagonis","2026-04-28 15:57:32",0.76076,1,alexandrapagonis
10760,15768746,"ran yi li","2026-04-28 16:34:40",0.76076,1,ranyili
10761,15773839,poske57,"2026-04-29 02:20:54",0.76076,1,poske57
10762,15777597,"Shogo Noda","2026-04-29 08:11:07",0.76076,1,shogonoda
10763,15782117,"Dima Alrahal","2026-04-29 14:21:11",0.76076,1,dimaalrahal
10764,15789046,"Lucas Expedito","2026-04-30 02:40:24",0.76076,3,lucasexpedito
10765,15246186,"Tanvir Ahmed #6","2026-04-30 16:43:50",0.76076,1,tanvirahmed000
10766,15815423,"Hardik Chauhan","2026-05-01 14:03:05",0.76076,3,hrdkch
10767,15827334,"Dipanshu Gomra","2026-05-02 11:08:34",0.76076,1,dipanshugomra
10768,15827376,"Emanuelle natal","2026-05-02 12:01:41",0.76076,1,emanuellenatal
10769,15830167,kimlong42,"2026-05-02 16:14:53",0.76076,1,kimlong42
10770,15830567,RayNi322,"2026-05-02 16:56:29",0.76076,1,rayni322
10771,15831099,Snap1423,"2026-05-02 17:50:45",0.76076,1,snap1423
10772,10426278,AM-GOGOGO,"2026-05-03 09:23:50",0.76076,1,imacemarx
10773,15842465,"Miguel Angel 1536","2026-05-03 22:52:29",0.76076,1,miguelangel1536
10774,15630567,"umut baris varol","2026-05-04 10:40:57",0.76076,1,umutbarisvarol
10775,15850339,IvanKalinin,"2026-05-04 18:48:50",0.76076,4,ivna98
10776,15857235,"Cristian Macias 31","2026-05-05 05:29:15",0.76076,1,cristianmacias31
10777,7017329,ksh1004,"2026-05-05 06:36:01",0.76076,3,ksh1004
10778,15860098,mychkine,"2026-05-05 10:39:05",0.76076,1,mychkine
10779,14668330,GabriellyQueiroz,"2026-05-05 12:26:27",0.76076,1,gabriellyqueiroz
10780,15863065,"Divyansh Tiwari #2","2026-05-05 14:56:16",0.76076,1,divyanshtiwari01
10781,15524410,"Adiazka Athalla Patria","2026-05-05 19:58:52",0.76076,2,adiazkaathallapatria
10782,15877039,"Simakin George","2026-05-06 16:14:30",0.76076,1,simakingeorge
10783,15884757,"Gul Rahim RAHIMI","2026-05-07 09:23:07",0.76076,1,gulrahimrahimiesiee
10784,15885677,JaquarJayesh,"2026-05-07 11:15:55",0.76076,1,jaquarjayesh
10785,15885884,"Maria Tovstik","2026-05-07 11:45:17",0.76076,1,mariatovstik
10786,13737866,shirayuk1,"2026-05-07 12:00:01",0.76076,1,shirayuk1
10787,15886379,"Pola Naeem","2026-05-07 12:45:01",0.76076,1,polanaeem
10788,15886483,"Premkumar #4","2026-05-07 13:04:41",0.76076,2,premkumar20
10789,15886330,"Raphael Isac","2026-05-07 13:13:47",0.76076,4,raphaelisac
10790,15886877,namensama,"2026-05-07 13:40:44",0.76076,2,namensama
10791,15891263,FernandoGois,"2026-05-07 23:22:31",0.76076,2,fernandogois
10792,15891403,"Victor Hoffmann","2026-05-08 00:29:15",0.76076,1,victorhoffmann1234
10793,15526302,Autumn.s.h,"2026-05-08 08:28:37",0.76076,2,autumnsh
10794,14079910,"Nazar Bersugir","2026-05-08 17:45:07",0.76076,3,nazarbersugir
10795,15901310,Knowledge123,"2026-05-08 17:57:10",0.76076,1,knowledge123
10796,13837278,鵜木亮成,"2026-05-09 06:48:24",0.76076,1,ryoswi
10797,15908311,"Nana Bast","2026-05-09 10:04:24",0.76076,3,nanabast
10798,15916361,Shiva22btcse0007,"2026-05-12 09:12:59",0.76076,4,shiva22btcse0007
10799,15919720,"Asset Mussabekov","2026-05-10 14:39:20",0.76076,1,assetmussabekov
10800,15920954,"Samia Ghulam","2026-05-10 17:21:05",0.76076,1,samiaghulam
10801,15925574,qiangeqw,"2026-05-11 08:06:13",0.76076,1,qiangeqw
10802,15928505,"Zosim Lapadatu","2026-05-11 13:31:08",0.76076,1,zosimlapadatu
10803,15929987,"Artemii Chirkov","2026-05-11 16:18:27",0.76076,1,artemiichirkov
10804,11762648,RW,"2026-05-11 18:50:34",0.76076,1,ricgama
10805,15936654,"yuyang dong","2026-05-12 12:56:49",0.76076,2,yuyangdong777
10806,15938397,"Charul Sahu","2026-05-12 12:44:35",0.76076,1,charulsahu
10807,15306827,adarsh2570,"2026-03-13 11:49:39",0.75837,1,adarsh2570
10808,15397015,"Carl Penven","2026-03-13 11:59:09",0.75837,1,carlpenven
10809,12997687,"Sora Watabe","2026-03-13 12:41:49",0.75837,1,sorawatabe
10810,15397398,"Nann HlaHtwe","2026-03-13 13:28:01",0.75837,1,nannhlahtwe
10811,15397609,"Josh Show","2026-03-13 14:15:34",0.75837,1,joshshow
10812,15391673,"Ming #11","2026-03-14 07:31:21",0.75837,2,ming2613
10813,715585,"Naruhiko Nakanishi","2026-05-11 10:15:51",0.75837,38,grapestone5321
10814,15405012,zc81861732,"2026-03-15 03:52:39",0.75837,1,zc81861732
10815,15405592,"Kabish Sridar","2026-03-15 07:28:00",0.75837,1,kabishsridar
10816,15407865,"Priya Asija","2026-03-15 15:23:44",0.75837,1,priyaasija10
10817,14396999,"xuan chen22","2026-03-16 03:25:33",0.75837,1,xuanchen22
10818,15411219,2252877_Evans_Ton_01,"2026-03-16 06:09:26",0.75837,1,evanston01
10819,15412560,"Sharv Ghadge","2026-03-16 10:03:14",0.75837,1,sharvghadge
10820,15414603,2252985-SSC,"2026-03-16 15:37:18",0.75837,1,badflorist
10821,15418038,"hinson ho","2026-03-17 04:43:59",0.75837,1,hinsonhohkust
10822,15418530,ChowSiuChi,"2026-03-17 06:14:36",0.75837,1,chowsiuchi
10823,15418926,ademyengui99,"2026-03-17 07:26:53",0.75837,1,ademyengui99
10824,15420198,smyinger,"2026-03-17 10:39:12",0.75837,1,smyinger
10825,15421642,recolourx,"2026-03-17 13:57:31",0.75837,1,recolourx
10826,15421681,"Hassan #9","2026-03-17 14:02:39",0.75837,1,hassanvgrhdsvadz
10827,15421749,"Jiajiu Zhang","2026-03-17 15:11:52",0.75837,2,jiajiuzhang
10828,15422232,"chenken #2","2026-03-17 15:18:35",0.75837,1,chenken0914
10829,15425559,"Daniel Flores Guizada","2026-03-17 21:32:28",0.75837,2,danielfloresguizada
10830,15427443,"barbara cohenss","2026-03-18 03:08:39",0.75837,1,barbaracohenss
10831,15429442,"Srijan Chopra","2026-03-18 08:07:04",0.75837,1,srijanchopra
10832,15430246,"abhishek sharma #5","2026-03-18 09:59:21",0.75837,1,abhisheksharma1990
10833,15432253,"Kevin Rempel - 0360615","2026-03-18 15:00:10",0.75837,1,kevinrempel
10834,15432323,"Anips kumar jena","2026-03-18 15:02:28",0.75837,1,anipskumarjena
10835,15437511,"Joy-Ann Jarrett","2026-03-19 02:44:25",0.75837,2,joyannjarrett
10836,15440867,VarvaraOV,"2026-03-19 11:01:07",0.75837,1,varvaraov
10837,15442776,"Yan Li #5","2026-03-19 15:58:47",0.75837,1,yannnnnnlii
10838,15444180,Jan_LS,"2026-03-19 19:14:25",0.75837,1,sjandhy4
10839,15444505,Cindeerr,"2026-03-19 20:21:41",0.75837,1,cindeerr
10840,15445483,Nitroglycerin,"2026-03-20 01:07:10",0.75837,1,nitroglycerin
10841,15446045,Auiscabac,"2026-03-20 03:32:01",0.75837,1,auiscabac
10842,15448660,"Masudahmed Tamboli","2026-03-20 11:20:57",0.75837,1,transformer1
10843,15449299,"teja prakerla","2026-03-21 10:00:57",0.75837,2,tejaprakerla
10844,12464802,UkawaShogo,"2026-03-22 11:35:39",0.75837,3,ukawashogo
10845,15450556,Subham_31s,"2026-03-20 14:35:08",0.75837,2,subham31s
10846,15452720,"Harish Azka Firdaus","2026-03-20 18:24:43",0.75837,4,harishazkafirdaus
10847,15452773,"Tharusha Kalhara","2026-03-20 17:48:08",0.75837,1,tharushakalhara
10848,10940987,cuongnguyen1nos1mp4,"2026-03-21 06:04:39",0.75837,1,cuongnguyen1nos1mp4
10849,15456605,"Луценко Анна Володимирівна","2026-03-21 12:21:57",0.75837,1,lutsenkoanna1623
10850,15456889,"Akshara pandey","2026-03-21 13:27:32",0.75837,1,ipsa1411pandey
10851,15457249,SDas1379,"2026-03-21 13:58:09",0.75837,1,sdas1379
10852,15384235,"Cansu Gurcan","2026-03-21 16:01:36",0.75837,1,cansugrcan
10853,15460695,"Marcelo Gutierrez","2026-03-22 03:59:34",0.75837,1,machelini
10854,15461038,"PARTH DESHMUKH","2026-03-22 06:41:09",0.75837,3,parthdeshmukh1234
10855,15462727,"Zhang Ergao","2026-03-22 09:38:52",0.75837,1,zhangergao
10856,15465080,"Pamela Kalimukwa","2026-03-22 17:01:28",0.75837,1,pamelakalimukwa47
10857,15466756,"Grigory Ermizin","2026-03-23 02:59:28",0.75837,2,grigoryermizin
10858,15469778,SKatham,"2026-04-01 13:09:35",0.75837,8,skatham
10859,15472569,"Umair Hassan #2","2026-03-23 17:34:38",0.75837,1,umairhassan009
10860,15475120,"Henrique Michalsky","2026-03-24 02:20:22",0.75837,1,henriquemichalsky
10861,15475415,"Jeremiah Uche","2026-03-24 03:54:25",0.75837,5,jeremiahuche
10862,15476381,KurioJisan,"2026-03-24 06:30:23",0.75837,1,kuriojisan
10863,15476404,"S-Shivani Joshi","2026-03-24 06:33:17",0.75837,1,sshivanijoshi
10864,15476527,hyh071031,"2026-03-24 07:03:14",0.75837,2,hyh071031
10865,15480786,"Edinson Florian","2026-03-24 20:41:40",0.75837,1,edinsonflorian
10866,15482646,"Shunsuke Kosaka","2026-03-25 06:20:16",0.75837,1,shunsukekosaka
10867,15483435,hyk...,"2026-03-25 08:54:48",0.75837,1,hykkkkkkkkkkk
10868,15484584,"Dongqi Liu0730","2026-03-25 12:08:35",0.75837,1,dongqiliu0730
10869,15485544,YuzheCheng,"2026-03-25 14:37:12",0.75837,1,chengyuzheeeeeee
10870,15494322,吴欣格格,"2026-03-26 11:35:43",0.75837,1,jisung25
10871,15481922,"Ray shak","2026-03-26 12:50:25",0.75837,5,rayshak
10872,15495708,"Udit Agrawal_test","2026-03-26 15:16:18",0.75837,3,uditagrawaltest
10873,15497541,"Mari Tadevosyan","2026-03-26 20:59:48",0.75837,2,maritadevosyan5
10874,15499975,UOM_230331V,"2026-03-27 06:23:38",0.75837,1,uom230331v
10875,15506032,cowowt,"2026-03-28 07:46:40",0.75837,1,cowowt
10876,15510705,Serendipity_6,"2026-03-29 06:24:19",0.75837,1,serendipity6
10877,15510996,Palla,"2026-03-29 07:31:53",0.75837,1,plldmx
10878,15513446,"Abdul Wahid","2026-03-29 15:59:07",0.75837,1,wahidsaeed
10879,15514526,klweth,"2026-03-29 21:16:02",0.75837,2,klaraweth
10880,15514818,"Maciej S","2026-03-29 23:55:43",0.75837,1,maciejsubotic
10881,15514887,"renzhe zhao","2026-03-30 00:18:35",0.75837,1,renzhezhao
10882,14426925,"Jin Wang #3","2026-03-30 02:06:45",0.75837,1,alexre0818
10883,15518072,choigiyeon,"2026-03-30 12:18:23",0.75837,1,choiglyeon
10884,15522176,"Haoran Jin","2026-03-31 04:18:35",0.75837,1,haoranjin810
10885,15524319,"Dear Shark","2026-03-31 12:01:52",0.75837,1,dearshark
10886,2335010,StuartHolliday,"2026-04-01 01:14:15",0.75837,1,pogsquog
10887,15168760,GPTis,"2026-04-02 03:25:36",0.75837,10,"alara22,alexanspark99,antonellachiriboga,juanlema"
10888,15529790,"Linus huber","2026-04-01 09:21:06",0.75837,1,linushuber
10889,14162457,"Thanh Toan","2026-04-01 09:47:05",0.75837,1,tonnglthnh
10890,15530671,"Om patil","2026-04-01 12:17:42",0.75837,2,ompatil00
10891,15537586,"Angga Alfiansah","2026-04-02 08:39:26",0.75837,1,anggaalfiansah
10892,15538919,Chung140204,"2026-04-02 12:54:18",0.75837,1,chung140204
10893,15539756,"nima nikookar","2026-04-02 15:18:13",0.75837,1,nimanikookar
10894,15540902,"Sonu77*00 jai","2026-04-03 11:03:18",0.75837,2,sonu7700jai
10895,15543646,jack234232,"2026-04-03 03:50:29",0.75837,1,jack234232
10896,15543991,"Ayush Kale","2026-04-03 06:52:19",0.75837,2,ayushkale5
10897,15548774,"Das Toastbrot","2026-04-03 15:27:20",0.75837,1,dastoastbrot
10898,15554562,"sümeyye polat","2026-04-04 13:37:19",0.75837,1,smeyyepolat11
10899,15555599,"odai awad","2026-04-04 17:39:32",0.75837,1,odaiawad
10900,15559275,"Maxwell Ethan Muliadi","2026-04-12 13:33:02",0.75837,5,maxwellethanmuliadi
10901,15560103,"Sahil Khandare","2026-04-05 16:16:43",0.75837,2,sahilkhandare22
10902,15560295,EkkinKenneth,"2026-04-12 16:24:04",0.75837,3,ekkinkenneth
10903,15562101,ParkGeonWoong,"2026-04-06 01:56:31",0.75837,1,woongspark
10904,15562462,AlllanChen,"2026-04-06 03:36:26",0.75837,2,alllanchen
10905,15565147,"Neil Gonuguntla","2026-04-06 13:11:16",0.75837,1,neilgonuguntla
10906,15565991,"Wes Coles","2026-04-07 15:22:09",0.75837,3,wescoles
10907,15567329,jaydmarsh,"2026-04-08 20:01:00",0.75837,2,jaydmarsh
10908,15568905,vainmaintree`,"2026-04-07 05:51:43",0.75837,1,vainmaintree
10909,15570001,ZinnyNguyen,"2026-04-07 09:04:26",0.75837,1,zinnynguyen
10910,15570766,zengyuting888,"2026-04-07 11:38:50",0.75837,1,zengyuting888
10911,2328999,"Arthi Vasudevan","2026-04-07 21:10:55",0.75837,1,aaarthivasu
10912,15568577,hanju,"2026-04-08 08:10:23",0.75837,3,hanju072
10913,15577251,"Yang hyeokjae","2026-04-08 12:24:13",0.75837,1,yanghyeokjae
10914,15577074,"Mad Gast","2026-04-08 12:49:58",0.75837,3,madgast
10915,15578754,"Christian RAVELOJAONA","2026-04-08 17:45:26",0.75837,2,christianravelojaona
10916,15579574,"luke long","2026-04-08 20:13:12",0.75837,1,ll683540
10917,15579592,"Aiden J Wirowek","2026-04-08 20:19:23",0.75837,3,aidenjwirowek
10918,15585423,"[Deleted] 40954979-5f22-4438-a492-2c06b11fd0da","2026-04-09 16:17:08",0.75837,2,del=7975439366c21467
10919,15590321,samirasharma,"2026-04-10 12:19:47",0.75837,1,samiraasharma
10920,15368793,"Oswin Biju Chacko","2026-04-10 12:35:34",0.75837,1,oswinbijuchacko
10921,15590976,Krishna_Vinod,"2026-04-10 14:33:48",0.75837,1,krishnav072005
10922,15593227,"Dr. Laith Fouad","2026-04-11 07:33:37",0.75837,2,laithfouad93
10923,15593273,"August Walters","2026-04-10 23:20:25",0.75837,1,augustwalters
10924,15270095,"Chayan Banga","2026-04-11 13:24:07",0.75837,1,chayanbanga
10925,15602335,"Anushka #6","2026-04-12 11:23:11",0.75837,1,anushkaa222
10926,15603263,"Julian #3","2026-04-12 14:15:13",0.75837,1,nailuj217
10927,15606981,"Ujjwal Upadhyay #2","2026-04-13 06:05:03",0.75837,1,ujjwal0414
10928,15606984,TanishSingh25,"2026-04-13 06:05:24",0.75837,1,tanishsingh25
10929,14290083,"Sifat Ahasan","2026-04-13 15:49:32",0.75837,1,sifatahasan
10930,15610086,hita06,"2026-04-13 15:52:54",0.75837,1,hita06
10931,15610284,"mainstream king","2026-04-15 05:51:31",0.75837,3,mainstreamking
10932,15613437,Jaz831,"2026-04-14 06:31:21",0.75837,1,jaz831
10933,15616170,"Sanpetch Siriwuthinon","2026-04-14 14:23:36",0.75837,1,sanpetchlol
10934,15629763,"Short Int","2026-04-16 11:53:22",0.75837,4,gfy1729
10935,13294960,"Aleksei Lapin","2026-04-16 12:12:43",0.75837,2,alekseilapin
10936,4291965,"Lobna Achour","2026-04-16 15:35:27",0.75837,3,lobnaachour
10937,15632748,"galass niang","2026-04-16 18:01:54",0.75837,2,galassniang
10938,3460881,AKuni,"2026-04-16 19:11:40",0.75837,1,marutama
10939,15635206,郑金鹏1,"2026-04-17 04:15:22",0.75837,1,jinpeng12353
10940,15637112,"Yog Prajapati","2026-04-17 09:52:52",0.75837,2,yogprajapati
10941,12519334,youjourny,"2026-04-17 12:34:19",0.75837,1,youjourny
10942,15208565,Group_4_Titanic,"2026-04-18 01:03:26",0.75837,1,rutviksuhagiya24
10943,15645736,NataliaStrzelczykkk,"2026-04-18 13:24:16",0.75837,1,nataliastrzelczykkk
10944,15646682,liulingkai,"2026-04-18 15:52:18",0.75837,2,liulingkai
10945,14034368,"oum bens","2026-04-19 03:59:16",0.75837,1,oumbens
10946,15649642,"Basti Kr","2026-04-19 05:31:02",0.75837,1,bastiankr
10947,15629831,Joydeb123,"2026-04-19 05:41:54",0.75837,2,joydeb123
10948,15650014,Xlin,"2026-04-19 06:58:24",0.75837,1,xlinlailou
10949,15651726,"rjwk fkwkkw","2026-04-19 12:42:24",0.75837,1,rjwkfkwkkw
10950,15651893,wjdgus4442,"2026-04-19 14:39:52",0.75837,4,wjdgus4442
10951,15646281,chhcode,"2026-04-20 02:11:31",0.75837,2,chhcode
10952,15649517,MIEXXXI,"2026-04-20 03:11:34",0.75837,8,miexxxi
10953,15657181,"Bob Bob5768375","2026-04-20 07:39:11",0.75837,1,bobbob5768375
10954,15666168,Fenghua11,"2026-04-21 08:26:12",0.75837,1,fenghua11
10955,15666569,AlvinLo62,"2026-04-21 08:46:07",0.75837,1,alvinlo62
10956,15671291,Huan_Songxuan,"2026-04-21 13:37:45",0.75837,1,huansongxuan
10957,15664979,"Nikeeta Reddy","2026-04-23 04:25:25",0.75837,2,nikeetareddy
10958,15706199,"Monamma k","2026-04-23 05:30:49",0.75837,1,monammak
10959,15718941,fangshiming,"2026-04-23 12:19:14",0.75837,1,fangshiming
10960,14329426,"Silmar Vasconcelos","2026-04-23 16:05:53",0.75837,1,silmarvasconcelos
10961,15722272,"Dima Sirotkin","2026-04-23 19:03:18",0.75837,1,dimasirotkin
10962,15723362,"Cherry Applesauce Meowmeow","2026-04-23 23:18:34",0.75837,1,cherryapplesauce
10963,15723383,"Marlon Bartoli","2026-04-23 23:25:02",0.75837,1,marlonbartoli
10964,15723433,"Luca Spadoni","2026-04-24 00:09:03",0.75837,2,lucaspadonii
10965,15735072,"Mrinal Mahajan","2026-04-25 02:41:52",0.75837,2,mrinalmahajannn
10966,12958015,camilo_chart,"2026-04-25 04:08:36",0.75837,1,camilochart
10967,15736041,"Andrey Emelyanov","2026-04-25 06:30:02",0.75837,1,andrewemelyanov
10968,15736193,堀口敬史,"2026-04-25 07:00:45",0.75837,1,lattemelia
10969,15736142,"Anushkaa pawar","2026-04-25 07:21:14",0.75837,2,anushkaapawarr
10970,15738552,"Berat Bulut","2026-04-25 14:24:13",0.75837,1,beratbulut
10971,15739972,"Shivam #19","2026-04-25 19:07:03",0.75837,1,shivammittals
10972,15745970,"Sukalpa Manna 7","2026-04-26 20:10:17",0.75837,1,sukalpamanna7
10973,15746991,青木美貴（アオキミキ）,"2026-04-27 03:25:37",0.75837,2,minmin0328
10974,15747077,"Alex Bossen","2026-04-27 02:45:21",0.75837,1,alexbossen
10975,15759594,"Vamshi Krishna Garlapati","2026-04-28 03:59:25",0.75837,1,gvk13223240
10976,15760386,"Dollak Dennison","2026-04-28 05:31:37",0.75837,3,dollakdennison
10977,15725358,"suyog bakliwal","2026-04-28 06:29:16",0.75837,8,suyogbakliwal
10978,15762046,"Lalu Yashwanth","2026-04-28 07:29:18",0.75837,1,laluyashwanth
10979,15762111,"Soumyadeep420 ","2026-04-28 07:33:54",0.75837,1,soumyadeep420
10980,15767827,MADAN24380,"2026-04-28 15:27:44",0.75837,2,madan24380
10981,15775700,"Creeper 602","2026-04-29 05:17:58",0.75837,1,creeper602
10982,15777373,"Kshitiz sadh","2026-04-29 07:50:37",0.75837,1,kshitizsadh
10983,15786866,"Guilherme Silva #3","2026-04-29 21:17:51",0.75837,2,guilhermecfbsilva
10984,15787131,"Miriamna Meza","2026-04-29 21:55:12",0.75837,1,miriamnameza
10985,15789067,足立航志,"2026-04-30 05:12:04",0.75837,2,gorigorisan
10986,15708251,"Enti Yashwani Rao","2026-04-30 10:03:40",0.75837,4,entiyashwanirao
10987,15801712,teddyoweh,"2026-04-30 19:06:50",0.75837,1,teddyoweh
10988,15803003,"Katsuhiro Go","2026-04-30 21:43:10",0.75837,1,katsuhirogo
10989,15815640,pedr0barbosa,"2026-05-05 16:03:40",0.75837,3,pedr0barbosa
10990,15820333,"Diego #11","2026-05-01 20:07:30",0.75837,1,krr10coder
10991,15826020,樱岛麻衣,"2026-05-02 08:38:08",0.75837,1,elysia0077
10992,15841243,"Sharifjon Farmonov","2026-05-03 18:30:29",0.75837,2,sharifjonfarmonov
10993,11439953,"Kisiev S. Castro","2026-05-06 07:12:50",0.75837,12,kixiev
10994,11192932,"Md. Ashraful Islam #3","2026-05-04 15:22:28",0.75837,1,mdashrafulislam23
10995,15215991,"Olivier Pierre","2026-05-05 05:50:37",0.75837,1,olivierpierre03
10996,15859304,"Anton Nevdakh","2026-05-05 08:41:25",0.75837,1,antonnevdakh
10997,15859628,JaySakura0833,"2026-05-05 09:33:18",0.75837,1,jaysakura0833
10998,15872212,Hideto.Fukushima,"2026-05-06 07:34:45",0.75837,1,hidetofukushima
10999,15875647,"Bernardo Mendes","2026-05-06 13:43:41",0.75837,1,bemendes2
11000,15877738,"Arpit Pandey","2026-05-06 17:14:36",0.75837,1,arpitbreathes
11001,15897254,"Zhou Yushen","2026-05-08 11:39:03",0.75837,1,zhouyu1067
11002,15897425,"Faris Taadou","2026-05-08 11:44:22",0.75837,1,faristaadou
11003,15641661,"R. Altintas","2026-05-08 22:06:01",0.75837,3,raltintas
11004,15905132,"Ye L","2026-05-09 03:40:11",0.75837,1,yeldgdg
11005,15907723,Tmasa09,"2026-05-09 08:14:09",0.75837,1,tmasa09
11006,15109221,"hongwongi #2","2026-05-09 11:28:16",0.75837,1,hongtwogi
11007,15914110,"Sachin Ramesh #2","2026-05-09 21:47:12",0.75837,2,lunaarc11011
11008,15915404,"Mayank Gariya ML","2026-05-10 10:22:32",0.75837,2,mayankgariyamldev
11009,15917962,"Sebastian Seifert04","2026-05-10 11:52:36",0.75837,2,sebastianseifert04
11010,15918496,manaswinimorri,"2026-05-10 12:15:57",0.75837,2,manaswinimorri
11011,15919322,"Cheng Xu Li","2026-05-10 18:12:52",0.75837,2,hdacheng
11012,15923493,"HARVINS AZAEL JIMENEZ GUTIERREZ","2026-05-11 03:42:24",0.75837,2,xazaelk
11013,15923966,"Franklim R.","2026-05-11 04:43:27",0.75837,1,franklimr
11014,15925378,D·Fallen,"2026-05-11 07:52:26",0.75837,1,dfallen
11015,15075678,"Joao Pedro Nascimento de Sousa","2026-05-11 13:45:11",0.75837,1,joaopedrosousan
11016,15930097,"Daniel Cherkasskiy Saini","2026-05-11 16:40:09",0.75837,2,danielcsaini
11017,15930645,"SAHAYA ASHIK LIBU","2026-05-11 17:48:06",0.75837,1,ashiklibu
11018,15935320,flowingstarkitty,"2026-05-12 05:52:02",0.75837,1,zzb270946682
11019,15939760,"Vibhuti Bansal","2026-05-12 14:38:09",0.75837,1,vibhutibansal
11020,15400542,"Pankaj Bashera","2026-03-14 06:01:20",0.75598,1,pankajbashera
11021,15333647,东木木木,"2026-03-14 06:50:18",0.75598,2,zhedasao
11022,15367414,"Marianne Therese Gopez","2026-03-14 15:07:42",0.75598,6,mariannetheresegopez
11023,15405024,"Amina Sakbayeva","2026-03-15 04:00:59",0.75598,1,aminasakbayeva
11024,15405501,Justeung,"2026-03-15 07:00:35",0.75598,1,justeung
11025,15405850,linvoid,"2026-03-15 08:43:03",0.75598,1,linvoid
11026,15408238,"Chengxiang Ran","2026-03-15 16:52:03",0.75598,1,chengxiangran
11027,15411002,Lsp-2252944,"2026-03-16 05:20:44",0.75598,1,lsp2252944
11028,15411564,fuxiyao,"2026-03-16 07:18:39",0.75598,1,fuxiyao
11029,15413556,"qingyan yang","2026-03-16 12:57:52",0.75598,1,qingyanyang
11030,15413558,"takumi #4","2026-03-17 06:27:38",0.75598,11,takumi00622
11031,14448862,"Velimir Mirchev","2026-03-16 15:59:42",0.75598,3,velimirmirchev
11032,15417993,lcccc8,"2026-03-17 04:35:58",0.75598,1,lcccc8
11033,15420255,"Aviral Agarwal #3","2026-03-17 10:48:50",0.75598,1,aviralagarwal1996
11034,14054935,MarcelloLippi,"2026-05-03 08:18:23",0.75598,2,marcellolippi
11035,15421741,"XiangZhi Liu","2026-03-17 14:12:49",0.75598,1,xiangzhiliu
11036,14856851,"ARYAN THAKUR","2026-04-20 06:01:20",0.75598,2,aryanthakur123
11037,15427387,"ryancortez - 0424704","2026-03-18 03:03:03",0.75598,1,ryancortezz
11038,15427682,"Samy Lacoste","2026-03-18 03:39:57",0.75598,1,samylacoste1
11039,15428535,KanonTeramoto,"2026-03-18 05:46:29",0.75598,1,kanonteramoto
11040,15431508,billkhiz,"2026-03-18 13:16:16",0.75598,1,billkhiz
11041,15431701,HanamiHoshi,"2026-03-18 13:44:09",0.75598,1,hanamihoshi
11042,358437,JohnLi,"2026-03-19 03:20:15",0.75598,2,johnli22
11043,15439409,Alayliziwei,"2026-03-19 07:11:30",0.75598,1,alayliziwei
11044,15441969,"Radja KURNIAWAN","2026-03-19 13:56:50",0.75598,1,radjakurniawan
11045,14168362,"Arnav Amrit","2026-03-22 08:26:54",0.75598,2,pseudochrome
11046,15448509,"Hey Slad","2026-03-20 10:48:22",0.75598,1,heyslad
11047,15449126,an1eaves,"2026-03-20 12:16:22",0.75598,2,an1eaves
11048,15451506,"lok1 wang","2026-03-20 15:43:34",0.75598,1,lokiwang11
11049,15451900,CJMM,"2026-03-20 16:20:34",0.75598,1,mimimmmiii
11050,15455130,"lianyu zhi","2026-03-21 06:28:39",0.75598,1,lianyuzhi
11051,15457228,Roy18FewFew,"2026-03-21 13:55:23",0.75598,1,roy18fewfew
11052,15461059,"kk 091004","2026-03-22 06:05:25",0.75598,1,kk091004
11053,15461274,zdgyghk,"2026-03-22 06:44:12",0.75598,1,zdgyghk
11054,15462856,"Yanami Anno","2026-03-22 10:03:02",0.75598,2,yanamianno
11055,15464221,hongdouyys,"2026-03-22 14:06:11",0.75598,1,hongdouyys
11056,15464367,lllqqq111,"2026-03-22 14:26:50",0.75598,1,lllqqq111
11057,3622020,misaki1111,"2026-03-22 15:23:34",0.75598,2,misaki1111
11058,15465265,"Sahil Banerjee","2026-03-22 17:51:16",0.75598,1,sahilbanerjee
11059,11450319,"Josh Ziegler","2026-03-22 18:40:43",0.75598,1,joshz2
11060,15468181,Tachibana,"2026-03-23 07:29:02",0.75598,1,tachibanakaggle
11061,15469795,"TIRTH d","2026-03-24 07:48:05",0.75598,3,tirthd
11062,15471663,"Tatevik Petrosyan","2026-03-23 15:44:57",0.75598,1,tatevikpetrosyan22
11063,15471957,"Aditya Chaitanya","2026-03-23 16:37:55",0.75598,1,adityachaitanya
11064,15460020,"R Lewis4","2026-03-23 21:17:38",0.75598,1,rlewis4
11065,15476117,sparadigm,"2026-03-24 05:51:39",0.75598,1,sparadigm
11066,15480821,ray0153,"2026-03-24 20:52:05",0.75598,1,ray0153
11067,15481176,"Arthur Torres64","2026-03-24 22:59:09",0.75598,1,arthurtorres64
11068,15481901,pomelorange,"2026-03-25 03:22:05",0.75598,1,pomelorange
11069,1167053,"Ryan Chung","2026-03-25 03:22:14",0.75598,1,ryan403
11070,15481905,"Ben Chen #3","2026-03-25 03:22:15",0.75598,1,benchen0721
11071,15481906,蔡zzzmatek,"2026-03-25 03:22:15",0.75598,1,zzzmatek
11072,15481908,CCCrwgas,"2026-03-25 03:22:15",0.75598,1,cccrwgas
11073,15481909,Mihuay,"2026-03-25 03:22:16",0.75598,1,mihuay
11074,15481910,"Benson Su","2026-03-25 03:22:16",0.75598,1,bensonsu3681
11075,15481913,張-証傑,"2026-03-25 03:22:20",0.75598,1,jeremy1027
11076,15481914,張家綺綺,"2026-03-25 03:22:22",0.75598,1,nkblugvfzsdhkl
11077,15481925,chenbenson27,"2026-04-01 04:31:41",0.75598,6,chenbenson27
11078,15481926,s566233,"2026-03-25 03:23:40",0.75598,1,s566233
11079,15481927,"Kevin Y #2","2026-03-25 21:29:35",0.75598,6,keviny93812
11080,15481929,Kris_HAYY,"2026-03-25 03:23:53",0.75598,1,krishayy
11081,15481930,"Brain Ou","2026-03-25 03:24:01",0.75598,1,brainou
11082,15481933,yinyuxuan0201,"2026-03-25 03:24:26",0.75598,1,yinyuxuan0201
11083,15481936,kevin078,"2026-03-25 03:24:57",0.75598,1,kevin078
11084,15481943,"Kooji LIU","2026-03-25 03:26:36",0.75598,1,koojiliu
11085,15481944,YenTzu,"2026-03-25 03:26:42",0.75598,1,yentzu
11086,15481951,TsengYiChan,"2026-03-25 03:28:19",0.75598,1,tsengyichan
11087,15481955,summ3r_w1nter,"2026-03-25 03:28:37",0.75598,1,summ3rw1nter
11088,15481964,Chia-Ti-Chu,"2026-03-25 03:30:00",0.75598,1,chiatichu
11089,15481971,JayWang112303204,"2026-03-25 03:32:25",0.75598,1,jaywang112303204
11090,15481993,kjij1000,"2026-03-25 03:36:08",0.75598,1,kjij1000
11091,15481994,"GUO JERRY_郭家睿","2026-03-25 03:37:57",0.75598,1,guojerry888
11092,15482001,Hhcerika,"2026-03-25 03:39:10",0.75598,1,hhcerika
11093,15482022,"cammie huseh","2026-03-25 03:45:32",0.75598,1,cammiehuseh
11094,15482541,"Vaibhav Singh #10","2026-03-25 06:01:41",0.75598,2,toomtoomdush
11095,15484452,"kk ccyy1","2026-03-25 11:46:01",0.75598,1,kkccyy1
11096,15484616,ppdstr,"2026-03-25 12:12:44",0.75598,1,ppdstr
11097,15485033,shenao0204,"2026-03-25 13:21:08",0.75598,1,shenao0204
11098,15487060,bhawnatyagi123,"2026-03-25 18:43:12",0.75598,1,bhawnatyagi123
11099,15495521,"Muhammad Ali 03","2026-03-26 14:36:09",0.75598,2,muhammadali03
11100,15496914,"Ani Hambardzumyan","2026-03-26 18:39:33",0.75598,2,aniiih
11101,15498260,"Abilio Fernandes da Silva","2026-03-27 00:15:37",0.75598,1,abilioai
11102,15498312,"Krishna K","2026-03-27 00:36:57",0.75598,1,kdawg1231538
11103,15500211,"Aydın Eğitmen","2026-03-27 06:58:05",0.75598,1,aydinegitmen
11104,15501103,zhouminhuang,"2026-03-27 10:10:50",0.75598,2,zhouminhuang
11105,15504381,shin2026,"2026-03-27 21:25:12",0.75598,1,shin2026
11106,15505783,Nickolay,"2026-03-28 06:49:36",0.75598,1,belokmaster
11107,15506167,gxy6666666666,"2026-03-28 08:22:19",0.75598,1,gxy6666666666
11108,15506640,"Murata Kengo","2026-03-28 10:02:37",0.75598,1,muratakengo
11109,15507672,"Bonfilio Fau","2026-03-28 14:07:57",0.75598,2,bonfiliofau
11110,15508170,Parte02,"2026-03-28 15:23:50",0.75598,1,parte02
11111,15510205,"groot yun","2026-03-29 03:43:11",0.75598,4,grootyun
11112,15517099,"jinjoon kim","2026-03-30 09:00:47",0.75598,1,jinjoonkim
11113,15518004,"Rohan Dogra","2026-03-31 09:38:44",0.75598,2,rohandogra501
11114,15518055,KimGangHyun0202,"2026-03-30 12:11:13",0.75598,1,kimganghyun0202
11115,11666603,"Yury Evzhenko","2026-03-31 08:34:55",0.75598,1,yuryevzhenko
11116,15523997,"Samson Great","2026-03-31 10:44:02",0.75598,1,samsongreat
11117,15530547,"Shreya Joseph 123","2026-04-01 11:59:26",0.75598,1,shreyajoseph123
11118,15531527,hazellattee,"2026-04-12 05:09:51",0.75598,3,hazellattee
11119,15538505,pyzyh1314,"2026-04-02 11:27:56",0.75598,1,pyzyh1314
11120,15540888,Arkaprava2004,"2026-04-02 18:21:14",0.75598,1,arkaprava2004
11121,13829232,"Tomasz Pałus","2026-04-03 12:29:56",0.75598,3,tomaszpaus
11122,15547201,"pranav srikar tata","2026-04-03 12:32:24",0.75598,1,pranavsrikartata
11123,15549972,"Kamshat Berdiyeva","2026-04-09 17:17:22",0.75598,3,kamshatberdiyeva
11124,15552938,DDH_Jake1,"2026-04-04 07:51:27",0.75598,1,ddhjake1
11125,15519825,"Camilo Chaves1","2026-04-05 21:33:18",0.75598,7,camilochaves1
11126,15558383,"Ahsan Mohamed","2026-04-05 08:27:18",0.75598,1,ahsanmohamed
11127,15559451,"Cecilia Leo","2026-04-10 11:18:02",0.75598,3,cecilialeo
11128,15559595,gaojiajing11,"2026-04-05 13:46:15",0.75598,1,gaojiajing11
11129,15563014,"Joe Takada","2026-04-06 05:18:05",0.75598,1,joetakada
11130,15563382,"Dinesh P #2","2026-04-06 06:47:17",0.75598,1,dineshp22826
11131,15567157,ElenSparrow,"2026-04-06 20:08:34",0.75598,1,elensparrow
11132,15568095,"João Vargas","2026-04-16 01:10:54",0.75598,9,jpavargasf
11133,15568093,"Naman Shah051003","2026-04-07 06:33:27",0.75598,1,namanshah051003
11134,15572436,neelamneelam19,"2026-04-07 16:38:51",0.75598,1,neelamneelam19
11135,15573584,"Ilori Matthew","2026-04-07 21:15:03",0.75598,1,ilorimatthew
11136,15575002,MiddleSon,"2026-04-08 05:04:59",0.75598,1,middleson
11137,15576742,"Izzar Suly Nashrudin","2026-04-14 14:24:13",0.75598,4,izzarsulynashrudin
11138,15582119,SweetScone,"2026-04-09 08:05:15",0.75598,3,sweetscone
11139,15584249,Luzhanbo,"2026-04-09 12:48:49",0.75598,1,luzhanbo
11140,15585700,Anish_1718,"2026-04-09 17:02:39",0.75598,1,anish1718
11141,15586397,"Kairos Wong","2026-04-09 19:48:41",0.75598,1,kairoswang
11142,15590611,tiankunchen,"2026-04-10 13:21:10",0.75598,1,tiankunchen
11143,15591549,Lorenzpf,"2026-04-10 16:38:54",0.75598,2,lorenzpf
11144,15598362,"Shwe Yoe","2026-04-11 16:29:37",0.75598,1,shweyoe998
11145,15082876,"Shreyank Parab","2026-04-11 17:57:05",0.75598,1,shreyankp06
11146,15601002,"Rushi Solunke","2026-04-12 06:29:01",0.75598,1,rushisolunke
11147,15601756,kddesai,"2026-04-12 09:24:34",0.75598,1,desaikd
11148,15605572,"Mikey Barro","2026-04-13 00:48:43",0.75598,1,mikeybarro
11149,15605968,ZYC258,"2026-04-20 03:17:26",0.75598,3,zyc258
11150,15611048,"Muhammed Yaman","2026-04-23 14:29:35",0.75598,5,muhyaman
11151,15613788,susagwan,"2026-04-14 07:17:46",0.75598,3,susagwan
11152,15617736,"joao pedro dourado","2026-04-14 20:24:16",0.75598,1,joaopedrodourado
11153,15619754,"Jaswanth I","2026-04-15 06:59:31",0.75598,1,jaswanthhi
11154,15623531,"Яна Луцюк","2026-04-15 17:36:46",0.75598,2,yanalucyuk
11155,15624013,AjSpeed,"2026-04-15 19:04:12",0.75598,2,ajspeed
11156,15625963,vanpipy,"2026-04-16 01:23:27",0.75598,1,vanpipy
11157,15626223,"Xinguo Kai (KXG)","2026-04-16 02:11:19",0.75598,1,xinguokaikxg
11158,15626548,"Morgan Taylor","2026-04-16 02:48:38",0.75598,1,morgtaylor
11159,15629150,"Chou Teddy","2026-04-16 08:36:11",0.75598,1,chouteddy
11160,15635855,YL260426,"2026-04-17 06:32:24",0.75598,3,yl260426
11161,15636328,wonwooya,"2026-04-17 07:36:18",0.75598,1,wonwooya
11162,15637386,"M Sharath Kumar","2026-04-17 10:40:26",0.75598,1,sharath1066504
11163,15638609,"Furkan Şekerci","2026-04-17 14:19:43",0.75598,3,furkanekerci
11164,14655689,"Yamen Jamal Alharbi","2026-04-18 14:26:58",0.75598,1,yamenjamalalharbi
11165,15648178,"Ogundeyin Israel ","2026-04-18 22:05:49",0.75598,1,ogundeyinisrael
11166,15650703,Jpuirgn,"2026-04-19 10:00:43",0.75598,2,jpuirgn
11167,15651216,"Alix Hoff","2026-04-19 11:04:32",0.75598,1,alixhoff
11168,14945424,"Danil Ezhov","2026-04-19 12:15:03",0.75598,1,danilezhov
11169,15651739,oo001z,"2026-04-19 12:44:40",0.75598,1,oo001z
11170,15652330,"Rasha Bashour","2026-04-19 14:37:55",0.75598,2,rashabashour
11171,6584045,GealachPumpkin,"2026-04-23 01:07:44",0.75598,22,gealachpumpkin
11172,15650274,Sunnyluna777,"2026-04-20 07:54:28",0.75598,5,sunnyluna777
11173,15094181,VD.Nguyen28,"2026-04-20 09:21:45",0.75598,1,vdnguyen28
11174,15664536,"Bibek Podder","2026-04-21 05:04:23",0.75598,1,vasyuki
11175,15665091,yysu123,"2026-04-21 06:31:59",0.75598,2,yysu123
11176,15668594,"Rui Wang CN+SE+KR","2026-04-21 10:05:57",0.75598,1,ruiwangcnsekr
11177,15672934,atom31,"2026-04-21 17:04:08",0.75598,3,atom31
11178,15673294,"Pushti Sonawala","2026-04-21 17:27:49",0.75598,2,pushtisonawala
11179,15693582,"Fabian Pichlmaier","2026-04-22 18:44:38",0.75598,3,fabianpichlmaier
11180,15700841,ZAIN@2006,"2026-04-22 16:28:40",0.75598,1,zain2006
11181,15705282,"Devi Parvathy M","2026-04-23 03:29:44",0.75598,1,deviparvathym
11182,15707509,"Siddhi Khedkar","2026-04-23 07:08:25",0.75598,1,siddhikhedkar14
11183,15708445,"[Deleted] 06a020b1-f622-4e92-a3a0-538c7f2af3a9","2026-04-23 08:33:57",0.75598,1,del=4a64ac03bd0ea5b2
11184,15708489,"Niklas Renz","2026-04-23 08:39:38",0.75598,1,niklasrenz
11185,15719438,"Bishal Lamichhane","2026-04-23 13:06:30",0.75598,1,bishalc
11186,15732785,"Saswata Bhar","2026-04-24 16:24:55",0.75598,1,saswatabhar
11187,15733480,"Kushal TS","2026-04-24 18:19:03",0.75598,1,kushalts12
11188,15734125,Ncigvc,"2026-04-24 20:33:47",0.75598,1,ncigvc
11189,15734381,"MAITRI YADAV","2026-04-24 21:50:20",0.75598,1,maitriyadav
11190,15735386,swooong,"2026-04-25 03:57:42",0.75598,1,swooong
11191,15737666,Shashwat.!!,"2026-04-25 11:41:38",0.75598,1,shashwat1956
11192,15738913,"Leen Thaher","2026-04-25 15:29:27",0.75598,1,leenthaher
11193,15742741,"Yuqi Sid Chen","2026-04-26 08:53:13",0.75598,1,yuqisidchen
11194,15746149,"Ксюша Захарова","2026-04-26 21:09:09",0.75598,1,ksyushazaharova
11195,15746328,"Dylan Jean-Baptiste","2026-04-27 19:11:00",0.75598,4,dylanjeanbaptiste
11196,15747022,yamamotoroto,"2026-04-27 02:29:15",0.75598,1,yamamotoroto
11197,15747226,"Wataru Moriwaki","2026-04-27 03:26:37",0.75598,2,watarumoriwaki
11198,15750255,"Cessa Zulkarnain","2026-04-27 11:41:14",0.75598,1,cessazulkarnain
11199,15751087,Kin,"2026-04-27 15:34:20",0.75598,2,learningkin
11200,15759869,"Fajar jauza m","2026-04-28 04:23:45",0.75598,1,fajarjauzam
11201,15765321,"Renata Drosghic Araújo Mercês","2026-04-28 12:03:07",0.75598,1,renatadrosghic
11202,15765736,"Debora Giovanni","2026-05-01 14:57:22",0.75598,3,deboragiovanni
11203,15765770,"Aaron Lee SW","2026-04-28 12:39:51",0.75598,1,aaronleesw
11204,3711687,DaGuruCSO,"2026-04-29 12:41:27",0.75598,6,dagurucso
11205,15753089,Fri314,"2026-04-28 14:37:06",0.75598,5,fri314
11206,15768648,SecretMLcoder,"2026-04-28 16:26:31",0.75598,1,secretmlcoder
11207,15770094,offbyone,"2026-04-28 18:27:03",0.75598,1,nusratjahanmaya
11208,15804343,奥西俊介,"2026-05-01 01:28:28",0.75598,3,scotchtktk
11209,15810035,"Joseph Devassykutty","2026-05-01 11:33:25",0.75598,1,josephdevassykutty97
11210,1421791,"Ved Paranjape","2026-05-02 08:27:01",0.75598,1,vedparanjape
11211,15828532,lopa8in,"2026-05-02 13:43:07",0.75598,2,lopa8in
11212,15840300,"Faizan Fida","2026-05-03 16:11:19",0.75598,1,faizih4444
11213,15003617,"You Y CHOUV","2026-05-03 21:33:05",0.75598,1,youychouv
11214,15851286,Ayush1D,"2026-05-04 15:53:06",0.75598,2,ayush1d
11215,15852070,"Merlin Anil","2026-05-04 16:10:23",0.75598,1,merlinanil
11216,15852977,"marco bortolotti","2026-05-04 18:11:00",0.75598,1,marcobortolotti
11217,15746245,"CAMILA ALVAREZ QUEZADA","2026-05-04 21:41:20",0.75598,3,camilaalvarezquezada
11218,15857893,"Riki #3","2026-05-05 06:38:34",0.75598,2,riki1101
11219,15863560,"Michael Nguyen #5","2026-05-05 15:51:03",0.75598,1,blossommn
11220,15864499,"Isabela Martins","2026-05-07 18:05:02",0.75598,3,isademon
11221,15867324,"Marc Teki","2026-05-05 21:47:08",0.75598,1,marcteki
11222,15868422,"Mateus Ortlieb","2026-05-06 01:18:49",0.75598,2,mateusortlieb
11223,15873123,iamBella01,"2026-05-06 09:08:58",0.75598,1,iambella
11224,15884857,"Akshitha Reddy_04","2026-05-07 09:35:21",0.75598,1,akshithareddy04
11225,15891310,"Junior Carvalho-Senac","2026-05-07 23:17:18",0.75598,1,juniorcarvalhosenac
11226,15894182,okuub11,"2026-05-08 06:24:18",0.75598,1,okuub11
11227,15894463,"Ma Nagata","2026-05-08 06:51:41",0.75598,1,managata
11228,15894729,"Keerthan S","2026-05-08 07:24:16",0.75598,1,keecodes
11229,15864908,dhfcbjkk,"2026-05-08 16:46:24",0.75598,2,dhfcbjkk
11230,15900650,"Büşra Hepgüzel","2026-05-08 16:51:36",0.75598,1,brahepgzel
11231,15900828,"Mehdi Avazaghaei","2026-05-11 19:20:56",0.75598,4,mehdidata2026
11232,15915391,"Sehal Hasan","2026-05-10 04:02:19",0.75598,1,sehalhasan
11233,15915200,spearscjs,"2026-05-10 04:33:07",0.75598,5,spearscjs
11234,15917273,"Shweta Patel","2026-05-10 09:07:03",0.75598,1,shwetapatel016
11235,15922316,"Андрей Дубинин","2026-05-10 22:11:58",0.75598,1,kirawrage
11236,15559215,abshafi2021,"2026-05-11 03:52:32",0.75598,2,abshafi2021
11237,15925165,inokkk,"2026-05-11 08:00:08",0.75598,3,inokkk
11238,15927068,jsyoon1010,"2026-05-11 11:01:06",0.75598,1,jsyoon1010
11239,15172318,"obsrate jaja2005","2026-05-11 20:52:17",0.75598,10,obsratejaja2005
11240,15932048,"Lorenzo Armillotta","2026-05-11 23:02:00",0.75598,1,lorenzoarmillotta
11241,15933522,"Chua Cheng Ling","2026-05-12 03:20:10",0.75598,3,chuachengling
11242,15397344,"MINGXUAN PAN","2026-03-13 13:14:24",0.75358,1,mingxuanpan666
11243,15398931,Ldacosta,"2026-03-13 18:47:29",0.75358,2,ldacosta
11244,15365387,"Owen Walker","2026-03-18 00:24:24",0.75358,14,owenwpwalker
11245,15400960,CaoWentao,"2026-03-14 07:08:54",0.75358,1,caowentao666
11246,15175696,lemonsheep1123,"2026-03-14 09:50:21",0.75358,1,lemonsheep1123
11247,14443605,Kayoke89,"2026-03-14 11:54:33",0.75358,1,kayoke89
11248,3353551,"Naga Karumrui","2026-03-14 20:52:50",0.75358,1,nagakarumuri
11249,15405062,ZhenruiWeng,"2026-03-15 04:15:54",0.75358,1,zhenruiweng
11250,15405429,homeward,"2026-03-15 06:37:21",0.75358,1,homeward
11251,15405657,"park changjin","2026-03-15 07:51:06",0.75358,1,parkchangjin
11252,15405779,2253034汪伟,"2026-03-15 08:28:11",0.75358,2,ww130544
11253,15403245,"Omosofe Taraoluwa","2026-03-15 08:57:54",0.75358,1,omosofetaraoluwa
11254,15391168,"moeto suzuki","2026-03-16 12:04:39",0.75358,7,moetosuzuki
11255,15406257,"manFai lee","2026-03-15 10:13:39",0.75358,1,manfailee
11256,15409082,"Shreya Shrimant Bodhe ","2026-03-15 20:10:30",0.75358,1,shreyashrimantbodhe
11257,15411057,Gagana,"2026-03-16 05:36:39",0.75358,1,gaganasri22
11258,15412257,水星小喵喵,"2026-03-16 09:07:32",0.75358,1,mercurymeow
11259,15414340,"Elis Liu111","2026-03-17 07:00:53",0.75358,2,elisliu111
11260,15369448,SKYER138,"2026-03-16 15:20:17",0.75358,1,skyer138
11261,15417528,WangJunjie12314,"2026-03-17 03:00:19",0.75358,1,wangjunjie12314
11262,15388909,"Abhay Malik","2026-03-17 05:26:26",0.75358,1,unrealwave
11263,15418556,2252926朱伊成,"2026-03-17 06:18:41",0.75358,1,zhuyicheng0611
11264,15419046,"Po Man Lo","2026-03-17 07:43:44",0.75358,1,pomanlo
11265,15419349,"Chan Ying Hei","2026-03-17 08:24:45",0.75358,1,chanyinghei
11266,15420331,"Sami Ullah #2","2026-03-17 10:59:19",0.75358,1,samiullah9
11267,15422401,"HT Chau","2026-03-17 15:45:09",0.75358,1,htchau
11268,15423637,"Sreyashi Dubey","2026-03-17 17:56:00",0.75358,2,sreyashidubey
11269,15424885,Skizoider,"2026-03-17 20:05:45",0.75358,2,skizoider
11270,15425945,"Alexandra Sarahi Hernández Salinas","2026-03-17 22:41:34",0.75358,2,alexandrashs11
11271,15429582,"Dejan Jović","2026-03-18 08:19:41",0.75358,1,dejan83
11272,15432625,"Harsh Pandey #6","2026-03-18 15:40:16",0.75358,2,harshpandeyl09
11273,15432638,"Bhavesh Belhekar","2026-03-18 15:41:07",0.75358,1,bhaveshbelhekar
11274,15443217,"Eduardo Sopelana","2026-03-19 16:52:14",0.75358,2,eduardosopelana
11275,15444548,"Sanchit Lodha","2026-03-19 20:34:50",0.75358,1,sanchitlodha
11276,15444954,"Rajeev #3","2026-03-19 22:40:09",0.75358,1,rajeevcode
11277,15447810,zmmkkq,"2026-03-20 08:47:46",0.75358,1,zmmkkq
11278,11547397,"DoungHyuk Kim","2026-03-20 10:17:08",0.75358,1,dounghyukkim
11279,15231795,"Ivan O","2026-03-20 10:39:05",0.75358,1,ivano1988
11280,15450473,"PavanKumar #2","2026-03-20 14:14:34",0.75358,1,pavan9938
11281,15451634,"analista will","2026-03-20 15:55:00",0.75358,1,analistawill
11282,15452681,"Hà Linh","2026-03-20 17:48:05",0.75358,2,halinh271
11283,15454061,"Ar S","2026-03-21 00:55:30",0.75358,1,kaglelearner3141
11284,15455860,wangcunqiang,"2026-03-21 10:22:39",0.75358,3,wangcunqiang
11285,15456533,"Deepan Kishore","2026-03-24 03:16:56",0.75358,3,deepankishore
11286,15460726,Duoziteng,"2026-03-22 04:11:00",0.75358,1,duoziteng
11287,15460749,"Feng #5","2026-03-22 04:20:46",0.75358,1,redgraves
11288,15396025,niko,"2026-03-22 04:58:33",0.75358,3,alkaid1
11289,15461207,"Atharva Dhone","2026-03-30 10:18:05",0.75358,2,atharvadhone
11290,15464148,zaowan,"2026-03-22 13:56:24",0.75358,1,zaowan
11291,12409830,20221613,"2026-03-23 08:37:18",0.75358,5,seeoojin
11292,15468421,"_ 496","2026-03-23 08:41:20",0.75358,2,usmin496
11293,15470596,"Daixi Wang","2026-03-27 13:37:27",0.75358,4,daixiwang
11294,15470049,"Konno Ryoya","2026-04-05 06:05:02",0.75358,10,konnoryoya
11295,15471609,"gautham nambiar","2026-03-23 15:39:31",0.75358,1,gauthamnambiar
11296,6642844,Y.Kabeya,"2026-03-24 02:58:22",0.75358,1,ykabeya
11297,15478598,primekal,"2026-03-24 13:13:18",0.75358,1,primekal
11298,15479435,"Siddharth G #3","2026-03-24 15:36:50",0.75358,2,physersiddhu
11299,15481941,ChengYuTsai0914,"2026-03-25 03:25:34",0.75358,1,chengyutsai0914
11300,15488132,"Nicolas Jung","2026-03-25 22:17:17",0.75358,1,nicolasjung71
11301,15491204,"Basha Syed #2","2026-03-26 04:03:45",0.75358,1,bashasyed3957
11302,15492898,"Aiman Zaidi","2026-03-26 08:22:03",0.75358,1,aimzaid
11303,15493622,"Dorota Magierek","2026-03-26 09:50:30",0.75358,1,dorotamagierek
11304,15501382,wwwxxyy,"2026-03-27 11:09:45",0.75358,1,wwwxxyy
11305,15501568,dancerli2,"2026-03-27 11:52:35",0.75358,1,dancerli2
11306,10633171,"Muhammad Deric","2026-03-28 00:44:23",0.75358,1,mdonnye
11307,15511338,"NITHIN RAJ KUMAR","2026-03-29 08:49:29",0.75358,1,nithinraj559
11308,15511306,lllllijh,"2026-03-29 09:07:56",0.75358,1,lllllijh
11309,15511405,"Adnan Mehdi911","2026-03-29 09:11:24",0.75358,1,adnanmehdi911
11310,15513283,BeautifuIBOY,"2026-03-29 15:23:27",0.75358,1,beautifuiboy
11311,15515475,"Sayeda 123","2026-03-30 03:28:46",0.75358,1,sayeda123
11312,15517244,"V Rishitha","2026-03-30 09:22:48",0.75358,1,vrishitha
11313,15517245,"Pujya sri lasya Balusu","2026-03-30 09:23:01",0.75358,1,pujyasrilasyabalusu
11314,15517584,wangruifeng111,"2026-03-30 10:32:18",0.75358,1,wangruifeng111
11315,15066706,"Yusuf eren Karagöz","2026-03-30 12:37:05",0.75358,2,yusuferenkaragz
11316,15522830,Ayush_TheModeler,"2026-03-31 06:35:33",0.75358,1,ayushthemodeler
11317,15527999,"Chibuikem Nwuba","2026-04-01 03:42:20",0.75358,1,chibuikemnwuba
11318,15529718,"Prince Joshi","2026-04-01 09:14:59",0.75358,2,princejoshi18
11319,15530319,SkOsin,"2026-04-07 09:18:01",0.75358,2,skosin
11320,15530494,"P Khokasai","2026-04-01 11:34:47",0.75358,1,pkhokasai
11321,15531854,"S.S.Hasindu Senarathna","2026-04-01 15:48:12",0.75358,1,sshasindusenarathna
11322,15531983,"Vinay Rai","2026-04-01 16:11:44",0.75358,1,vinay24baghira
11323,15533958,Eelis03,"2026-04-01 23:21:37",0.75358,2,eelis03
11324,15544743,"Lalitha Renuka Tata","2026-04-03 06:54:17",0.75358,1,lalitharenukatata
11325,15550226,"24022641 Hoàng Trường Giang","2026-04-25 09:48:41",0.75358,2,hoangtruonggiang2126
11326,15399109,"Richard Cade Enos","2026-04-03 19:36:45",0.75358,3,richardcadeenos
11327,15551175,定光俊英,"2026-04-03 23:59:45",0.75358,3,sada0919
11328,15551875,"LAI,YU-CHEN","2026-04-04 14:05:16",0.75358,3,howardhow
11329,15554383,"MASAFUMI HASHIMOTO","2026-04-04 12:58:04",0.75358,1,masafumi84moto
11330,15556093,"Maiko Okamoto","2026-04-04 19:49:09",0.75358,1,maikookamoto
11331,15559348,dkennedy,"2026-04-12 10:24:32",0.75358,3,dankennedy12
11332,15559402,"sho miyamae","2026-04-05 12:54:18",0.75358,1,shomiyamae
11333,15559447,"Jubayer Mahmud Nirjus","2026-04-05 13:05:04",0.75358,1,jubayermahmudnirjus
11334,15557110,"Frederik Brecht","2026-04-05 16:08:42",0.75358,2,frederikbrecht
11335,15562795,"[Deleted] 3d4e0a6d-1ab6-4656-b060-805ab3e1a702","2026-04-06 04:40:29",0.75358,1,del=80e990ccd864a674
11336,15563182,"Kengo Hamanaka","2026-04-06 05:55:04",0.75358,1,kengohamanaka
11337,15565494,chengruirui,"2026-04-06 14:18:00",0.75358,1,chengruirui
11338,15568286,papacito,"2026-04-07 03:11:06",0.75358,1,papacito123
11339,15571426,"André Silva #2","2026-04-07 14:24:31",0.75358,2,andre9silva
11340,15575145,"Arya Wash","2026-04-08 07:06:26",0.75358,4,arajan0000
11341,15575881,Yusuke_Kishi,"2026-04-08 07:55:45",0.75358,1,yusukekishi2005
11342,15302737,JoernML,"2026-04-08 14:01:17",0.75358,1,joernml
11343,15580241,Mint206,"2026-04-09 00:15:32",0.75358,1,mint206
11344,15581464,"G Sumanth Reddy","2026-04-09 04:09:12",0.75358,1,sumanth1023
11345,15582798,harrison,"2026-04-09 08:13:49",0.75358,1,tamasi
11346,15583332,"Anushka Gupta #6","2026-04-09 09:42:56",0.75358,1,anuushka18
11347,15589079,"Rey Katsura","2026-04-10 07:42:14",0.75358,1,reykatsura
11348,15590369,"Santiago Buitrón Soto","2026-04-10 12:47:29",0.75358,2,santiagobuitrnsoto
11349,15591933,K.Kartal,"2026-04-10 17:38:16",0.75358,1,kaankartalkuyucu
11350,15595240,lryyyyyyy,"2026-04-11 07:06:19",0.75358,1,lryyyyyyy
11351,15595670,"YuXuan Deng","2026-04-11 08:11:21",0.75358,1,yuxuandeng1796730130
11352,15596954,Akhilesh2007,"2026-04-11 12:09:58",0.75358,1,akhilesh2007
11353,15596969,"Vanshika #3","2026-04-11 12:13:54",0.75358,1,vanshiiiika
11354,15597331,"Sanjay Dasari","2026-04-11 13:20:16",0.75358,1,sanjay069
11355,15597355,"Charan #8","2026-04-11 13:24:46",0.75358,1,charan191105
11356,15597403,"CHANDOLU Praneeth","2026-04-11 13:33:36",0.75358,1,chandolupraneeth
11357,15597505,Devendra6122,"2026-04-11 13:50:35",0.75358,1,devendra6122
11358,15599023,DoctorK,"2026-04-11 18:58:07",0.75358,1,doctorkwastaken
11359,15601976,"Nikhil Y #2","2026-04-12 10:15:59",0.75358,1,nikhily07
11360,15602810,"Gaddigolla Manoj","2026-04-12 12:53:30",0.75358,1,gaddigollamanoj
11361,15603368,Karthikreddy456,"2026-04-12 14:30:37",0.75358,1,karthikreddy456
11362,15603795,"jinhao liao","2026-04-12 15:51:47",0.75358,1,jinhaoliao
11363,15603903,"Sunil T","2026-04-12 16:16:40",0.75358,1,sunil484
11364,15604363,Lakshmishree3090,"2026-04-12 17:59:46",0.75358,1,lakshmishree3090
11365,15606626,GbordIam,"2026-04-14 04:17:26",0.75358,6,gbordiam
11366,15607247,"Shadab Shiekh","2026-04-13 09:33:39",0.75358,3,shadabshiekh
11367,15608646,"Phoebie Casandra","2026-04-13 11:46:39",0.75358,1,fbycsndra
11368,15614556,"Thanusri sanjana Alla","2026-04-14 09:41:13",0.75358,1,thanusrisanjanaalla
11369,15614942,"Maria Ginny","2026-04-14 10:51:16",0.75358,1,mariaginny
11370,15615581,"Luis Méndez","2026-04-14 18:15:37",0.75358,7,luismndezreyes
11371,13777230,"Gleb Kabachevskiy","2026-04-29 11:59:06",0.75358,2,glebkabachevskiy
11372,13777229,"Ланцелот Ларенская","2026-04-15 13:15:46",0.75358,2,lykyria
11373,15623112,"Behruz Haydaraliyev","2026-04-15 15:22:22",0.75358,1,behruzhaydaraliyev
11374,15631696,"Prashant Chavan #2","2026-04-16 14:35:38",0.75358,1,prashant8686
11375,15632688,"GURU PRASAD K","2026-04-16 17:04:35",0.75358,1,guruk04
11376,15633698,"Tiago Ramalho","2026-04-16 20:11:26",0.75358,1,tiagoramalho
11377,15634115,"Tom Bryan Cruz Bravo","2026-04-18 17:01:53",0.75358,4,tombryancruzbravo
11378,15635911,XesterJ,"2026-04-17 06:35:37",0.75358,1,xesterj
11379,15636092,B11323029林奕秀,"2026-04-17 06:55:25",0.75358,1,b11323029
11380,15637445,"Abhishek Singh #25","2026-04-17 10:51:28",0.75358,1,abhishekctara
11381,15638696,sansle,"2026-04-17 14:37:04",0.75358,4,sansle
11382,15639185,"Boddapati Tarun Sai","2026-04-17 15:16:33",0.75358,1,boddapatitarunsai
11383,15640997,"Serap Kayhan","2026-04-17 20:04:59",0.75358,1,serapkayhan
11384,15641869,IIIlllIIIllIII,"2026-04-18 00:56:18",0.75358,2,iiillliiilliii
11385,15643574,"Vanish Vanish","2026-04-18 06:55:16",0.75358,1,vanishvanish
11386,9518506,"Kevser Yazar","2026-04-18 19:38:20",0.75358,3,kevseryazar
11387,15650979,zyichi,"2026-04-19 10:22:21",0.75358,2,zyichi
11388,15652250,"Shreyan Rajendra Eden","2026-04-19 14:21:19",0.75358,1,shreyanrajendraeden
11389,15652506,bdjola_bdjola,"2026-04-19 15:01:36",0.75358,1,bdjolabdjola
11390,15654180,"Alexander Willoughby","2026-04-19 21:44:09",0.75358,1,alexanderwilloughby
11391,15655730," H.YASHASWINI","2026-04-20 04:13:40",0.75358,1,hyashaswini
11392,15655992,"AMITH J S","2026-04-20 04:44:28",0.75358,1,amith12345
11393,15657941,"Leon #10","2026-04-20 11:09:15",0.75358,4,putoyou
11394,15658399,"Shreya Dhenge","2026-04-20 10:34:37",0.75358,1,shreyadhenge
11395,15668667,"Gagandeep G A","2026-04-21 10:08:36",0.75358,1,gagandeepga
11396,15672374,"Kavana vHegde","2026-04-21 15:25:32",0.75358,1,kavanavhegde
11397,15696730,"Prathiksha Mulgund","2026-04-22 11:29:13",0.75358,1,prathikshamulgund
11398,15699783,"Lakshmi #8","2026-04-23 06:45:15",0.75358,2,lakshmiu13
11399,15701046,"Hima Subramani","2026-04-23 06:10:34",0.75358,2,himasubramani
11400,15701499,C-35-Akhil,"2026-04-22 17:23:01",0.75358,1,c35akhil
11401,15702314,"H M Anagha","2026-04-22 18:40:01",0.75358,1,hmanagha
11402,15703257,Dinabyebye,"2026-04-22 20:53:42",0.75358,1,dinabyebye
11403,15704225,"john okwe","2026-04-30 11:36:59",0.75358,2,johnokwe
11404,15704599,"[Deleted] ace3b010-b954-483e-a06b-2f3d9444503f","2026-04-25 06:00:15",0.75358,3,del=6b56e3a240ed5956
11405,15705397,"K.Karthik sai","2026-04-23 03:45:05",0.75358,1,kkarthiksai
11406,15707972,"Siya Sao","2026-05-10 04:56:32",0.75358,5,siyasao
11407,15707998,"Archita Atbhaiya","2026-04-23 08:16:00",0.75358,2,architaatbhaiya
11408,15708600,"vignesh suresh menon","2026-04-25 09:53:35",0.75358,3,menonbiz
11409,15721349,"Kuveto Nyekha","2026-04-23 16:52:49",0.75358,1,kuvetonyekha
11410,15722422,"Lakshya Goyal","2026-04-23 19:26:15",0.75358,1,lakshyagoyal75
11411,15722870,"DHEERAJ MAKAR ","2026-04-23 20:46:26",0.75358,1,dheerajmakar
11412,15722991,"Parnika Chauhan","2026-04-23 21:21:28",0.75358,1,parnikachauhan
11413,15719434,ポテトサラダ,"2026-04-24 04:36:53",0.75358,4,harusuke
11414,15730164,"Marcin Tomaszek","2026-04-24 10:22:14",0.75358,1,mtomaszek
11415,15732893,Rishabh2742k4,"2026-04-24 16:39:54",0.75358,1,rishabh2742k4
11416,15735354,"kapil yadav","2026-04-25 03:45:08",0.75358,1,kapilyadav01
11417,15735975,"Vikas N","2026-04-25 06:17:46",0.75358,1,vikasn2006
11418,15736853,"YASH PARSAI","2026-04-25 09:02:51",0.75358,1,yashparsaii
11419,15737694,"He Jinyang207517","2026-04-25 11:50:50",0.75358,2,hejinyang207517
11420,15742174,"Dimas Tri Kurniawan","2026-04-26 16:04:38",0.75358,3,dimastrikurniawan
11421,15743624,"Putra Dirda Suwadana","2026-04-26 12:21:29",0.75358,1,putradirdasuwadana
11422,15745001,Luca11,"2026-04-26 16:27:24",0.75358,1,luqa11
11423,15745663,"Raphael Loza","2026-04-26 18:49:42",0.75358,1,raphaelfloza
11424,15747221,中山太希,"2026-04-27 03:16:53",0.75358,1,taiki782
11425,15751058,cyynnn777,"2026-04-27 13:39:33",0.75358,1,cyynnn777
11426,12077663,".... #4","2026-04-27 17:04:19",0.75358,1,ulviyye1
11427,15758665,"Daniel Agustín Luis Garcia","2026-04-28 02:21:30",0.75358,1,daluisgarcia
11428,15770169,"Aynur özçetin","2026-04-28 18:34:46",0.75358,1,aynurzetin
11429,12567640,Loukas_cz,"2026-04-28 19:00:17",0.75358,1,loukascz
11430,892364,"Maxim Smirnov","2026-04-30 17:39:33",0.75358,2,smirnoffmg
11431,15808864,Alexandr20250216,"2026-05-01 06:03:09",0.75358,1,alexandr20250216
11432,15820808,"Henri AS","2026-05-01 21:21:29",0.75358,1,henr1as
11433,15834928,"VHF Burbano","2026-05-03 12:05:32",0.75358,4,vhfburbano
11434,15838569,"Yuxin Guoaaa","2026-05-03 12:56:49",0.75358,1,yuxinguoaaa
11435,15842803,BMWGT1,"2026-05-04 00:54:48",0.75358,1,bmwgt1
11436,14558324,"Freshta Nazari","2026-05-04 18:51:49",0.75358,1,freshtanazari
11437,15856630,"Austin Kane","2026-05-05 04:49:27",0.75358,4,knaustin
11438,15858605,Qr01210,"2026-05-05 07:34:09",0.75358,1,qr01210
11439,15862769,AMARACHAUDHARY,"2026-05-05 14:45:47",0.75358,2,amarachaudhary
11440,15873126,GrafJonasthy,"2026-05-06 09:09:09",0.75358,1,grafjonasthy
11441,15873255,"Kevin Stricker","2026-05-06 09:22:07",0.75358,1,kevinstricker
11442,15878750,"Lautaro Balsebre","2026-05-06 19:23:35",0.75358,1,lautarobalsebre
11443,15880494,astonitsching,"2026-05-07 01:46:14",0.75358,1,astonitsching
11444,15885113,"Ryo Ukegawa","2026-05-07 09:59:25",0.75358,1,ryoukegawa
11445,15887568,"J-P Lutze","2026-05-07 14:52:57",0.75358,2,jplutze
11446,15888508,"aness achour","2026-05-07 16:32:15",0.75358,1,anessachour
11447,15892498,shir0maru,"2026-05-08 05:54:43",0.75358,2,shir0maru
11448,15898211,PhillipsFYW,"2026-05-08 13:08:14",0.75358,2,phillipsfyw
11449,15902233,"Marwan Ashraf #3","2026-05-08 19:38:29",0.75358,1,marwanashra
11450,15908742,"Marcin Ruszaj","2026-05-09 10:17:03",0.75358,1,marcinruszaj
11451,15915834,"Amit Kumar #27","2026-05-10 05:36:55",0.75358,2,amitanant10
11452,15922989,NanakoUchida,"2026-05-11 01:34:31",0.75358,1,nanakouchida
11453,15923034,"Felipe Urban","2026-05-11 01:48:28",0.75358,1,felipeurban
11454,15923343,serenaitaly,"2026-05-11 02:53:24",0.75358,1,serenaitaly
11455,15924672,"Battuvshin Ochirbat","2026-05-12 06:08:14",0.75358,8,battuvshinochirbat
11456,15925195,hujintaoCD,"2026-05-11 07:29:20",0.75358,1,hujintaocd
11457,15927603,"Egor Elovenko","2026-05-11 11:54:46",0.75358,1,egorelovenko
11458,15930788,"SHESHASHREE ARUNKUMAR","2026-05-11 18:09:20",0.75358,1,sheshashreearunkumar
11459,15931918,"Rafael Silva #2","2026-05-11 22:38:59",0.75358,1,armadilloishere
11460,15934381,"SHUNTARO ARIMITSU","2026-05-12 04:51:45",0.75358,1,mm800arimitsu
11461,15399757,ColtJC,"2026-03-14 00:58:14",0.75119,1,coltjc
11462,15400237,ChunFu1,"2026-03-14 04:32:04",0.75119,1,chunfu1
11463,15013696,giangtbh,"2026-03-14 15:01:30",0.75119,2,giangtbh
11464,15403407,"Rong Chenbin","2026-03-14 16:03:30",0.75119,1,rongchenbin
11465,2581906,wepython,"2026-03-15 02:29:24",0.75119,2,wepython
11466,15406424,"Pratik Rathod","2026-03-15 10:45:22",0.75119,1,pratikrathod1929
11467,15359457,"Himmat Pun","2026-03-15 11:45:29",0.75119,1,himmatpun
11468,14958643,FranOsz,"2026-03-16 08:38:12",0.75119,1,franosz
11469,15412992,鹰无拓海,"2026-03-16 11:09:03",0.75119,1,yingwutuohai
11470,15420619,justin0905,"2026-03-17 11:36:08",0.75119,1,justin0905
11471,15420892,"Ng Ho Wai Joseph","2026-03-17 13:21:56",0.75119,3,nghowaijoseph
11472,15421323,"jitong zhang","2026-03-17 13:15:41",0.75119,2,jitongzhang
11473,15421625,FedorGuch,"2026-03-17 13:58:34",0.75119,1,fedorguch
11474,15425401,"Symbat Moldakhan","2026-03-17 21:06:42",0.75119,1,symbatmoldakhan
11475,15430719,Bohdan231321,"2026-03-18 12:22:05",0.75119,2,bohdan231321
11476,15439625,"wenjie dengdeng","2026-03-19 07:40:25",0.75119,1,wenjiedengdeng
11477,15443773,"Кто То","2026-03-19 18:04:53",0.75119,1,ktoto12354
11478,15446996,"Om Kodre","2026-03-20 06:35:18",0.75119,1,legi368989
11479,15451400,"Shashini Kumarasinghe","2026-03-20 15:34:19",0.75119,1,shashini1234
11480,15464465,kebinNiu,"2026-03-22 14:44:14",0.75119,1,kebinniu
11481,15459107,"Reman Dey","2026-03-22 16:01:55",0.75119,11,remandey
11482,15468220,Svetlana723,"2026-03-23 07:38:33",0.75119,1,svetlana723
11483,15471607,"paulo da","2026-03-23 15:39:22",0.75119,1,pauloda
11484,15471995,"John Kim #10","2026-03-23 16:21:29",0.75119,1,caesarsalad48
11485,15482751,"Tharun #5","2026-03-25 06:45:46",0.75119,1,taruntejat
11486,14485179,"Trần Phúc Thái","2026-03-25 06:54:57",0.75119,3,tranphucthai
11487,14690015,fruity_cereal,"2026-03-25 08:12:35",0.75119,1,fruitycereal
11488,15484420,Anang,"2026-03-25 11:41:28",0.75119,1,nowidumbscat
11489,15485423,小尾凜太朗,"2026-03-25 14:14:22",0.75119,1,obirin
11490,15491856,"Nagendra Turaga","2026-03-26 06:09:28",0.75119,2,nagturaga
11491,15503994,"Vanisha T","2026-03-27 19:03:59",0.75119,1,vanishat
11492,15505064,"Leoo #3","2026-03-28 03:01:50",0.75119,2,llwggc16
11493,15506127,Xxcoffee,"2026-03-28 08:11:23",0.75119,1,xxcoffee
11494,15509523,"María Fernanda Robles Soto","2026-03-28 22:29:14",0.75119,1,maferso
11495,15512542,dingpoint,"2026-03-29 13:06:37",0.75119,3,dingpoint
11496,15515026,Ysdev-Kuwabara,"2026-03-30 01:24:45",0.75119,1,ysdevkuwabara
11497,15522747,"Moriba nouho Soumahoro","2026-03-31 06:23:37",0.75119,1,moribanouhosoumahoro
11498,15529715,"Shuxiang Cai","2026-04-01 09:11:10",0.75119,2,shuxiangcai
11499,15530149,ChenZhiTong0413,"2026-04-01 10:33:09",0.75119,1,chenzhitong0413
11500,14190139,happykth,"2026-04-03 04:23:39",0.75119,2,happykth
11501,15549814,"Noah Meachum","2026-04-03 17:50:15",0.75119,1,noahmeachum
11502,15554242,"Liu Zichen","2026-04-04 13:06:20",0.75119,3,liuzichen06461
11503,15554517,"Hayashi Ryoichi","2026-04-04 13:24:17",0.75119,1,hayashiryoichi
11504,15567753,JPRitchie,"2026-04-07 00:20:46",0.75119,2,jpritchie
11505,15568667,hanzeyoung,"2026-04-07 04:53:34",0.75119,1,hanzeyoung
11506,15570520,Faprin,"2026-04-07 10:42:54",0.75119,1,faprin
11507,15574000,taetae222,"2026-04-10 00:32:44",0.75119,4,taetae222
11508,15574012,"Special Forces","2026-04-08 01:07:17",0.75119,1,specialforces89
11509,15582333,dongeun123,"2026-04-09 06:48:35",0.75119,1,dongeun123
11510,15582334,garam44,"2026-04-09 06:48:35",0.75119,1,garam44
11511,15582335,"김동은 31004","2026-04-09 06:48:36",0.75119,1,kde31004
11512,15582336,aaa30525,"2026-04-09 06:48:36",0.75119,1,aaa30525
11513,15582337,ain30709,"2026-04-09 06:48:36",0.75119,1,ain30709
11514,15582338,dbsgk12,"2026-04-09 06:48:36",0.75119,1,dbsgk12
11515,15582339,kth20405,"2026-04-09 06:48:36",0.75119,1,kth20405
11516,15582341,ykw31016,"2026-04-09 06:48:36",0.75119,1,ykw31016
11517,15582342,miroringKR1,"2026-04-09 06:48:37",0.75119,1,miroringkr1
11518,15582343,nyam11,"2026-04-09 06:48:37",0.75119,1,nyam11
11519,15582344,fdtryf7,"2026-04-09 06:48:37",0.75119,1,fdtryf7
11520,15582345,river1027,"2026-04-09 06:48:37",0.75119,1,river1027
11521,15582346,i1i1lilili11lilli,"2026-04-09 06:48:37",0.75119,1,i1i1lilili11lilli
11522,15582347,l6l6l6l6,"2026-04-09 06:48:40",0.75119,1,l6l6l6l6
11523,15582348,hiyeon516,"2026-04-09 06:48:40",0.75119,1,hiyeon516
11524,15582349,sindonghun123,"2026-04-09 06:48:41",0.75119,1,sindonghun123
11525,15582350,20111문지웅,"2026-04-09 06:48:42",0.75119,1,snmy22
11526,15582351,song358,"2026-04-09 06:48:49",0.75119,1,song358
11527,15582357,jaeo,"2026-04-09 06:49:45",0.75119,1,yujaeoh
11528,15582340,CHAERAM20218,"2026-04-09 06:50:21",0.75119,1,chaeram20218
11529,15585136,Mteuahasan,"2026-04-09 15:34:01",0.75119,9,mteuahasan
11530,15587128,dsdds222d2e2e2e2e2rr3d23d,"2026-04-10 00:23:19",0.75119,1,sddsdsddsds223232
11531,15587121,"20301 Ethan","2026-04-10 00:24:15",0.75119,1,ethan20301
11532,15587153,untellkorea1013,"2026-04-10 00:32:41",0.75119,1,untellkorea1013
11533,15587156,"Hayeong Cho","2026-04-10 00:32:43",0.75119,1,hayeongcho
11534,15587155,Kaggle30630,"2026-04-10 00:32:43",0.75119,1,kaggle30630
11535,15587157,qwer0209,"2026-04-10 00:32:43",0.75119,1,qwer0209
11536,15587158,seonhyung20208,"2026-04-10 00:32:43",0.75119,1,seonhyung20208
11537,15587159,20126정희찬,"2026-04-10 00:32:43",0.75119,1,heechan26
11538,15587160,adfs2323이예준,"2026-04-10 00:32:43",0.75119,1,adfs2323
11539,15587163,huiju08,"2026-04-10 00:32:44",0.75119,1,huiju08
11540,15587166,songjaeseo31012,"2026-04-10 00:32:47",0.75119,1,songjaeseo31012
11541,15587171,20211노선종,"2026-04-10 00:32:56",0.75119,1,shtjswhd
11542,15587177,chaeminzu,"2026-04-10 00:33:52",0.75119,1,chaeminzu
11543,15587186,shimyejin,"2026-04-10 00:38:08",0.75119,1,shimyejin
11544,15587180,유현선30218,"2026-04-10 00:42:02",0.75119,2,hyunseon30218
11545,15587162,20602권유나,"2026-04-10 00:57:15",0.75119,3,yuna0122
11546,15587685,daegwan,"2026-04-10 03:24:48",0.75119,1,daegwan
11547,15588216,"Aniket Pangri","2026-04-10 05:06:03",0.75119,1,aniketpangri
11548,15589726,pyzoryyy,"2026-04-10 11:54:56",0.75119,6,pyzoryyy
11549,15590006,"Deviprasad V K","2026-04-10 11:02:56",0.75119,1,deviprasadvk
11550,15591695,"Hazem Alsahoo","2026-04-10 16:46:24",0.75119,1,hazemalsahoo
11551,15595681,Jatin-2075,"2026-04-11 08:14:51",0.75119,1,jatin2075
11552,15598151,"Cecilia Bonazza","2026-04-11 15:58:44",0.75119,1,ceciliabonazza
11553,15610952,"Tyler Wilson","2026-04-13 18:42:05",0.75119,2,twilsonn
11554,14486900,"Mohsin Masood","2026-04-14 10:14:55",0.75119,1,mohsinmasood01
11555,15614951,"Ujjwal Singh #4","2026-04-14 10:51:48",0.75119,1,ujjwalsingh1045
11556,15615578,"Aroutin Nazarian","2026-04-14 12:35:46",0.75119,1,aroutinnazarian
11557,15625068,"Marwa.khorcheni ","2026-04-15 23:05:37",0.75119,1,marwakhorcheni
11558,15633575,AkiKawasaki21,"2026-04-16 19:42:26",0.75119,1,akikawasaki21
11559,15636013,kwsmall3,"2026-04-17 06:44:40",0.75119,1,kwsmall3
11560,15644976,"Zuo Chaojun","2026-04-18 11:36:33",0.75119,3,zuochaojun
11561,15645684,kimarang,"2026-04-18 13:16:19",0.75119,1,kimarang
11562,15650005,和泉太基,"2026-04-19 06:56:09",0.75119,2,dizumi
11563,15654311,"Jenna Gorham","2026-04-19 22:34:33",0.75119,1,jennagorham
11564,15657679,"Viktoria Shishova","2026-04-20 08:53:08",0.75119,1,viktoriashishova
11565,15664847,"Hoshino Takanashi","2026-04-21 05:46:38",0.75119,1,starsdaisuki
11566,15665301,Maligll,"2026-04-21 07:01:00",0.75119,2,maligll
11567,15669490,"Zoubeir Aouchar","2026-04-21 10:36:40",0.75119,1,zoubeiraouchar
11568,15671128,Sahil.7780077209,"2026-04-21 13:13:36",0.75119,1,sahil7780077209
11569,15671325,hondahornet2.0,"2026-04-21 13:40:44",0.75119,1,hondahornet20
11570,15671489,"Mananda Devanand Lachyan","2026-04-21 14:04:19",0.75119,1,manandadevanand
11571,15716696,"Shashank Rai #2","2026-04-23 11:26:04",0.75119,2,shanky101
11572,15700155,ChiraQq31,"2026-05-10 08:06:48",0.75119,2,chiraqq31
11573,15725178,"Souvik Kundu","2026-04-24 05:18:20",0.75119,1,souvikkkundu
11574,15732157,"Mohsin Shabir Bhat","2026-04-24 14:54:49",0.75119,1,mohsinshabirbhat
11575,15733197,jisnu22100,"2026-04-25 03:42:17",0.75119,2,jisnu22100
11576,15734637,"Olga Tokarevsky","2026-04-25 00:39:07",0.75119,2,olgatokarevsky
11577,15735622,Akkhiladi786,"2026-04-25 05:07:02",0.75119,1,akkhiladi786
11578,15735681,NavyaRY,"2026-04-25 05:15:42",0.75119,1,navyary
11579,15735826,nik_k,"2026-04-25 05:45:05",0.75119,1,nikk7672
11580,15742782,"Not Available","2026-04-26 09:04:18",0.75119,1,notavailable00
11581,15739515,"komi #3","2026-04-26 15:54:05",0.75119,2,christinaangela
11582,15745736,"Jose Michel","2026-04-26 19:07:32",0.75119,1,josemichel
11583,15747205,"Koki Sato","2026-04-27 05:50:55",0.75119,3,kokisato2026
11584,15763044,"fas fast","2026-04-28 11:39:10",0.75119,2,fasfast
11585,15770623,SiddhantSontakke7,"2026-04-28 19:20:35",0.75119,1,siddhantsontakke7
11586,15783009,massan_ke,"2026-04-29 15:26:18",0.75119,1,massanke
11587,15796243,"Kartik Nimawat","2026-04-30 12:20:47",0.75119,1,kartiknimawat
11588,15796715,"kkmmkkmm kkmm","2026-04-30 12:58:11",0.75119,1,kkmmkkmmkkmm
11589,15798905,dro0nt,"2026-04-30 16:00:21",0.75119,2,dro0nt
11590,15799352,"Bikram Sarkar 007","2026-04-30 16:16:34",0.75119,1,bikramsarkar002
11591,15810100,"KAJOL K CSE","2026-05-01 07:21:22",0.75119,2,kajolkcse
11592,15833967,"Jalen Dwayne Fennell","2026-05-03 03:51:35",0.75119,1,jalendwaynefennell
11593,15837265,"Maxime VERNHET","2026-05-03 10:30:07",0.75119,2,maximevernhet
11594,15838490,"Qiwen Xu","2026-05-03 12:48:30",0.75119,1,qiwenxu2002
11595,15841674,"Lintu #2","2026-05-03 19:33:53",0.75119,1,miikapurola
11596,15842020,晓晓美女,"2026-05-03 20:58:56",0.75119,1,xxmeinv
11597,15648669,"Sangeetha Arangaraj","2026-05-04 08:44:54",0.75119,2,sangeethaarangaraj
11598,15851692,Krystalliu0112,"2026-05-04 15:26:49",0.75119,1,krystalliu0112
11599,15853290,"Ahmed Ibrahim 777","2026-05-04 18:58:18",0.75119,1,ahmedibrahim777
11600,15860345,"Julien “Julien” Shlr","2026-05-05 11:20:05",0.75119,1,julienjulienshlr
11601,15860575,PabloRosales6,"2026-05-05 11:50:29",0.75119,2,pablorosales6
11602,15868234,"Jirou Lover","2026-05-06 00:50:17",0.75119,1,jiroulover
11603,14401963,"Thanh Nhàn Nguyễn","2026-05-06 02:48:38",0.75119,3,ntnhan2005
11604,15878009,"yazan Hadman","2026-05-06 17:43:01",0.75119,2,yazanhadman
11605,15879157,"Balwant Kumar #2","2026-05-06 20:36:30",0.75119,1,balwantkumar85
11606,15886746,"anurag shukla #2","2026-05-10 07:15:08",0.75119,2,anuragshukla8881
11607,15887577,"Ahmet kayra Bozkaya","2026-05-07 14:49:20",0.75119,1,ahmetkayrabozkaya
11608,14835862,"Saiwo Lolo","2026-05-07 16:46:13",0.75119,1,saiwololo
11609,15888811,"Zakaria Imourig","2026-05-07 17:09:17",0.75119,1,zakariaimourig
11610,15895600,"Davide Claps","2026-05-08 08:57:31",0.75119,1,davideclaps
11611,15919370,huangkeyue,"2026-05-10 14:03:42",0.75119,1,huangkeyue
11612,15925093,"ZIMU XU","2026-05-11 07:17:18",0.75119,1,xuzimu241380026
11613,15926269,wangshilin40,"2026-05-11 09:30:52",0.75119,2,wangshilin40
11614,15932824,"Keishu Tamaki","2026-05-12 01:02:28",0.75119,1,keishutamaki
11615,13887800,교사_061,"2026-05-12 04:57:10",0.75119,1,leejungkyo
11616,15938234,"Tomohiro Wada","2026-05-12 11:44:06",0.75119,1,tomohirowada
11617,15115790,NilzMitZ,"2026-03-13 12:15:32",0.74880,1,nilzmitz
11618,15399192,"Ishan Mishra","2026-03-13 20:07:23",0.74880,1,ishanmishra
11619,15399889,strayca7,"2026-03-14 02:06:47",0.74880,1,strayca7
11620,15403603,"arjun k2000","2026-03-14 17:07:10",0.74880,1,arjunk2000
11621,15404058,"Luka Saarivirta","2026-03-14 19:30:09",0.74880,2,lukasaarivirta
11622,8105778,TheKBuddy,"2026-03-14 21:04:58",0.74880,1,rohandekate13
11623,15406843,l1003893,"2026-03-15 12:01:12",0.74880,1,l1003893
11624,15409421,"PEDRO HENRIQUE FARIA","2026-03-15 21:52:28",0.74880,1,pedrohenriquefaria
11625,15409898,"Ryan Dunn","2026-03-16 00:11:33",0.74880,1,ryandunn2
11626,15409950,"ABDULLAH ASIM","2026-03-16 00:31:32",0.74880,1,abdullahasim52
11627,15413672,conghua666666,"2026-03-16 13:17:25",0.74880,1,conghua666666
11628,13629034,yuumi4311,"2026-03-17 09:40:33",0.74880,11,yuumi4311
11629,15422166,Zoeyums,"2026-03-17 15:09:28",0.74880,1,zoeyums
11630,15425708,LuisCcana,"2026-03-17 21:55:09",0.74880,1,luisccana
11631,15428881,Avery_iin,"2026-03-18 06:34:39",0.74880,1,averyiin
11632,15430236,MJA1319,"2026-03-18 09:57:34",0.74880,1,mja1319
11633,15437154,"Michael Chavinda #2","2026-03-19 01:43:16",0.74880,1,michaelchavinda
11634,15456338,stayheart,"2026-03-21 11:13:17",0.74880,1,stayheart
11635,15468077,"pawan kumar naga","2026-03-23 07:13:22",0.74880,3,pawankumarnaga
11636,15476768,zhuquanguo,"2026-03-24 07:42:33",0.74880,1,zqgzqg
11637,15478001,"Majed Alsulami","2026-03-24 11:21:55",0.74880,1,majedalsulami
11638,15480060,"Aman kumar Dayal","2026-03-24 17:27:41",0.74880,2,amankumardayal
11639,15484628,BeNIoT,"2026-03-25 12:15:07",0.74880,1,inkubuss
11640,15485651,"S Siddharth #2","2026-03-25 15:36:07",0.74880,3,siddhu2912
11641,15487348,"cyrine lepers","2026-03-25 19:38:48",0.74880,2,cyrinelepers
11642,15497767,lalafel,"2026-03-27 08:27:19",0.74880,3,lalafel
11643,15503725,"JP De Jesus","2026-03-27 20:58:36",0.74880,7,jpdejesus
11644,15515590,wooseoye0n,"2026-03-30 04:02:14",0.74880,1,wooseoye0n
11645,15528470,"Akshat #10","2026-04-01 05:20:50",0.74880,1,akshat2906
11646,15545246,"SREE VINAYAK.G","2026-04-03 11:34:57",0.74880,2,sreevinayakg
11647,15548792,"Rupesh Sh","2026-04-03 15:29:28",0.74880,1,rupeshsh
11648,15551052,"Charith Ankam","2026-04-03 22:41:48",0.74880,1,charithankam
11649,15554796,kawayu,"2026-04-04 14:24:19",0.74880,1,kawayujp
11650,15560401,AanchalLadha1205,"2026-04-05 16:49:00",0.74880,1,aanchalladha1205
11651,15565867,"[Deleted] 0492a940-dfae-40a0-ae32-e6cdabece970","2026-04-06 15:36:32",0.74880,2,del=45e5db239ee556a4
11652,15566297,"Cosmin Mihu","2026-04-06 22:22:38",0.74880,6,vivavive
11653,15566542,eavberbwf,"2026-04-06 17:47:23",0.74880,2,eavberbwf
11654,15572636,"Lolina Dolo","2026-04-07 17:24:14",0.74880,1,lolinadolo
11655,15578295,"Roshan R #2","2026-04-08 15:16:26",0.74880,1,r0shanr
11656,14182103,ratosan,"2026-04-09 03:48:17",0.74880,1,"dntai1983,ratosan"
11657,15581396,"Khôi Nguyễn Vạn Phúc","2026-04-09 03:49:37",0.74880,1,nvpkhoi
11658,15581453,ndkien7204,"2026-04-09 04:05:38",0.74880,1,ndkien7204
11659,15587659,"Weiling Lin","2026-04-10 03:14:15",0.74880,1,weilinglin
11660,15593379,"Alan Solis","2026-04-11 00:19:19",0.74880,1,alansolisu
11661,15594241,Nancyl4n,"2026-04-11 05:19:51",0.74880,2,nancyl4n
11662,15603894,"Yujun  Peng","2026-04-12 16:14:41",0.74880,1,pengyujun
11663,15587562,"Devin Phan","2026-04-12 18:58:51",0.74880,2,devinphan
11664,15604313,"sylvia nzenwa","2026-04-12 22:06:17",0.74880,2,sylvianzenwa
11665,15617988,"Max Mak","2026-04-14 21:36:16",0.74880,1,maxyy543
11666,15626374,"Vũ Trần Huy","2026-04-16 02:20:13",0.74880,1,troller0105
11667,15632025,"Tanin Abbasii","2026-04-16 15:21:48",0.74880,1,taninabbasii
11668,15633844,ParthPandey0809,"2026-04-16 20:45:33",0.74880,1,parthpandey0809
11669,15641681,"Gülay Noğay","2026-04-17 23:50:53",0.74880,2,glaynoay
11670,15647925,"Murat M KUTLUTURK","2026-04-18 20:06:48",0.74880,2,muratmkutluturk
11671,15651059,"Muskan Fatima","2026-04-19 10:35:21",0.74880,1,muskanfatima1
11672,15652068,"Mendes Shawn","2026-04-19 14:56:12",0.74880,10,mendesshawn
11673,15656123,"Duan #2","2026-04-20 05:12:14",0.74880,1,ba1zeeeee
11674,15657897,/theDataSmith,"2026-04-20 09:20:03",0.74880,1,nikhill009
11675,15663544,cizhuosu,"2026-04-21 02:49:01",0.74880,2,cizhuosu
11676,10815179,"Ahmed Samir A.Fattah","2026-04-22 03:58:28",0.74880,2,ahmedsamirafattah
11677,15702107,"Pulkit Sinha","2026-04-22 18:18:02",0.74880,1,pulkitsinha01
11678,15706288,"Tejas Late","2026-04-23 05:43:25",0.74880,1,tejaslate
11679,15719832,"Guilherme Tonsic","2026-04-23 13:52:08",0.74880,1,guilhermetonsic
11680,15720121,"yanglanlan #2","2026-04-23 14:32:56",0.74880,2,yanglanlan2026
11681,15724467,"y zhou #2","2026-04-24 03:36:14",0.74880,1,yzhou1
11682,15724923,"John Komenda","2026-04-24 04:51:06",0.74880,2,johnkomenda
11683,15740368,"Roman Sydorenko","2026-04-25 20:48:50",0.74880,1,romansydorenko
11684,15743120,"MOHAMAD FIKRI SETIAWAN","2026-04-26 10:21:27",0.74880,1,mohamadfikrisetiawan
11685,15748150,Alevtina,"2026-04-27 06:37:05",0.74880,1,alevtinakursk291aa
11686,15750057,"Barani Kumar Naidu Bandaru","2026-04-27 11:12:36",0.74880,1,baranibbk
11687,15751160,"Yuki Inoue #3","2026-04-27 14:35:06",0.74880,2,yukiinoue1122
11688,15764864,"Paulo Gustavo","2026-04-28 11:26:04",0.74880,1,gustavoduarteds
11689,15771718,Ressy,"2026-04-28 21:14:49",0.74880,3,ressyszn
11690,15771829,"Khoa Dang #3","2026-04-28 21:16:04",0.74880,1,rikuloulou
11691,15791184,宮本英幸,"2026-04-30 05:52:48",0.74880,1,miya020
11692,15794657,"Akriti Chhaya","2026-04-30 10:05:06",0.74880,1,akritichhaya30
11693,15816444,guzhixiang,"2026-05-01 14:51:45",0.74880,1,guzhixiang
11694,15812275,HandeKR,"2026-05-01 18:48:10",0.74880,3,handekr
11695,15623128,松原琉喜,"2026-05-03 09:09:18",0.74880,3,ryuki12kyo
11696,15820002,"Sasantha Sanju","2026-05-02 16:39:40",0.74880,5,sasanthasanju
11697,5554041,"Enrico De Marchi","2026-05-03 15:45:25",0.74880,1,enricodemarchi
11698,11108213,"Abhijith Aravind","2026-05-04 02:30:34",0.74880,1,abhijitharavind
11699,15851494,"Ufuk Türkkan","2026-05-04 15:12:57",0.74880,2,ufuktrkkan
11700,15869967,thuongnvh,"2026-05-06 04:22:13",0.74880,1,thuongnvh
11701,15873257,"Hella Polster","2026-05-06 09:22:13",0.74880,1,hellapolster
11702,15893290,"AWACS ShortCaster","2026-05-08 04:47:51",0.74880,2,awacsshortcaster
11703,15895180,DI_JIAYUAN_123,"2026-05-08 08:09:37",0.74880,1,dijiayuan123
11704,15897113,"Brandon Sia","2026-05-08 11:19:17",0.74880,2,brandonsia
11705,15909556,SKCIKAI,"2026-05-09 11:33:19",0.74880,1,skcikai
11706,15923858,"Anh Dang71","2026-05-11 04:25:36",0.74880,1,anhdang71
11707,15925019,dev-tt-star,"2026-05-11 07:11:22",0.74880,2,devttstar
11708,15927928,"Ken Max","2026-05-11 12:31:34",0.74880,1,kenmax
11709,15929554,Student_0032,"2026-05-11 15:23:27",0.74880,1,student0032
11710,15930066,"Иван Игоревич Рязанов","2026-05-11 16:27:42",0.74880,1,ivan2241
11711,15938918,surfabc,"2026-05-12 13:08:58",0.74880,1,surfabc
11712,13746471,"Bei Chha","2026-03-13 21:05:01",0.74641,1,beichha
11713,15399513,"Larissa D Santos","2026-03-13 22:22:22",0.74641,1,larissadsantos
11714,15399771,"Ryan Kupiec #2","2026-03-14 01:08:08",0.74641,1,rkup17
11715,15400001,SamuelMoritzkat,"2026-03-14 02:53:22",0.74641,1,samuelmoritzkat
11716,15400169,"Lauren Nicole Fischer","2026-03-14 04:03:07",0.74641,1,laurennicolefischer
11717,15406700,"Stefan Björnander","2026-03-15 11:35:41",0.74641,1,stefanbjrnander
11718,15409010,"Felipe Cézar","2026-03-15 19:50:06",0.74641,1,felipeczar
11719,15412511,LiKang,"2026-03-16 09:52:58",0.74641,1,likang030201
11720,15414377,"Nurdaulet Alisher","2026-03-16 15:04:28",0.74641,1,nurdauletalisher
11721,15368460,"Moises AC","2026-03-17 16:27:53",0.74641,6,moisesac
11722,15420486,赵傲成2252956,"2026-03-17 11:18:22",0.74641,1,zhaoaocheng
11723,15421342,"[Deleted] ce504cea-014f-4204-80a0-dd4b15c3a984","2026-03-17 13:18:35",0.74641,1,del=b4874668617f2aa3
11724,15421370,hpp2252997,"2026-03-17 13:23:27",0.74641,1,hpp2252997
11725,15453518,yun193,"2026-03-20 20:37:58",0.74641,1,yun193
11726,14632175,"Nguyen #6","2026-03-21 08:58:43",0.74641,2,thailearn
11727,15460395,shenyue77,"2026-03-22 01:42:08",0.74641,1,shenyue77
11728,15460540,"Tushar Srivastava #5","2026-03-22 02:53:34",0.74641,1,tushar2880
11729,15462970,"ABDUS SAMAD KHAN","2026-03-22 10:27:32",0.74641,1,samadkhan7000
11730,15463297,"Devadharshini Krishna","2026-03-22 11:58:00",0.74641,1,devadharshinikrishna
11731,15469846,Pr1ya2012@,"2026-03-23 11:47:24",0.74641,1,pr1ya2012
11732,15476442,"Gokul S #2","2026-03-24 06:40:38",0.74641,1,gokulsg01
11733,15497863,"Austen Williams","2026-03-26 22:26:04",0.74641,1,austenwilliams1
11734,15452255,"Tharindu Heshan","2026-03-27 08:03:57",0.74641,7,tharinduheshan
11735,15506720,Rainbow192,"2026-03-28 10:17:09",0.74641,1,rainbow192
11736,15506840,"Igor Karczmarczyk","2026-03-28 10:47:58",0.74641,1,igorkarczmarczyk
11737,15517976,"Ysabela Cammayo","2026-03-30 11:55:26",0.74641,1,ysabelacammayo
11738,15522988,"Thein Htike Aung","2026-03-31 07:09:09",0.74641,2,theinhtikeaung
11739,15525291,"Renuka Alse","2026-03-31 15:20:32",0.74641,4,renukaalse
11740,5989880,"Diganta Bhattacharya","2026-04-01 10:08:56",0.74641,1,digantabhattacharya
11741,15535052,herocomeback,"2026-04-02 01:16:12",0.74641,1,herocomeback
11742,15550970,Burakcan,"2026-04-06 11:12:04",0.74641,2,burakkn
11743,15554898,asdSDVsredf,"2026-04-04 14:50:02",0.74641,1,asdsdvsredf
11744,15558828,Sanniao,"2026-04-05 10:24:29",0.74641,1,sanniao
11745,15569481,abdulSamadSadhayo,"2026-04-07 07:40:03",0.74641,1,abdulsamadsadhayo07
11746,15570459,"ren aoyama","2026-04-07 10:30:22",0.74641,1,renaoyama
11747,15570756,一五一十,"2026-04-07 11:36:43",0.74641,1,yiwuyishi
11748,15572774,"Fausto Santos","2026-04-07 17:49:48",0.74641,1,faustosantos
11749,15589318,gottanitv,"2026-04-10 10:18:56",0.74641,2,gottanitv
11750,15600573,zixkdl,"2026-04-12 05:08:49",0.74641,1,zixkdl
11751,15603687,CS680,"2026-04-12 15:33:18",0.74641,1,csarratt
11752,15612185,"Jiacheng Xu - X.cat","2026-04-14 01:41:06",0.74641,1,jcxcat
11753,15615874,"chayamon sangtitanu","2026-04-14 14:35:01",0.74641,3,chayamonsangtitanu
11754,15629406,aslidhurandhar,"2026-04-16 09:06:59",0.74641,1,aslidhurandhar
11755,15631752,"Lewandowski Rbt","2026-04-16 14:42:17",0.74641,1,lewandowskirbt
11756,15654333,"VIDHI MISHRA 2007","2026-04-19 22:45:36",0.74641,1,vidhimishra2007
11757,15654947,gwangs,"2026-04-20 02:12:34",0.74641,4,gwangs
11758,15658107,guidogiudici22,"2026-04-20 09:49:07",0.74641,1,guidogiudici22
11759,15662257,"Alankar Singh","2026-04-20 21:11:07",0.74641,1,alankarms
11760,15663769,"ALAM MD JOBAYER  ","2026-04-21 02:44:46",0.74641,1,alammdjobayer
11761,15681171,"Yostinn Marin Vela","2026-04-21 23:03:10",0.74641,1,yostinnmarinvela
11762,15682240,Kartonka,"2026-04-22 00:04:34",0.74641,1,kalashnicovantin
11763,15686645,Pelv,"2026-04-22 03:08:06",0.74641,1,guyzopelv
11764,15695608,"Harsh Swarnkar","2026-04-22 10:10:58",0.74641,1,harshhub
11765,15702953,SilkeDi,"2026-04-22 20:05:47",0.74641,1,silkedi
11766,15706926,"Sultan ars","2026-04-23 06:41:17",0.74641,1,sultanars
11767,15735007,"Nitin Kumar #11","2026-04-25 02:07:11",0.74641,1,nitinkumar211
11768,15738054,"Sieglinde Hödl","2026-04-25 12:51:32",0.74641,1,sieglindehoedl
11769,14869056,"Mahammad Ilyasov","2026-04-25 22:38:39",0.74641,1,mahammadilyasov
11770,15747260,"yamaura yurika","2026-04-27 03:24:17",0.74641,1,yamaurayurika
11771,15747536,zohaibrajput,"2026-04-27 04:31:40",0.74641,1,zohaibrajput11
11772,15795838,pytagore,"2026-04-30 11:44:45",0.74641,1,pytagore
11773,15800344,hitbackstyle,"2026-04-30 17:24:35",0.74641,1,hitbackstyle
11774,15808707,"Anisha Tabassum","2026-05-01 05:54:12",0.74641,1,anisha678tabassum
11775,15829996,"[RO][ONIA] TANASE VICTOR-ANDREI","2026-05-02 16:00:03",0.74641,1,victor5539
11776,15831995,"Pearl Jotania","2026-05-02 19:40:28",0.74641,1,pearljotania
11777,15838392,"Desmond Madden","2026-05-03 12:35:45",0.74641,1,desmondmadden
11778,15842110,"Aman kumar #3","2026-05-03 21:08:55",0.74641,1,amankusharma
11779,15848816,hhhhhh999999,"2026-05-04 11:40:33",0.74641,2,hhhhhh999999
11780,15852126,luyiming666,"2026-05-04 16:18:03",0.74641,1,luyiming666
11781,15750705,Sonder777,"2026-05-05 08:32:11",0.74641,2,sonder777
11782,15879262,"Scarlett Marez","2026-05-06 21:36:04",0.74641,1,scarlettmarez
11783,15883621,"Minh Phú Nguyễn","2026-05-07 07:47:35",0.74641,1,minhphu2003
11784,15885860,"Abhinav Rajesh","2026-05-07 11:43:14",0.74641,1,abhi9089
11785,15887738,"Julian Ricardo Linares Solaque","2026-05-07 15:05:33",0.74641,1,julianlinares
11786,15876771,"Logan Gupta","2026-05-07 19:38:19",0.74641,2,logangupta
11787,15388678,"Prayash Sharma123","2026-05-08 04:40:43",0.74641,1,prayashsharma123
11788,15913693,sanika_hajare.76,"2026-05-09 20:15:02",0.74641,2,sanikahajare76
11789,15920531,"moha wa","2026-05-10 16:26:27",0.74641,1,mohawa
11790,15405679,"curtis tsang","2026-03-15 07:57:20",0.74401,1,curtistsang
11791,15408032,"Keagan Wijaya","2026-03-15 16:06:05",0.74401,1,keagannn
11792,15409166,"Sameer Alam","2026-03-15 20:30:59",0.74401,1,sameeralam1723
11793,15057451,Cecelia,"2026-03-16 05:33:09",0.74401,1,cecelia49
11794,15412926,2252992,"2026-03-16 11:02:40",0.74401,1,cylerhann
11795,15416874,"Shikshith V","2026-03-17 00:23:07",0.74401,1,shikshithv
11796,15420757,Zinnly,"2026-03-17 14:34:43",0.74401,2,zinnly
11797,15422367,郭藤达一,"2026-03-17 16:03:41",0.74401,2,xingdaguo
11798,15425022,"Павел Артюхин","2026-03-18 04:58:39",0.74401,1,pavelartyukhinml
11799,15430285,"Arpit Garg #4","2026-03-18 10:07:57",0.74401,1,arpitgarg32
11800,15303094,HenriqueGrizzo,"2026-05-07 18:04:22",0.74401,6,henriquegrizzo
11801,15424196,SaTr0V,"2026-03-18 19:14:49",0.74401,3,alexanderpet
11802,15435189,"Ai #2","2026-03-19 18:57:33",0.74401,2,aidyn1
11803,15440810,mahdihasan941,"2026-03-19 10:51:11",0.74401,1,mahdihasan941
11804,15447224,survival,"2026-03-20 07:09:55",0.74401,1,wk20040125
11805,943974,hirokishingu,"2026-03-20 10:06:34",0.74401,2,hirokishingu
11806,15455338,"Atul Kujur","2026-03-21 07:14:56",0.74401,1,atulkujur
11807,15459771,"Joseph adeyemo","2026-03-21 19:59:16",0.74401,3,powerbank89
11808,15460815,xzgym666,"2026-03-22 04:51:01",0.74401,1,xzgym666
11809,15460831,CharlesRichardDec,"2026-03-22 04:56:37",0.74401,1,charlesricharddec
11810,15470816,"Pritam Sarkar #2","2026-03-23 13:56:14",0.74401,1,mrbob1
11811,15475978,"Ayush Kumar #23","2026-03-24 05:29:03",0.74401,1,ayushkumar651
11812,15486146,张君林,"2026-03-25 16:08:38",0.74401,1,biaoao
11813,15486418,misha,"2026-03-25 16:51:13",0.74401,1,digieg0
11814,15487359,"Laura Villaseñor","2026-03-25 19:37:45",0.74401,1,lauravillaseor
11815,15495941,"KHUSHI MISHRA","2026-03-26 15:46:17",0.74401,1,khushi05vats
11816,6071654,"Suksun Promboonruang","2026-03-29 08:06:40",0.74401,1,suksunpromboonruang
11817,15515165,"Mikihiro Miyano","2026-03-31 00:14:21",0.74401,12,mikihiromiyano
11818,15548953,"Nur Aidah K. S.","2026-04-03 15:50:12",0.74401,1,nuraidahks
11819,15549362,"Qinrui Deng","2026-04-04 06:57:17",0.74401,2,qinruideng
11820,15553008,"ATHAVAN S","2026-04-04 08:04:31",0.74401,1,iamathavan
11821,560864,"Apurv Shingne","2026-04-05 11:16:39",0.74401,1,rampage17
11822,12326453,jwang420,"2026-04-06 07:26:37",0.74401,1,jwang420
11823,15570661,"Sourabh Sutar","2026-04-07 11:16:47",0.74401,1,tautarax100
11824,15573097,"Sofia DePasquale","2026-04-07 18:45:18",0.74401,1,sofiadepasquale
11825,15575502,"Puttimej Prasomsin","2026-04-08 06:43:38",0.74401,1,puttimejprasomsin
11826,15581375,djmhlya,"2026-04-09 03:45:21",0.74401,1,djmhlya
11827,15582846,WangYiran,"2026-04-09 08:28:32",0.74401,2,luckyboyeyan
11828,15591068,"Ahmed Madeh Noah","2026-04-10 14:51:36",0.74401,1,ahmedmadehnoah
11829,15613972,Shruthikeerthana@2006,"2026-04-14 07:45:08",0.74401,1,shruthikeerthana2006
11830,15641716,"Mustafa Selman","2026-04-18 00:01:36",0.74401,1,mustafaselman
11831,15663240,"make marry","2026-04-21 01:01:09",0.74401,1,makemarry
11832,15663074,"luis fernando fernandez claros","2026-04-21 01:28:17",0.74401,3,ffernando1645
11833,15691975,TomSean2233,"2026-04-22 06:42:32",0.74401,1,tomsean2233
11834,15709061,"Irene Macrì","2026-04-23 09:39:43",0.74401,1,irenemacr
11835,15724392,TomCao91,"2026-04-24 03:24:19",0.74401,1,tomcao91
11836,15730044,trashdumpaccount,"2026-04-24 10:11:03",0.74401,3,trashdumpaccount
11837,15732622,"M B GIRISH","2026-04-24 16:02:56",0.74401,1,mbgirish
11838,15735903,Raags2025,"2026-04-25 06:01:23",0.74401,1,raags2025
11839,15742678,xwc007,"2026-04-26 08:39:35",0.74401,1,xwc007
11840,15747517,"Mehrab Hossen Sakal","2026-05-01 12:19:00",0.74401,2,mehrabhossensakal
11841,15786765,"Rafael Wrobel","2026-04-29 20:56:45",0.74401,1,rafaelwrobel
11842,15836134,"Ujjwal Tyagi #4","2026-05-10 07:06:13",0.74401,2,tyagi0001
11843,15839949,"Md Mojammel","2026-05-03 15:31:16",0.74401,1,mojammelnoaj4761
11844,15841347,"emine ferhan","2026-05-03 18:42:57",0.74401,2,emineferhan
11845,15841811,flutterpages,"2026-05-04 00:26:51",0.74401,7,flutterpages
11846,15844280,"Aadya Mishra288","2026-05-04 05:16:21",0.74401,1,aadyamishra288
11847,15887965,Sayoukoo,"2026-05-07 15:26:47",0.74401,1,sayoukoo
11848,15894097,"Devansh Patil","2026-05-08 06:16:20",0.74401,1,devanshpatil22
11849,15930290,"Danil Andreev","2026-05-11 17:00:20",0.74401,1,danilandreev
11850,15939700,"Li YitingJNU","2026-05-12 14:31:11",0.74401,1,liyitingjnu
11851,15401967,"Alexander Smallwood","2026-03-14 10:08:14",0.74162,1,alexandersmallwood
11852,15405173,"dr kandarp vidyarthi","2026-03-15 05:06:49",0.74162,1,drkandarpvidyarthi
11853,15406972,Kohe333T,"2026-03-15 12:47:34",0.74162,3,kohe333t
11854,13969494,benjifang,"2026-03-17 20:36:03",0.74162,1,benjifang
11855,15375949,"Gabriel Santana #3","2026-03-18 20:28:02",0.74162,1,gabrielsantanagti
11856,15440361,leojin,"2026-03-19 09:30:06",0.74162,1,tenderisleo
11857,15449490,"Chidella Akhil kumar","2026-03-20 13:55:38",0.74162,2,chidellaakhilkumar
11858,15454773,XueYimian,"2026-03-21 05:07:40",0.74162,5,xueyimian
11859,15460526,Lomnuer,"2026-03-22 02:45:55",0.74162,1,lomnuer
11860,15462962,"Baljinder SinghAI","2026-03-22 10:25:40",0.74162,1,baljindersinghai
11861,15378982,ice_soda,"2026-03-23 05:23:20",0.74162,1,icesoda
11862,15473868,chichi5678,"2026-03-23 21:05:01",0.74162,1,chichi5678
11863,15499644,UOM_210462E,"2026-03-27 07:18:18",0.74162,2,anupaperera112
11864,15514386,"Sherin Joseph","2026-03-29 20:25:05",0.74162,2,sherinannie29
11865,15516891,CodingLackey,"2026-03-31 01:53:11",0.74162,5,codinglackey
11866,15518537,xuzhexuan,"2026-03-31 05:44:35",0.74162,4,xzxlabiubiu
11867,15536276,tknkaa,"2026-04-02 05:12:19",0.74162,2,tknkaa
11868,15545807,"Yuekang Li0817","2026-04-03 09:46:02",0.74162,1,yuekangli0817
11869,15187590,"Ashmit Kumar BAKA","2026-04-04 14:22:57",0.74162,1,ashmitkumarbaka
11870,15556255,"Nicolas Fiore","2026-04-04 23:35:07",0.74162,2,nicolasfiore
11871,15558857,Gowtham4345,"2026-04-05 10:40:38",0.74162,2,gowtham4345
11872,15559272,"Muhammad Mahmoud","2026-04-05 12:26:07",0.74162,1,muhammadmahmoudfci
11873,15560470,AndreGabriel512,"2026-04-05 23:11:30",0.74162,2,andregabriel512
11874,15569371,"Zhao Yishuo","2026-04-07 07:18:11",0.74162,1,zhaoyishuo
11875,12421928,MarioPinto12,"2026-04-08 22:10:48",0.74162,1,mariopinto12
11876,15591698,"Advait Muley","2026-04-11 10:02:34",0.74162,4,advaitmuley09
11877,15601397,YosukeSa,"2026-04-12 08:08:25",0.74162,1,yosukesa
11878,15602166,"ayla vu","2026-04-12 10:54:47",0.74162,1,aylavu
11879,15603697,"Shourya 2006","2026-04-12 15:34:54",0.74162,1,shourya2006
11880,15604366,"Evelly rodrigues","2026-04-13 13:21:27",0.74162,1,evellyrodrigues
11881,15609697,"奉清政 ","2026-04-18 18:32:03",0.74162,2,lbd666
11882,15525745,"Arijeet das 04","2026-04-14 13:39:03",0.74162,3,arijeetdas04
11883,15616211,"Otto #6","2026-04-14 14:32:33",0.74162,1,ottoh1
11884,15630813,"cool sound","2026-04-16 12:26:57",0.74162,2,coolsound
11885,15641169,"karabey palta","2026-04-17 20:54:23",0.74162,2,karabeypalta
11886,15704551,tbc113,"2026-04-23 01:34:41",0.74162,1,tbc113
11887,15708118,Ruhinaaz,"2026-04-23 07:59:23",0.74162,1,ruhinaazz
11888,15720078,"Rohitha Srija Chitturi","2026-04-23 14:23:46",0.74162,1,rohithasrijachitturi
11889,15731013,"Rachith Anumalla","2026-04-24 12:25:54",0.74162,1,rachithanumalla
11890,15732394,"sami #5","2026-04-24 15:27:36",0.74162,1,studysami
11891,15734256,"Niveditha Kokkonda","2026-04-24 21:13:43",0.74162,2,nivedithakokkonda
11892,15734879,"Ritika Rajesh Pawar","2026-04-25 01:27:34",0.74162,1,ritikarajeshpawar
11893,15735910,ShivaliBaldawa_1,"2026-04-25 06:12:37",0.74162,1,shivalibaldawa1
11894,15747954,huhututuhututu,"2026-04-27 06:02:39",0.74162,2,huhututuhututu
11895,15747413,"Sofia Nguyen 314","2026-04-27 08:36:40",0.74162,3,sofianguyen314
11896,15753279,"Hayri kayhan","2026-04-27 16:30:08",0.74162,1,hayrikayhan
11897,15765232,qichenpeng,"2026-04-28 11:55:48",0.74162,1,qichenpeng
11898,15783900,"HARUE KAKIMOTO","2026-04-29 16:32:24",0.74162,1,haruekakimoto
11899,15803408,"Tanzina Rahman","2026-04-30 23:42:45",0.74162,3,tanzi1
11900,15823275,mürüvvet,"2026-05-02 04:27:28",0.74162,2,mrvvet
11901,15853185,"Raghad Alshrawneh","2026-05-04 18:44:46",0.74162,2,raghadalshrawneh
11902,757108,"Stefan 10","2026-05-07 14:22:44",0.74162,2,stefanselle
11903,15860370,malodwl,"2026-05-05 12:21:11",0.74162,3,malodwl
11904,8441735,"Brianna Ifft","2026-05-05 15:11:12",0.74162,1,bifft2
11905,15878066,"Lamija Kovacevic","2026-05-06 17:47:38",0.74162,1,lamijakovacevic
11906,15889678,"Ali Rouhani","2026-05-07 20:35:05",0.74162,9,alirouhaniopre
11907,15908457,"Shuichi Shimasaki","2026-05-09 09:41:52",0.74162,1,shuichishimasaki
11908,3437398,"Prakhar Pande","2026-05-09 18:47:53",0.74162,1,prakharpande
11909,15921303,EKI_Gruppe_15,"2026-05-10 18:11:15",0.74162,1,jkrae92
11910,15929351,TwelveDoors,"2026-05-11 15:01:07",0.74162,2,twelvedoors
11911,15937799,"Enric Chen","2026-05-12 10:40:48",0.74162,1,enricchen
11912,15398591,inRunout,"2026-03-13 17:26:37",0.73923,1,inrunout
11913,15352831,Thomas_zyxu,"2026-03-14 04:59:49",0.73923,1,thomaszyxu
11914,15395948,"Игорь Лашкевич","2026-03-14 14:32:54",0.73923,1,ilashkevich
11915,15404357,"Brandon Massman","2026-03-14 21:28:52",0.73923,1,brandonmassman
11916,15416794,KevinKoshy21,"2026-03-16 23:57:24",0.73923,1,kevinkoshy21
11917,15420938,"Rodrigo Castañeda Gutiérrez","2026-03-17 12:19:58",0.73923,1,rodricastaneda
11918,15421000,marco__grc,"2026-03-17 12:29:20",0.73923,1,marcogrc
11919,15421101,"Lexi #3","2026-03-17 12:42:18",0.73923,1,lexie7
11920,15422393,"Erkhan Turgunbaev","2026-03-17 15:44:26",0.73923,1,erkhanturgunbaev
11921,15435792,"King Nicholas","2026-03-18 21:45:13",0.73923,1,obsidionking
11922,15443439,"Tyler Johnson #4","2026-03-19 17:22:24",0.73923,1,tyrj51
11923,15454191,"Abdullayev Doniyor ","2026-03-21 01:51:08",0.73923,1,abdullayevdoniyor
11924,15457610,Chenshaoyang,"2026-03-21 14:40:04",0.73923,1,chenshaoyang
11925,15459117,"Anaïs Martins","2026-03-21 17:44:10",0.73923,1,anaismmartins
11926,15465523,alexseguinx,"2026-03-22 19:09:40",0.73923,1,alexseguinx
11927,14466298,"Rafael Rosa","2026-03-23 02:38:09",0.73923,4,rafaelarrosa
11928,15468161,YOU0000,"2026-03-23 07:25:32",0.73923,1,you0000
11929,15474799,"Abdulaziz allahim","2026-03-24 00:35:50",0.73923,1,abdulazizallahim
11930,15478891,"Raymond Goh #2","2026-03-24 13:59:33",0.73923,1,raymondgoh5275
11931,15515143,"Koushik Clarence","2026-03-30 02:06:28",0.73923,1,koushikclarence
11932,15515623,wwwwdddd,"2026-03-30 04:08:37",0.73923,1,wwwwdddd
11933,15531419,"Harry Millspaugh","2026-04-01 14:25:13",0.73923,1,harrymillspaugh
11934,15541963,"Maddy Johnston","2026-04-22 19:50:58",0.73923,4,maddyjohnston
11935,15537009,佐藤光男,"2026-04-03 04:20:55",0.73923,2,ryuka320
11936,14284704,Himachi,"2026-04-05 03:32:35",0.73923,2,himachi
11937,8974478,"Ajiboye Toluwalase","2026-04-05 11:31:30",0.73923,1,ajiboyetoluwalase
11938,15560506,"Anshika Rathore","2026-04-05 17:16:23",0.73923,1,anshikarth
11939,15564953,"Taras Khyzhniak","2026-04-06 12:34:10",0.73923,1,taraskhyzhniak
11940,15582819,"Smarter OS","2026-04-09 08:17:47",0.73923,1,smarteros
11941,15597011,"jian chen (ran)","2026-04-11 12:22:36",0.73923,1,jianchenran
11942,15602229,李白天以后,"2026-04-12 11:05:41",0.73923,1,ljb07xy
11943,15615896,์Nutchaphon,"2026-04-14 14:30:18",0.73923,4,nutchaphon
11944,13715627,tianlunzheng,"2026-04-15 14:59:59",0.73923,1,tianlunzheng
11945,15644688,Xornee,"2026-04-18 10:05:38",0.73923,1,xornee
11946,15648350,"Avanika Patil","2026-04-18 23:50:20",0.73923,5,avanikapatil
11947,15679137,"Bahira Hassan","2026-04-21 21:32:05",0.73923,1,bahiira
11948,15700328,P.Poojitha,"2026-04-22 16:11:31",0.73923,2,poojithap682
11949,15703002,"Rayan Hatem","2026-04-22 20:13:15",0.73923,1,rayanhatem
11950,15719736,"Rand ddddom","2026-04-23 13:41:11",0.73923,1,randddddom
11951,15721860,"Ahmet Burak Durukanoğlu","2026-04-23 18:02:55",0.73923,1,ahmetburakdurukanolu
11952,15729760,"Ammar Alasad","2026-04-24 11:25:42",0.73923,8,ammaralasad
11953,15735703,NehaVaishnav4,"2026-04-25 05:19:23",0.73923,1,nehavaishnav4
11954,15741226,jiangxiaofa,"2026-04-26 03:07:36",0.73923,3,jiangxiaofa
11955,15743994,Frama2723,"2026-04-26 13:34:24",0.73923,1,frama2723
11956,15747269,chendong888,"2026-04-27 03:27:33",0.73923,1,chendong888
11957,15766624,Totorosi,"2026-04-28 13:57:29",0.73923,1,totorosi
11958,13797771,"Rafia Anzum","2026-04-28 19:24:45",0.73923,2,rafiaanzum
11959,15780535,"Wen Weiye","2026-04-29 12:22:41",0.73923,1,wwy2004persist
11960,15785981,"Gustavo Cunha","2026-04-29 19:42:44",0.73923,2,gustavoscunha
11961,15787494,"BRUNA GALDÊNCIO SIQUEIRA SILVEIRA","2026-04-29 23:09:16",0.73923,1,brunagaldencio
11962,15811265,"Andrew #53","2026-05-01 08:37:37",0.73923,1,andrew727
11963,15844969,구구92,"2026-05-04 06:32:08",0.73923,1,kkiljh
11964,15860091,"Devlin Djauhari","2026-05-05 10:40:45",0.73923,3,devlindjauhari
11965,15860577,"Yanlong Shen","2026-05-05 11:50:07",0.73923,1,yanlongshen
11966,15886677,"Yutong Wu #2","2026-05-07 13:18:58",0.73923,1,yutongggggggg
11967,15888718,"Rebecca Koleth","2026-05-07 16:58:05",0.73923,1,rebeccakoleth
11968,15888789,"Laith #2","2026-05-07 17:06:35",0.73923,1,laitha1
11969,15891710,VictorLizzy,"2026-05-08 00:24:51",0.73923,1,victorlizzy
11970,15906827,"Aditya #44","2026-05-09 07:09:42",0.73923,1,adityaadhi
11971,14381076,"Risa Ujihara","2026-05-09 08:01:39",0.73923,1,risaujihara
11972,15918681,JuFaust,"2026-05-10 12:38:25",0.73923,1,jufaust
11973,15919077,"Онищенко Юрій Леонідович","2026-05-10 13:29:02",0.73923,1,onyshchenkoyuriichnu
11974,15922566,"aya 178","2026-05-10 23:20:02",0.73923,1,aya178
11975,15398987,"Jie Yeo","2026-03-13 19:41:01",0.73684,2,jieyeo
11976,15052466,"Sebastian Farfan Lara","2026-03-19 00:01:21",0.73684,3,sebastianfarfanlara
11977,15395926,Vcp1919,"2026-03-15 12:45:36",0.73684,1,vcp1919
11978,15416676,ZetgameFox,"2026-03-17 12:25:00",0.73684,2,zetgamefox
11979,15420211,Anson107,"2026-03-17 10:41:24",0.73684,1,anson107
11980,15420779,"Showbreaker w","2026-03-17 12:15:35",0.73684,2,showbreakerw
11981,5464745,"Gina XU","2026-03-18 04:22:06",0.73684,1,ginaxu
11982,15447105,"Chirel Chi","2026-03-20 06:51:14",0.73684,1,chirelchi
11983,15447474,"Joe Lyu","2026-03-20 08:25:32",0.73684,3,joelyu
11984,15453050,"Азамат Аманов","2026-03-20 18:48:10",0.73684,1,amanovvv
11985,15455603,imminjuuuu,"2026-03-21 08:14:25",0.73684,1,imminjuuuu
11986,15459753,"Annam Hema Kumar","2026-03-21 20:00:15",0.73684,3,annamhemakumar25
11987,15465456,"Oliver Nikolajevic","2026-03-22 18:48:08",0.73684,1,olivernikolajevic
11988,15468382,Leejaein,"2026-03-23 08:07:25",0.73684,1,dlapdlf709
11989,15469899,"Abhinav Joshi","2026-03-23 11:58:02",0.73684,1,abhinavj05
11990,15478489,cjen07,"2026-03-24 12:57:22",0.73684,1,cjen07
11991,15490746,"Elijah Cintron","2026-03-26 03:11:41",0.73684,3,elijahcintron1
11992,15496345,"Chinthaka Dissanayake","2026-03-26 16:49:00",0.73684,2,chinthaka07
11993,15499108,hfxxxx,"2026-03-27 03:25:14",0.73684,1,hfxxxx
11994,15504706,板橋紀子,"2026-03-28 00:35:55",0.73684,1,mothimaru
11995,15507664,wxiiiiiiii,"2026-03-29 02:03:08",0.73684,5,wxiiiiiiii
11996,15509989,xieliping,"2026-03-29 02:13:33",0.73684,2,xieliping
11997,15511542,lingsuia1,"2026-03-29 09:37:00",0.73684,2,lingsuia1
11998,15512788,zhyhyhyhyhy,"2026-03-29 13:50:56",0.73684,1,zhyhyhyhyhy
11999,15513180,"Zhu Xueting","2026-03-29 14:58:53",0.73684,1,zhuxueting200505
12000,15555920,"Haslain Ansari","2026-04-04 18:59:21",0.73684,1,haslainansari
12001,15558455,hana.miyak06,"2026-04-05 08:42:49",0.73684,1,hanasebl0
12002,13615101,Ligala,"2026-04-09 16:51:39",0.73684,2,ligala
12003,15586360,"Diego Kaique","2026-04-09 19:38:48",0.73684,2,diegokaique
12004,15591887,Zentrix,"2026-04-10 17:27:51",0.73684,1,zentrix
12005,15592791,"Daniil #9","2026-04-10 20:43:04",0.73684,1,tsimbal
12006,15599238,"Shaheer Qureshi","2026-04-11 19:53:00",0.73684,1,sherryqureshi
12007,15603805,"Ankit Jha #5","2026-04-12 15:54:16",0.73684,1,ankitjha006
12008,15613735,"M.V.B Vijay","2026-04-14 07:03:08",0.73684,2,mvbvijay
12009,15623287,"Daun Jung","2026-04-16 07:57:34",0.73684,11,hvthcan
12010,15658891,"Timon Wolf","2026-04-20 13:23:10",0.73684,6,timonwolf
12011,15660298,"Yoshiyuki Endo","2026-04-20 15:39:31",0.73684,1,yoshiyukiendo
12012,15029370,"Ghulam Muhammad Nabeel","2026-04-21 13:45:28",0.73684,1,nabeelqureshitiii
12013,15698970,Pavithra708,"2026-04-22 14:06:41",0.73684,1,pavithra708
12014,15721147,"Santhosh Subasinghe","2026-04-23 16:28:09",0.73684,2,santhoshsubasinghe
12015,15723803,"YUKTA BANSAL","2026-04-24 01:42:41",0.73684,1,yuktabansal1907
12016,15726519,"shradha kubal","2026-04-24 06:13:01",0.73684,1,ssharda204
12017,15732233,promega,"2026-04-24 15:08:53",0.73684,2,promega
12018,14752830,Stat-Hao,"2026-04-25 08:22:20",0.73684,1,stathao
12019,15751800,"Amoka Nandhini R","2026-04-27 14:51:13",0.73684,2,amokanandhinir
12020,15771776,"Amin Elayed","2026-04-28 21:10:49",0.73684,1,aminelayed
12021,15792391,notguava,"2026-04-30 07:50:50",0.73684,2,notguava
12022,15829038,Bera,"2026-05-02 14:25:33",0.73684,1,rakeyma
12023,15852308,"Jodie Lai","2026-05-04 16:40:48",0.73684,1,digitalhorse
12024,15876748,"than man 676","2026-05-06 15:38:39",0.73684,2,thanman676
12025,15880851,VN00000,"2026-05-07 02:36:10",0.73684,1,vn00000
12026,15910406,Abstraction369,"2026-05-09 13:09:20",0.73684,1,abstraction369
12027,15926936,"高二10班Carol和Tony's Father——Alan罗君麟24","2026-05-11 10:46:04",0.73684,1,nikolakovacs
12028,15375481,"Keita Suzuki #2","2026-03-13 15:43:16",0.73444,1,keitasuzuki593
12029,15402434,王保保的保保,"2026-03-14 11:54:06",0.73444,1,wbb666
12030,15407608,"chang shao 123","2026-03-15 14:46:43",0.73444,4,changshao123
12031,15421189,"Doris Lam","2026-03-17 13:09:17",0.73444,4,dorislam080808
12032,12467545,"Rudra Phalnikar","2026-03-25 05:31:24",0.73444,1,rudraphalnikar
12033,3964946,Sakuya,"2026-03-25 07:46:50",0.73444,1,sakuya
12034,15517337,RobSaunders123,"2026-03-30 09:39:04",0.73444,1,robsaunders123
12035,15527830,"Vanitha Eswaran","2026-04-01 21:09:25",0.73444,1,vanithaeswaran
12036,15537974,zdanovic,"2026-04-02 11:56:50",0.73444,3,zdanovic
12037,15585592,"Lars Andreas Ek","2026-04-09 16:44:40",0.73444,1,larsandreasek
12038,15617403,"Manjeri Ruhela","2026-04-14 18:41:39",0.73444,1,manjeriruhela
12039,15641550,"MEHMET NADİR","2026-04-17 22:55:58",0.73444,1,mehmetnadr
12040,15659160,Leon4334,"2026-04-20 12:42:08",0.73444,1,leon4334
12041,15661787,DANG301,"2026-04-20 19:57:37",0.73444,1,dang301
12042,15670664,"koi madio","2026-04-21 12:03:34",0.73444,1,koimadio
12043,15671154,"Nouran Lahzy","2026-04-21 13:15:49",0.73444,1,nouranlahzy
12044,15695604,fuzhaohui,"2026-04-22 10:10:40",0.73444,1,fuzhaohui
12045,15738508,"Pin wei Liao","2026-04-26 11:54:02",0.73444,19,pinweiliao
12046,15749641,"Devansh Litoriya","2026-05-09 19:11:30",0.73444,2,devanshlitoriya
12047,15872062,IsabellaDra,"2026-05-06 11:10:10",0.73444,3,isabelladra
12048,15880661,angryorca,"2026-05-07 02:58:22",0.73444,3,angryorca
12049,15876778,"Eli Chandrasekhar","2026-05-07 03:24:36",0.73444,4,elichandrasekhar
12050,15900371,"Urwa Khalid","2026-05-08 16:23:09",0.73444,1,urwakhalid
12051,15397224,wqmtgo,"2026-03-13 12:49:28",0.73205,1,wqmtgo
12052,15402789,"Babek Nasirov","2026-03-14 13:24:45",0.73205,1,babeknasirov
12053,15407835,pal-invent,"2026-03-15 15:17:15",0.73205,1,palinvent
12054,15432490,xlbyqa,"2026-03-19 06:06:42",0.73205,2,xlbyqa
12055,13187222,NNN213,"2026-03-21 21:36:12",0.73205,1,nnn213
12056,15468468,woawoal,"2026-03-23 08:48:37",0.73205,4,woawoal
12057,15470964,"Marharyta Averkina","2026-03-23 14:12:50",0.73205,1,marharytaaverkina
12058,15476560,RavenTeacup,"2026-03-24 06:58:03",0.73205,1,raventeacup
12059,15483664,EchoIdris,"2026-03-25 09:45:05",0.73205,1,echoidris
12060,15484470,Saratou,"2026-03-25 11:48:28",0.73205,1,sarahchipkaou
12061,15493074,"maksim simonov1","2026-03-26 08:44:40",0.73205,1,maksimsimonov1
12062,15496699,Jashanpreet37,"2026-03-26 17:49:14",0.73205,1,jashanpreet37
12063,15501360,mmm121322,"2026-03-27 11:05:12",0.73205,1,mmm121322
12064,15511566,l1689961653,"2026-03-29 09:41:27",0.73205,1,l1689961653
12065,15511997,liuaohan,"2026-03-29 11:33:27",0.73205,1,liuaohan
12066,15512877,tfncga,"2026-03-29 14:06:24",0.73205,1,tfncga
12067,15527912,Eweniar,"2026-04-01 03:21:13",0.73205,1,eweniar
12068,15529898,派小星星,"2026-04-01 09:45:13",0.73205,1,paixxx
12069,15551235,"Rodrigo Ribeiro #3","2026-04-04 00:06:59",0.73205,2,rodrigoribeiro231
12070,9547243,choisoobong,"2026-04-07 12:47:14",0.73205,2,choisoobong
12071,15590296,"tangfan zhang","2026-04-10 12:11:02",0.73205,1,tangfanzhang
12072,15608513,cynlei,"2026-04-13 11:19:11",0.73205,1,cynlei
12073,15612842,hohu666,"2026-04-14 04:14:04",0.73205,1,hohu666
12074,1600029,rscq,"2026-04-16 02:08:44",0.73205,2,rscqrscq
12075,15621115,"Ahmet yusuf Bursal","2026-04-15 09:44:32",0.73205,1,ahmetyusufbursal
12076,15622205,Eliias123,"2026-04-15 12:19:33",0.73205,1,eliias123
12077,15636028,kkkkkeeeeennnnn,"2026-04-17 06:47:24",0.73205,1,kkkkkeeeeennnnn
12078,15641815,"OpenCanvas Pro","2026-04-30 17:34:33",0.73205,10,opencanvaspro
12079,15643772,"mayu maru","2026-04-18 07:27:07",0.73205,1,mayumaru
12080,15654970,Jasonkim71,"2026-04-20 02:14:32",0.73205,4,jasonkim71
12081,15658594,Schmazda,"2026-04-20 11:19:56",0.73205,4,schmazda
12082,15660884,"ALOKAM RUCHITH","2026-04-20 17:22:17",0.73205,1,alokamruchith
12083,15670338,"Hu Yingjie/KINO","2026-04-27 09:21:34",0.73205,11,huyingjiekino
12084,15711357,china王玺越,"2026-04-23 10:28:26",0.73205,1,wxy2006
12085,15737297,xylalala,"2026-04-25 10:33:54",0.73205,1,xylalala
12086,15758773,"Manuela Cintra Marques","2026-04-28 02:34:38",0.73205,1,manuelacintramarques
12087,15768662,"Ntins K","2026-04-28 16:27:30",0.73205,1,ntinsk
12088,15834466,Jingyiwang0629,"2026-05-03 05:05:08",0.73205,1,jingyiwang0629
12089,15860126,"Alex Do #2","2026-05-05 10:45:14",0.73205,1,alexxxxdo
12090,15867451,"HALİL İBRAHİM ATAŞ","2026-05-05 22:08:52",0.73205,1,hallbrahmata
12091,15885464,"Harsha Padmanabhan","2026-05-07 11:16:27",0.73205,2,harshatechster
12092,15887669,"Arnav Gupta #6","2026-05-07 14:59:54",0.73205,1,arnavgupta243444
12093,15898418,"Pramod Gouda28","2026-05-08 13:27:13",0.73205,1,pramodgouda28
12094,15902773,"Luan R. Leal","2026-05-08 20:41:37",0.73205,1,luanrleal
12095,15908748,DawidWSEI,"2026-05-09 10:17:06",0.73205,1,dawidwsei
12096,15930236,"Arseniy Leontev","2026-05-12 03:59:24",0.73205,2,arseniyleontev
12097,11850348,"Kernel Llanes","2026-03-14 14:00:36",0.72966,1,kernelllanes
12098,15419546,"Jason Suyanto","2026-03-17 09:02:46",0.72966,2,jasonsuyanto
12099,15455928,"Michael Nsentip Okon","2026-03-21 09:33:13",0.72966,1,michaelnsentipokon
12100,15468812,"Dipankar Swargiary","2026-03-23 09:49:08",0.72966,2,dipankarswargiary
12101,15485551,abdelhri,"2026-03-25 14:48:18",0.72966,2,abdelhri
12102,15522469,"Sairam Vaidyanathan","2026-03-31 05:32:14",0.72966,1,sairamv1
12103,15577290,LisiRuian,"2026-04-08 12:29:46",0.72966,1,lisiruian
12104,15011846,"Raed Omri","2026-04-08 16:22:06",0.72966,5,raedomri
12105,15591493,Gautam_36k,"2026-04-10 16:06:35",0.72966,1,gautam36k
12106,15602256,"Abdulmumin Abubakar","2026-04-12 11:10:47",0.72966,1,codesmithabba
12107,15633570,IIT-2023-71,"2026-04-16 19:41:38",0.72966,1,iit202371
12108,15644681,"Filip Rzeszowski","2026-04-18 10:05:26",0.72966,1,filiprzeszowski
12109,15648428,lasist,"2026-04-18 22:50:06",0.72966,1,lasist
12110,15722123,"соня костенко","2026-04-23 18:40:06",0.72966,1,sofakostenko
12111,15732006,phobians,"2026-04-24 14:52:44",0.72966,3,phobians
12112,15768685,PinkSnowflake,"2026-04-28 16:34:11",0.72966,2,pinksnowflake
12113,15791254,yuzz,"2026-04-30 06:06:44",0.72966,4,yuzz212
12114,15826332,"Yot on a yacht","2026-05-02 09:10:05",0.72966,1,yotonayacht
12115,15845077,"William Thomas1223","2026-05-04 08:32:58",0.72966,10,williamthomas1223
12116,15846576,"William Thomas","2026-05-04 09:03:34",0.72966,10,williamthomas122
12117,15853111,MATTHEWMCH,"2026-05-04 18:29:25",0.72966,1,matthewmch
12118,15858582,duccio03,"2026-05-05 07:31:45",0.72966,1,duccio03
12119,15860338,mara_prob,"2026-05-05 11:19:20",0.72966,1,maraprob
12120,15876772,JohnSinchi,"2026-05-07 19:54:08",0.72966,2,johnsinchi
12121,15886277,"Ahmad Raza #3","2026-05-07 12:31:57",0.72966,1,ahmad659
12122,15401151,sudhanshu0032,"2026-03-14 07:35:32",0.72727,1,sudhanshu0032
12123,15492800,hjhjhjhj,"2026-03-26 08:12:47",0.72727,2,woshihj
12124,15508787,Normac,"2026-03-28 18:01:49",0.72727,1,normac
12125,15512654,Yuchengfei,"2026-03-29 13:24:45",0.72727,1,yuchengfei
12126,15516119,"Rishabh Kumar #4","2026-03-30 05:57:05",0.72727,1,rkadee
12127,15558712,"MD A AMAUN","2026-04-05 09:53:13",0.72727,1,mdaamaun
12128,15594679,"Nikolay Barkhatov","2026-04-11 05:47:35",0.72727,1,nikolaybarkhatov
12129,15597304,ᄋᄋᄋᄋ,"2026-04-11 13:14:51",0.72727,1,simjaewoan
12130,15608898,xiaocuo,"2026-04-13 12:27:27",0.72727,1,xiaocuok
12131,15647530,WangYuLing,"2026-04-18 18:47:16",0.72727,1,wangyuling
12132,15662130,"Yunus EROL","2026-04-20 20:52:38",0.72727,2,yunuserol91
12133,15720210,Elean0ra,"2026-04-23 14:39:08",0.72727,1,elean0ra
12134,15728325,"ANUJ MAURYA","2026-04-24 06:49:35",0.72727,1,anujmaurya1
12135,15721277,Xenia@7,"2026-04-24 18:33:20",0.72727,5,xenia7
12136,15737798,"Andrii Kucherenko5","2026-04-25 12:07:11",0.72727,1,andriikucherenko5
12137,15738871,Spades_Archduke,"2026-04-25 15:20:03",0.72727,1,spadesarchduke
12138,15774653,"Tockm li","2026-04-29 03:40:28",0.72727,1,tockmli
12139,15787332,"Andrei-Eusebiu Popirda","2026-04-29 22:33:27",0.72727,1,andreieusebiupopirda
12140,15846591,wenxuhuang,"2026-05-04 08:42:56",0.72727,1,fallindawn
12141,15883704,tingwei.lin@nchu,"2026-05-07 07:55:45",0.72727,1,tingweilinnchu
12142,15484874,"Zərifə Msyv","2026-03-25 13:04:31",0.72488,1,zrifmsyv
12143,10370874,Cosheimil,"2026-03-25 16:40:16",0.72488,1,cosheimil
12144,15499067,"Nanami Sato","2026-03-27 03:19:16",0.72488,1,nanamisato
12145,15505338,"Eshan #3","2026-03-28 04:33:48",0.72488,1,eshan17
12146,15510693,"lu gaolu","2026-03-29 06:19:04",0.72488,1,lugaolu
12147,15526732,Materwan,"2026-03-31 20:30:38",0.72488,1,materwan
12148,15534293,"Dong man Gao shou","2026-04-02 00:06:09",0.72488,1,dongmangaoshou
12149,7536305,"Gunjan Sarkar","2026-04-09 09:12:16",0.72488,1,gunjangrunge
12150,15601277,shikhar_verma,"2026-04-12 07:37:40",0.72488,1,vermashikhar
12151,15622836,"Maram Bouchrit","2026-04-15 14:23:37",0.72488,1,marambouchrit
12152,15647050,"Ali Oktay BOBUŞ","2026-04-18 16:58:24",0.72488,2,alioktaybobu
12153,15651530,"dsdsds #3","2026-04-19 13:24:33",0.72488,3,eotjde
12154,15658662,"Marcel Pistor","2026-04-20 11:19:14",0.72488,1,marcelpistor
12155,15671482,"Leon Rösinger","2026-04-21 14:12:20",0.72488,2,leonrsinger
12156,436209,"Nacho Benito","2026-04-22 20:05:41",0.72488,1,nachobenito
12157,15702952,"Francisco José Fernández Pedraz","2026-04-22 20:05:43",0.72488,1,franciscofdezpedraz
12158,15795330,Padelly,"2026-04-30 11:12:29",0.72488,1,padelly
12159,15868476,"Bruno Móres","2026-05-06 01:23:37",0.72488,1,bytbruno
12160,15408544,Mumtahina,"2026-03-15 18:11:50",0.72248,1,mumtio
12161,15413043,"Yuening Wang","2026-03-17 07:03:24",0.72248,2,evelynywang
12162,15460435,Takanori_Nagai_1001,"2026-03-22 02:03:27",0.72248,1,takanorinagai1001
12163,15473429,"archita biswal","2026-03-23 19:39:22",0.72248,1,architabiswal12
12164,15474630,pazzosni,"2026-03-24 00:05:40",0.72248,1,pazzosni
12165,15510647,"Jay Prasad Majhi","2026-03-29 06:06:23",0.72248,1,jayprasadmajhi
12166,15510883,Polarisette,"2026-03-29 07:46:26",0.72248,3,polarisette
12167,15511175,"Wang Zhi","2026-03-29 08:15:41",0.72248,2,wangzhi0
12168,15573194,jp9231,"2026-04-07 19:06:13",0.72248,1,jp9231
12169,15597151,"Antonio Saliba","2026-04-11 12:51:39",0.72248,2,antoniosaliba
12170,15702965,"Iñaki Alfaro Gómez","2026-04-22 20:08:21",0.72248,1,iakialfarogmez
12171,15734477,"Mike Gerhardt","2026-04-24 22:24:14",0.72248,1,mikegerhardt
12172,15766007,yici1131,"2026-04-28 13:00:26",0.72248,1,yici1131
12173,15778588,孫郁容syrung,"2026-04-29 09:42:19",0.72248,1,syrung
12174,15824233,"LIU jia rui","2026-05-02 05:53:07",0.72248,1,s114021103
12175,15826172,"_o ItzMarco","2026-05-02 08:54:19",0.72248,1,oitzmarco
12176,15830391,chinesejedward,"2026-05-02 16:48:44",0.72248,3,chinesejedward
12177,15832595,"Samuel Davin Soegianto","2026-05-02 21:43:55",0.72248,2,samueldavinsoegianto
12178,15897190,"Jinsa Mariam Thomas","2026-05-08 11:24:27",0.72248,1,jinsamariamthomas
12179,15936595,"Daniel Černý","2026-05-12 07:53:58",0.72248,2,danielern72
12180,15936835,"Priyanshu Nanda","2026-05-12 08:31:25",0.72248,2,priyanshupn23
12181,15454456,"Gopal Kataria","2026-03-21 03:14:05",0.72009,1,gopalkataria
12182,15468454,"chan #7","2026-03-23 08:28:47",0.72009,2,swissbird00
12183,15579068,Alice7371,"2026-04-08 18:10:15",0.72009,1,alice7371
12184,15644692,"Maciek Krawczyk","2026-04-18 10:06:10",0.72009,1,maciekkrawczyk
12185,6536672,JJzzFl,"2026-04-23 08:49:37",0.72009,1,jjzzfl
12186,15746011,HighHorizon,"2026-04-26 20:20:03",0.72009,1,highhorizon
12187,15761674,"Olin Benjamin V Paurom","2026-04-28 07:12:20",0.72009,2,olinbenjaminvpaurom
12188,15939019,"Farah Yakoubii","2026-05-12 13:20:18",0.72009,1,farahyakoubii
12189,15402615,dkfrkawk,"2026-03-14 12:44:11",0.71770,1,dkfrkawk
12190,15433358,kiennguyen0420595,"2026-03-19 03:22:56",0.71770,2,kiennguyen0420595
12191,15565529,Riku777,"2026-04-06 14:23:58",0.71770,1,riku777
12192,15565666,hua_Z,"2026-04-06 14:47:54",0.71770,1,huazzzz
12193,15598012,"Peter Chen #7","2026-04-11 15:18:38",0.71770,1,m744866079
12194,15685592,"MINCHEOL JEE","2026-04-22 03:24:26",0.71770,8,mincheoljee
12195,15734519,chuanchuan2,"2026-05-03 00:25:19",0.71770,3,chuanchuan2
12196,15854591,"Junior Sombra","2026-05-05 08:06:36",0.71770,5,juniorsombra
12197,15868428,"Gustavo Reis","2026-05-06 01:17:13",0.71770,1,ogustavoreis
12198,13847020,"Tyler Fell","2026-05-12 04:48:45",0.71770,2,tylerfell
12199,15377531,LHL,"2026-03-15 13:05:45",0.71531,1,fuffn03
12200,15245156,avadik,"2026-03-16 07:37:58",0.71531,1,avadik
12201,15412131,DKJSLFJ,"2026-03-16 09:31:34",0.71531,2,dkjslfj
12202,15412516,wjdtnqls,"2026-03-16 09:56:57",0.71531,3,wjdtnqls
12203,15412051,"sung jun park5656","2026-03-16 10:02:27",0.71531,2,sungjunpark5656
12204,15421119,"sumit singh #2","2026-03-17 12:44:48",0.71531,2,sumit2900
12205,15439704,pajamlabs,"2026-03-19 07:51:07",0.71531,1,pajamlabs
12206,15468936,"Vishnu Prabhakar17","2026-03-23 09:34:39",0.71531,1,vishnuprabhakar17
12207,15517200,"Akshaya #4","2026-03-30 09:14:33",0.71531,1,akshaya33237
12208,15521411,"Noah Beaudoin","2026-03-31 01:02:29",0.71531,1,noahbeaudoin
12209,15569634,IEEM26_111034046,"2026-04-07 08:15:38",0.71531,1,billyyuu
12210,15571929,IEEM1110324102,"2026-04-07 15:03:13",0.71531,1,ieem1110324102
12211,15672840,"Gianluca Pasquinelli","2026-04-21 16:21:58",0.71531,1,pasquinelli
12212,15691399,"Ezra Steinberg","2026-04-22 21:22:58",0.71531,7,ezrasteinberg
12213,15749835,"Villu Künnap","2026-04-27 10:56:36",0.71531,2,villuknnap
12214,15817297,ZiminEM,"2026-05-01 15:47:31",0.71531,2,ziminem
12215,15824017,田中次郎,"2026-05-02 05:30:04",0.71531,1,ceaselessprogs
12216,3583338,"Martin Cho","2026-05-07 12:26:36",0.71531,1,nav153
12217,15904658,giffty1,"2026-05-09 02:23:22",0.71531,1,giffty1
12218,15904665,mjmj524,"2026-05-09 02:24:07",0.71531,1,mjmj524
12219,15904664,indianhs,"2026-05-09 02:30:34",0.71531,1,indianhs
12220,15904663,parksolomon,"2026-05-09 02:32:28",0.71531,1,parksolomon
12221,15904669,gaka@molly,"2026-05-09 02:32:39",0.71531,1,gakamolly
12222,15928449,watsun__desu,"2026-05-11 13:26:45",0.71531,1,watsundesu
12223,15556637,"Pepe Huerto","2026-04-05 01:14:07",0.71291,6,pepehuerto
12224,15624849,YoussefChatit121212,"2026-04-15 22:18:52",0.71291,1,youssefchatit121212
12225,15698652,Jojo56627,"2026-04-22 13:47:05",0.71291,2,jojo56627
12226,15740245,"Isabelle Schulz","2026-04-25 20:13:53",0.71291,1,isabelleschulz
12227,15744964,"Abdulrahman Mahio Silm","2026-04-26 16:19:41",0.71291,1,abdulrahmanmahiosilm
12228,15157113,"Daniil Pulatov","2026-05-04 09:04:37",0.71291,1,daniilpulatov
12229,15875864,wangwenfeng0526,"2026-05-06 14:18:40",0.71291,1,wangwenfeng0526
12230,15876774,KVELEDINTINNE,"2026-05-06 15:23:01",0.71291,1,kveledintinne
12231,15522260,"Dương Nguyễn Văn","2026-03-31 06:53:29",0.71052,2,fabego
12232,14714414,"Ahmed Hassan #7","2026-04-02 21:45:19",0.71052,1,ahmedhassan01
12233,15563229,Lakshya3690,"2026-04-06 06:12:16",0.71052,1,lakshya3690
12234,15611196,"Andreas Polke","2026-04-13 20:15:45",0.71052,1,apolke
12235,15578628,luoyee_Thomas,"2026-04-29 12:09:36",0.71052,3,luoyeethomas
12236,15661630,"Илья #3","2026-04-20 19:38:22",0.71052,3,ovflw1
12237,15925992,"Harshitha Velagala","2026-05-11 09:04:23",0.71052,1,harshithavelagala
12238,15457454,TheMaple4914,"2026-03-21 14:22:03",0.70813,1,themaple4914
12239,15520962,"Kenshin Saito","2026-04-03 23:14:37",0.70813,2,kenshinsaito
12240,15536956,"Junior Raymond T Johane","2026-04-02 07:03:00",0.70813,2,juniorraymondtjohane
12241,15564209,"doro denn","2026-04-06 09:49:10",0.70813,1,dorodenn
12242,15228395,野原明粋,"2026-04-08 10:49:24",0.70813,1,anohara
12243,15396495,"Lavanya K S","2026-04-26 09:39:36",0.70813,2,lavanyakemmara
12244,15788348,Aaa404notfound,"2026-04-30 01:24:35",0.70813,1,aaa404notfound
12245,15830996,"Sarp Esenli","2026-05-02 17:39:22",0.70813,1,sarpda
12246,15454668,"Edwin Nate","2026-03-22 04:23:12",0.70574,8,edwinnate
12247,2619646,abhilash24,"2026-03-21 18:06:28",0.70574,1,abhilash24
12248,15529997,"Suriwas Atitanakyry","2026-04-01 10:31:54",0.70574,3,suriwasatitanakyry
12249,15559869,"Thananchanok Phiboon","2026-04-05 14:47:58",0.70574,1,thananchanokphiboon
12250,15560578,"Alimi Sara Gankou","2026-04-05 17:31:30",0.70574,1,alimisara
12251,15654193,"Mimi P. Rojas de Metz","2026-04-19 21:47:15",0.70574,1,mimirojas
12252,15759249,xxoolizzieooxx,"2026-04-28 03:29:01",0.70574,1,xxoolizzieooxx
12253,15849807,Ryo_Ishida_Japan,"2026-05-04 11:47:01",0.70574,1,ryoishidajapan
12254,15901386,"Laura Sarbu","2026-05-08 18:05:45",0.70574,1,laurasarbu
12255,15924915,"Tharmika sivapatham","2026-05-11 06:57:11",0.70574,1,tharmikasivapatham
12256,15452427,DarthCarson,"2026-03-21 18:47:34",0.70334,5,darthcarson
12257,15561816,K0nsehal,"2026-04-06 00:21:00",0.70334,1,k0nsehal
12258,15786173,"mike melnikov","2026-04-29 20:23:40",0.70334,6,mikemelnikov
12259,15840709,"Asmaa Idris","2026-05-03 17:06:58",0.70334,1,asmaaidris
12260,15843620,"Clare Hedemark","2026-05-04 04:20:05",0.70334,4,clarehedemark
12261,15519863,"Abhinav Tiwari","2026-03-30 17:44:29",0.70095,2,eren4710
12262,15591794,"Tadatomo Nakamura","2026-04-10 17:06:29",0.70095,1,tadatomonakamura
12263,15597457,"[Deleted] eb2c6f62-bd14-449a-b5ad-08cc53ceb5c3","2026-04-11 13:42:36",0.70095,1,del=08370e1829260333
12264,15876654,"Lorenzo Adduci","2026-05-06 15:08:32",0.70095,1,lorenzoadduci
12265,15406859,DOBOKU_KENSETSU,"2026-03-15 12:32:16",0.69856,2,dobokukensetsu
12266,15578771,"Alice Lin #2","2026-04-08 16:59:28",0.69856,2,alicelinjsk
12267,15599398,"Crizelle Pena","2026-04-11 20:59:50",0.69856,3,crizellepena
12268,15871503,"Masaki Yamazaki","2026-05-06 06:40:31",0.69856,1,masakiyamazaki
12269,15406115,2253005,"2026-03-15 09:43:57",0.69617,1,chenyuxin0618
12270,15443267,aranta,"2026-03-19 16:59:20",0.69617,1,aranta
12271,15480400,"RITUPARNA BASAK","2026-03-24 19:15:36",0.69617,4,rituparnabasak
12272,15496759,"Wak Kajal","2026-03-26 18:49:48",0.69617,2,wakkajal
12273,15586386,"Rebecca Irlin","2026-04-09 19:46:20",0.69617,1,rebeccairlin
12274,15592825,"Sebastian Escobedo Padilla","2026-04-10 20:56:11",0.69617,2,sebastianescpa
12275,13757047,BILLYGUN,"2026-04-18 16:21:19",0.69617,3,billygun
12276,15841881,"Rishi Sharma #3","2026-05-03 20:10:12",0.69617,2,rishisharma2502
12277,15891352,"Bruna Giovanella","2026-05-09 20:18:16",0.69617,1,brunagiovanella
12278,15915983,anilreddy.1980,"2026-05-10 06:00:38",0.69617,1,anilreddy1980
12279,15931193,tmarchenko@ukr.net,"2026-05-11 19:16:31",0.69617,1,tmarchenkoukrnet
12280,15936150,"William Khalim","2026-05-12 08:04:36",0.69617,4,williamkhalim
12281,15406489,"Kavyansh Mishra","2026-03-15 10:58:27",0.69377,1,kavyanshmishra
12282,14312447,"Justas Kvederis","2026-03-19 12:28:35",0.69377,3,justaskvederis
12283,15496011,Maxime10,"2026-03-26 15:56:06",0.69377,1,maxime10
12284,12228193,"Roy Zheng","2026-04-04 01:57:33",0.69377,3,gr00vingm0nkey
12285,2834878,"Ibrahim Bouabdallaoui","2026-04-19 18:12:12",0.69377,1,movich
12286,15855413,KSuzuki,"2026-05-05 03:09:18",0.69377,1,keeeeeeee
12287,15420448,ZQCXXC,"2026-03-17 11:14:19",0.69138,1,zqcxxc
12288,15464411,Qiuoyu,"2026-03-22 14:35:03",0.69138,1,qiuoyu
12289,15632569,ARamesan,"2026-04-16 16:46:01",0.69138,1,arjunramesan
12290,15915565,Arukyan,"2026-05-10 04:40:50",0.69138,1,arukyan
12291,15429873,"Vaibhav #15","2026-03-18 09:00:57",0.68899,1,vaibhav2910
12292,15616988,RFerreiraLabs,"2026-04-14 17:06:53",0.68899,1,rferreiralabs
12293,12010731,"Marissa Kuehn","2026-04-23 14:41:43",0.68899,5,marissakuehn
12294,15745243,"Hanwen Li","2026-04-26 17:16:52",0.68899,1,yearnsnow
12295,15833385,"ccL 499","2026-05-03 02:00:52",0.68899,1,ccl499
12296,15881803,sun_moonlay,"2026-05-07 04:42:01",0.68899,1,sunmoonlay
12297,15923169,SciFi_Techno,"2026-05-11 04:04:32",0.68899,3,scifitechno
12298,15425087,Sherwin,"2026-03-17 20:29:01",0.68660,2,niwrehs
12299,8776770,"Kacper Ziemecki","2026-04-07 18:38:51",0.68660,3,kacperziemecki
12300,9712160,"Dharun Ramesh","2026-04-22 16:06:52",0.68660,1,dharunramesh
12301,15841431,"Sium Ahameed Bhuiyain","2026-05-03 19:34:51",0.68660,4,siumahameedbhuiyain
12302,15888459,"Stefano Barbaro","2026-05-07 16:30:31",0.68660,1,stefanobarbaro
12303,15891787,EvanFMeyer,"2026-05-08 00:39:11",0.68660,1,evanfmeyer
12304,15891788,TJx4462,"2026-05-08 00:39:18",0.68660,1,tjx4462
12305,15338631,dzimbo,"2026-03-19 13:22:44",0.68421,1,dzimbo
12306,15494133,"Xiang Mu","2026-03-27 05:29:28",0.68421,3,itsxiangmu
12307,15519095,"Iryna Hrytsenko","2026-03-30 15:19:16",0.68421,1,irynahrytsenko007
12308,15318943,庄子優真,"2026-03-31 10:11:08",0.68421,2,kopq354
12309,15525398,AzadZhu2026,"2026-03-31 15:24:31",0.68421,1,azadzhu2026
12310,15592921,"Darihl Valentin 753","2026-04-14 20:48:45",0.68421,2,darihlvalentin
12311,15599849,"Tetsuaki Nakano","2026-04-11 23:29:19",0.68421,1,tetsuakinakano
12312,15633980,"Soumadip Ghosh","2026-04-16 21:24:33",0.68421,1,zergeee
12313,15872715,"Simple Kris","2026-05-06 08:24:46",0.68421,2,simplekris
12314,15483316,dekern,"2026-03-25 08:32:02",0.68181,1,dekern
12315,15510335,"Beiqi Lin0325","2026-03-29 04:23:45",0.68181,1,beiqilin0325
12316,15526015,avighnac,"2026-03-31 17:48:40",0.68181,2,avighnac
12317,15537908,"Глеб Батенин","2026-04-02 09:26:33",0.68181,1,sadist2121
12318,15652898,Hepin8,"2026-04-19 16:27:22",0.68181,1,hepin8
12319,15586221,alowarshik,"2026-05-03 05:39:23",0.68181,13,alowarshik
12320,15850261,"Duurenbayar Enkhbat","2026-05-04 12:41:39",0.68181,1,duurenbayarenkhbat
12321,15850244,"Ankhbolor Boki","2026-05-04 12:42:13",0.68181,1,ankhbolorboki
12322,15850348,"Galtsog Boldbaatar","2026-05-04 12:53:23",0.68181,1,galtsogboldbaatar
12323,14299063,"Lê Viết Thành Nhân","2026-05-05 06:26:59",0.68181,1,lvtndigilad
12324,15519640,"Ananya Bajpai","2026-03-30 16:58:30",0.67942,1,acodes729
12325,15530781,"OKA Shunri","2026-04-01 12:31:39",0.67942,1,okashunri
12326,13097249,Kazuto,"2026-04-09 05:02:39",0.67942,1,kakkkabonita
12327,15581734,"Keita Katono","2026-04-09 05:13:34",0.67942,1,keitakatono
12328,15637509,"kohei yamakoshi","2026-04-17 11:06:26",0.67942,1,koheiyamakoshi1234
12329,15438805,"Tatsuki Hori","2026-03-19 05:56:43",0.67703,1,tatsukihori
12330,15516707,sibasiro,"2026-04-01 12:37:31",0.67703,2,sibasiro
12331,15600161,"Tomohiro Sakuraya","2026-04-12 02:27:00",0.67703,1,tomohirosakuraya
12332,15600718,W4Seyy,"2026-04-12 05:47:44",0.67703,1,w4seyy
12333,15656680,"Yumeto Tobita","2026-04-20 06:42:29",0.67703,1,yumetotobita
12334,15663498,"KUM JA SENG","2026-04-21 01:54:55",0.67703,1,kumjaseng
12335,15663538,"RASITHMA MAHANAMA DON THISANI","2026-04-21 02:01:42",0.67703,1,rasithma
12336,15663598,"Alex Wong #3","2026-04-21 02:19:29",0.67703,2,alexixwong
12337,15742418,KKYKoya,"2026-04-26 07:46:33",0.67703,1,kkykoya
12338,15803864,"Shinya Murakami","2026-05-01 00:17:57",0.67703,1,x4n86rakam1
12339,15808862,yumbhnjm,"2026-05-01 06:03:05",0.67703,1,yumbhnjm
12340,15894228,"Ishii Ami","2026-05-08 06:27:15",0.67703,1,twilight0052
12341,15914657,wombopark,"2026-05-11 04:09:24",0.67703,2,wombopark
12342,13340999,"Taha Mostafa06","2026-05-11 10:36:31",0.67703,3,tahamostafa06
12343,15938618,aya0902,"2026-05-12 12:34:26",0.67703,1,aya0902
12344,15289090,jyanborian,"2026-03-26 11:49:04",0.67464,1,jyanborian
12345,15517954,"Justin somke","2026-03-30 11:49:55",0.67464,1,justinsomke
12346,12327643,"Junya _318","2026-04-05 14:18:24",0.67464,1,junya318
12347,15565850,"Kazumasa Terada","2026-04-06 15:21:11",0.67464,1,kazumasaterada
12348,6513236,"Franco Mastelli","2026-04-08 23:45:26",0.67464,1,francomastelli
12349,15607752,"織田 真顕","2026-04-13 08:35:07",0.67464,1,makken41
12350,15655772,DrMejiro,"2026-04-20 04:19:46",0.67464,1,drmejiro
12351,15655983,仲村充生,"2026-04-27 06:41:54",0.67464,6,atsunk
12352,15656470,hina,"2026-04-20 06:19:19",0.67464,1,hina3030
12353,15656750,m22108,"2026-04-20 06:51:23",0.67464,1,m22108
12354,13807206,"Sanjeet Tripathi","2026-04-23 10:35:33",0.67464,1,sanjeettripathi
12355,15729440,"Shanky #2","2026-04-24 08:35:17",0.67464,1,shashank06
12356,15730874,Ichijo0123,"2026-04-24 12:06:39",0.67464,1,ichijo0123
12357,15801640,"Fumito Kikutoji","2026-04-30 18:59:14",0.67464,1,fukiku
12358,15682188,"Ryosei Kanetoshi","2026-05-01 06:49:17",0.67464,2,ryoseikanetoshi
12359,13235416,"Shota Shiba","2026-05-03 17:47:04",0.67464,1,shotashiba
12360,15883549,"Midor1 Yokodori","2026-05-08 08:22:15",0.67464,2,midor1yokodori
12361,15887329,Nemyune,"2026-05-07 14:23:06",0.67464,1,nemyune
12362,15418830,宮川知之,"2026-03-17 07:09:35",0.67224,1,miyaca
12363,15419753,chipiyaq,"2026-03-17 09:21:13",0.67224,1,chipiyaq
12364,15451204,カワカミ　ナオキ,"2026-03-20 15:15:41",0.67224,1,nakkie
12365,6072163,millak,"2026-03-26 00:23:04",0.67224,5,millak
12366,15463283,HURUIMING333,"2026-03-22 11:54:03",0.67224,2,huruiming333
12367,15485556,Jayson.cjs,"2026-03-25 14:38:12",0.67224,1,jaysoncjs
12368,6855895,bluedanger24,"2026-04-02 06:41:17",0.67224,1,bluedanger24
12369,15540925,"santiago cubas","2026-04-02 18:27:06",0.67224,1,santiagocubas1
12370,15120496,"Shoji Yusei","2026-04-05 08:30:21",0.67224,1,shojiyusei
12371,15593306,kojocho111kgl,"2026-04-10 23:38:21",0.67224,1,kojocho111kgl
12372,15608946,"Yuma Tanimoto #2","2026-04-13 12:39:56",0.67224,1,yumatanitani
12373,14190381,"Jahnvi #3","2026-04-19 06:25:39",0.67224,1,jahnvi2205
12374,15654952,JIWON,"2026-04-20 01:43:38",0.67224,1,jwn1003
12375,15654955,eedkgseotveryb,"2026-04-20 02:10:05",0.67224,6,eedkgseotveryb
12376,15660300,"Mohamed Elgohary","2026-04-20 15:39:50",0.67224,1,mohamedhasan60
12377,15685924,chaehyeon,"2026-04-22 02:57:19",0.67224,3,chaehyeone
12378,14121000,加藤洋和,"2026-04-30 05:13:13",0.67224,1,hiropy
12379,15809964,"Haruto Ishida","2026-05-01 07:50:20",0.67224,3,harutoishida
12380,15880607,ahyeon,"2026-05-07 02:28:43",0.67224,10,ahyeomii
12381,15880610,rladbsgh2302,"2026-05-07 02:33:35",0.67224,10,rladbsgh2302
12382,6139762,hugasi,"2026-05-12 03:35:12",0.67224,5,motensor
12383,15478175,illusion388,"2026-03-24 11:56:36",0.66985,1,illusion388
12384,15555600,"Rkt Skn","2026-04-04 17:39:34",0.66985,1,rktskn
12385,15581799,poteko,"2026-04-09 05:36:18",0.66985,1,poteko
12386,15611690,"vashti yunana","2026-04-14 09:12:06",0.66985,3,vashtiyunana
12387,15868307,"Arthur Gabriel23","2026-05-06 01:21:42",0.66985,3,arthurgabriel23
12388,15454343,igarashimm,"2026-03-21 02:36:11",0.66746,1,igarashimm
12389,15477091,Manivel_Y,"2026-03-24 09:47:43",0.66746,3,manively
12390,15306906,OBAKE67,"2026-03-28 10:52:55",0.66746,3,obake67
12391,15507085,BIG-Dingzhen,"2026-03-28 11:47:22",0.66746,1,bigdingzhen
12392,15594659,DeeSaa,"2026-04-12 04:02:33",0.66746,5,deesaa
12393,15595401,ZhengMingtao,"2026-04-11 07:23:25",0.66746,1,zhengmingtao
12394,15601390,Hanyann,"2026-04-12 08:07:21",0.66746,1,hanyanny
12395,15603490,"shivansh gaur","2026-04-12 15:06:06",0.66746,2,kurokun123
12396,15629394,MukamiH,"2026-04-16 09:05:35",0.66746,1,mukamih
12397,15658646,Dark_Pond_Lord,"2026-04-20 12:10:57",0.66746,3,darkpondlord
12398,15690688,"Saurabh Kumar Gupta #2","2026-04-22 05:44:53",0.66746,1,saurabhkumarguptayuu
12399,15701261,D0nTee,"2026-04-22 17:01:31",0.66746,1,d0ntee
12400,15882001,"Pragesha Ghimire","2026-05-07 05:06:40",0.66746,1,prageshaghimire
12401,15441301,"Tusutu Yoa","2026-03-19 12:26:15",0.66507,1,tusutuyoa
12402,15505181,wellcime23,"2026-03-28 03:38:20",0.66507,1,wellcime23
12403,15529056,"chowonshark #2","2026-04-01 07:22:43",0.66507,2,chowonshark2
12404,15558045,beloved_mushroom,"2026-04-05 07:11:00",0.66507,1,tomomiikeda01
12405,15569640,"VEDANT GAWANDE","2026-04-07 08:24:07",0.66507,2,vedantavinashgawande
12406,15594726,m-maako,"2026-04-11 05:55:48",0.66507,1,mmaako
12407,15597730,"donald321 123","2026-04-11 15:17:02",0.66507,3,donald321123
12408,12037009,soriusu,"2026-04-11 17:56:32",0.66507,1,soriusu
12409,15636694,"harshithasvs Siddanathi","2026-04-17 08:37:25",0.66507,1,harshithasvs2008
12410,15641962,Poire,"2026-04-18 01:24:16",0.66507,2,poire8
12411,15644354,yuuri122323,"2026-04-19 14:41:17",0.66507,2,yuuri122323
12412,15654609,"YUSEI YAMAMOTO","2026-04-20 00:43:36",0.66507,1,yuseiyamamoto
12413,15655733,根岸楽維,"2026-04-20 04:14:25",0.66507,1,ryeon19
12414,15655970,kyou_jikken,"2026-04-20 04:40:42",0.66507,1,kyoujikken
12415,15706022,jinooshima,"2026-04-23 05:09:03",0.66507,1,jobiooshima
12416,15790168,"Gael Gama","2026-04-30 04:23:38",0.66507,3,gaelgama
12417,5159751,"Yoshihiko Murakawa","2026-05-01 06:03:16",0.66507,1,yoshihikomurakawa
12418,15852707,"Alexey Suntsov","2026-05-04 17:40:25",0.66507,7,alexeysuntsov
12419,15856726,callawey,"2026-05-05 04:48:00",0.66507,1,callawey
12420,15859574,yata87,"2026-05-05 09:24:11",0.66507,1,yata87
12421,15920761,"Ciaran Barnes","2026-05-10 16:50:24",0.66507,1,ciaranbarnes
12422,4170885,"Shubham Patidar","2026-05-12 11:32:24",0.66507,1,shubhampatidar
12423,15401017,"Khiem Nguyen Phuc Gia","2026-03-14 07:16:03",0.66267,1,khiem20092004
12424,15464427,koala.craft,"2026-03-22 14:37:53",0.66267,1,koalacraft
12425,15519838,"Hirang Patel","2026-03-30 17:50:09",0.66267,2,harryp10
12426,15556535,"Yudi Situmorang","2026-04-04 23:52:49",0.66267,1,yudisitumorang
12427,14949827,SimonLoYU,"2026-04-09 05:29:11",0.66267,1,simonloyu
12428,15067734,"Christian Rossman","2026-04-14 18:30:15",0.66267,1,christianrossman
12429,15622958,Perceval777,"2026-04-15 14:51:02",0.66267,1,perceval777
12430,15628780,"normal human","2026-04-16 12:49:33",0.66267,1,normalhuman
12431,15132646,T.KitaGma,"2026-04-20 04:43:51",0.66267,1,tkitagma
12432,6652286,"Timotius Giovandi","2026-04-24 11:29:15",0.66267,1,timotiusgiovandi
12433,9318959,"Mehmet Utku Bala","2026-04-24 18:03:38",0.66267,18,mehmetutkubala
12434,15742524,"Jordan Maguire","2026-04-26 08:37:29",0.66267,4,jordanmaguire
12435,15921376,"FAKE QUEEN","2026-05-10 18:25:53",0.66267,2,fakequeen
12436,15925709,ltlkaggle,"2026-05-11 08:20:57",0.66267,1,ltlkaggle
12437,15403746,"Angelo Triantopoulos","2026-03-14 17:49:14",0.66028,3,angelotriantopoulos
12438,15413207,lina_685468,"2026-03-16 11:56:53",0.66028,1,lina685468
12439,15508678,Zehrasummaiya,"2026-03-29 16:41:56",0.66028,2,zehrasummaiya
12440,15518228,Yarro27,"2026-03-30 12:47:08",0.66028,1,yarro27
12441,15551449,hayyyydraxx,"2026-04-04 01:36:06",0.66028,1,haidr4snaiper
12442,15551610,mawatteiru,"2026-04-04 02:40:53",0.66028,1,mawatteiru
12443,15601969,"フジイ サトシ","2026-04-12 10:14:53",0.66028,1,i4nngf
12444,15602889,葉山　琴羽,"2026-04-12 13:15:47",0.66028,1,gofungo
12445,15632668,"Chinatsu Oki","2026-04-16 17:01:52",0.66028,1,chinatsuoki
12446,15639483,Lee_Yuananan,"2026-04-18 09:02:50",0.66028,3,leeyuananan
12447,15655738,tmcit22,"2026-04-20 04:15:08",0.66028,1,tmcit22
12448,15656018,NeonYoshikawa,"2026-04-20 04:49:32",0.66028,1,neonyoshikawa
12449,15656322,negisosu,"2026-04-20 05:51:01",0.66028,1,negisosu
12450,15747139,"Toshiyuki Hideshima","2026-05-06 23:24:44",0.66028,2,toshiyukihideshima
12451,15865215,"Aya Ycb","2026-05-05 18:17:47",0.66028,1,ayaycb
12452,15462961,"osamu kawanami","2026-03-22 10:25:37",0.65789,1,osamukawanami
12453,14671027,yaamada,"2026-03-26 05:45:09",0.65789,2,yaamada
12454,14442020,"Walter Silva #2","2026-04-01 13:12:33",0.65789,2,walterhsilva
12455,14575149,"Arakawa Reo","2026-04-04 14:33:05",0.65789,2,arakawareo
12456,15655723,かきぴーさん,"2026-04-20 04:12:52",0.65789,1,cakipy3
12457,15730892,nn000,"2026-04-24 12:09:28",0.65789,1,fotispappas
12458,15747232,"Arqam VK 18","2026-04-27 03:19:22",0.65789,1,arqamvk18
12459,15918286,xudeyang,"2026-05-10 11:43:02",0.65789,1,xudeyang
12460,15936913,"Yuta Shimotani","2026-05-12 08:59:52",0.65789,1,yutashimotani
12461,12617018,"Maciej Kijowski","2026-03-14 10:17:37",0.65550,3,maciejkijowski
12462,15452332,"Tanuj Parmar","2026-03-20 17:07:16",0.65550,2,tanujparmar
12463,15493946,"Akshay Ghule","2026-03-26 10:37:05",0.65550,1,akshayghule2806
12464,15570647,"Rupesh Kumar #6","2026-04-07 11:14:03",0.65550,1,rupeshkumar780
12465,15787839,"Sota Uchiyama","2026-04-30 02:20:56",0.65550,5,sotauchiyama
12466,15824859,"Zoe Fang124","2026-05-02 06:48:26",0.65550,1,zoefang124
12467,14202496,"Matthew Waddell","2026-05-04 21:14:06",0.65550,2,matthewwaddell
12468,15434961,"Aditya Raj #20","2026-03-18 19:43:11",0.65311,1,adityaraj191236
12469,15582961,"Rahul Kumar #31","2026-04-09 08:46:01",0.65311,1,rahulkumar13092005
12470,15651109,eoeoeos,"2026-04-19 13:59:29",0.65311,9,eoeoeos
12471,15399560,"Andrey Golubenko","2026-03-13 22:45:45",0.65071,1,andreygolubenko
12472,15573309,"Vishal Sankar Ram","2026-04-07 19:59:27",0.65071,2,vishalsankarram
12473,15778319,"Rosemeen Shaikh","2026-04-29 09:15:10",0.65071,1,rosemeenshaikh
12474,6108270,Jesus_Garci99,"2026-05-12 10:20:53",0.65071,2,jesusgarci99
12475,15465390,claso.0620,"2026-03-22 18:25:27",0.64832,1,claso0620
12476,15349233,"Dana Adilova","2026-04-16 12:03:31",0.64832,1,danaadilova
12477,15735993,Sibber,"2026-04-25 06:21:09",0.64832,1,sibber
12478,15847873,seeun,"2026-05-04 11:34:38",0.64832,1,sesanta
12479,15880839,이아현11,"2026-05-07 02:33:29",0.64832,2,ah2255
12480,15515339,NEOENO911,"2026-03-30 02:52:45",0.64593,1,neoeno911
12481,15826153,"S S Bindu Yajman","2026-05-02 09:04:58",0.64593,2,binduyajman
12482,15457710,"Muhammad Nabi Emad","2026-03-21 14:52:08",0.64354,1,muhammadnabiemad
12483,15500494,"Keffrey Zhang","2026-03-27 07:58:15",0.64354,1,keffreyzhang
12484,15581673,"Palagiri Lokesh","2026-04-09 05:02:00",0.64354,1,palagirilokesh
12485,15600425,"MUPPIREDDY VISHNUVARDHAN REDDY","2026-04-12 04:12:57",0.64354,1,vishnuwitty
12486,15636081,bingbing2006k,"2026-04-17 06:53:41",0.64354,1,bingbing2006k
12487,15660215,AkiraTriunity,"2026-04-20 15:25:26",0.64354,1,akiratriunity
12488,15736113,"Dhruv Agarwal #5","2026-04-25 06:43:26",0.64354,1,dhruvagarwal99878966
12489,15826561,LKC2104,"2026-05-02 09:33:59",0.64354,1,lkc2104
12490,15911444,"Till Hofmann","2026-05-09 15:03:49",0.64354,1,till811
12491,15519887,"Muhammad Ahmad Khan","2026-03-30 17:44:40",0.64114,1,ahmadkhanalm
12492,15598997,"Hetavi Tejaskumar Patel","2026-04-11 18:53:56",0.64114,1,hetavi2610
12493,15600273,"Payyavula Abhiram","2026-04-12 03:10:48",0.64114,1,payyavulaabhiram
12494,15624038,slh36jor,"2026-04-15 19:06:53",0.64114,1,slh36jor
12495,15645668,maxiaotingqwer,"2026-04-18 13:17:36",0.64114,2,maxiaotingqwer
12496,15720708,"Mythri Reddy N","2026-04-23 15:32:48",0.64114,1,mythrireddyn
12497,15832742,ggwpshka,"2026-05-02 22:23:08",0.64114,1,ggwpshka
12498,15938834,"Priyanshu Barnwal #2","2026-05-12 13:14:45",0.64114,3,pbarnwal
12499,15453519,"Om Jaybhaye","2026-03-20 20:37:58",0.63875,1,omjaybhaye0000
12500,15440924,"Rupika ","2026-03-26 04:02:55",0.63875,18,rupi10
12501,15596701,"Mr zatack","2026-04-11 11:14:31",0.63875,1,mrzatack
12502,15888154,"ahmed sherif #2","2026-05-07 15:52:02",0.63875,3,ahmedshekooo
12503,15215056,Expedition32-star,"2026-03-15 13:48:30",0.63636,1,expedition32star
12504,15510540,"Ethan Flynn","2026-03-29 05:31:30",0.63636,1,ethanflynnhub
12505,15654486,"Rud Ilya","2026-04-20 00:05:51",0.63636,1,rudilya
12506,15723702,"Kuldeep Raj","2026-04-24 01:16:17",0.63636,1,cooldeep95088
12507,15851125,"Furkan #5","2026-05-04 14:19:18",0.63636,1,fnacar
12508,15613056,lei_shuang11,"2026-04-14 05:16:54",0.63397,1,leishuang11
12509,15407771,Baolimath,"2026-03-15 15:03:34",0.63157,1,baolimath
12510,15408734,"Sude Nur Temuçin","2026-03-15 18:59:15",0.63157,1,sudenurtemuin
12511,15479534,skypenguin,"2026-03-24 16:02:56",0.63157,4,skypenguin
12512,15524140,tinsong,"2026-03-31 11:20:05",0.63157,1,tinsong
12513,15836412,"AMIT KUMAR #4","2026-05-10 07:37:13",0.63157,7,amitkumar8168
12514,15922148,Vareshka,"2026-05-10 21:05:24",0.63157,1,vareshka
12515,15397129,Denis13324234j,"2026-03-13 12:26:27",0.62918,1,denis13324234j
12516,15457468,"Mizuki WAKAMORI","2026-03-21 14:24:09",0.62918,1,mizukiwakamori
12517,15471895,"Purva Shah","2026-03-23 16:07:54",0.62918,1,purvasshah
12518,12169124,"Akinori Inoue","2026-04-15 00:10:25",0.62918,1,akinoriinoue
12519,15914213,"Lucas Giordano","2026-05-10 01:42:52",0.62918,2,lucasbg1607
12520,15550851,yepchapskii,"2026-04-03 21:33:44",0.62679,1,yepchapskii
12521,15636751,"Mr.P Harin","2026-04-17 08:51:30",0.62679,2,mrpharin
12522,15650208,"Siddharth S #3","2026-04-21 18:25:54",0.62679,1,siddharths2000
12523,15788139,"Nathaniel Brake","2026-04-30 00:59:38",0.62679,2,nathanielbrake
12524,15897555,"k sheep","2026-05-08 11:57:48",0.62679,1,tomokokyonen
12525,15109218,"hyun seungah","2026-05-09 11:27:07",0.62679,1,hyunseungah
12526,15924320,"Vaishnavi Likhe","2026-05-11 05:37:12",0.62679,1,vaishnavilikhe
12527,15607333,Affirmat1ve,"2026-04-13 07:12:45",0.62440,1,affirmat1ve
12528,15636140,"HE YUE-ZHEN","2026-04-17 07:02:43",0.62440,1,heyuezhen
12529,15705659,joaenxie,"2026-04-23 04:25:24",0.62440,1,joaenxie
0,103035,"Assume All Perished","2014-06-24 14:02:20",0.62200,1,jeffmoser
12530,15399905,Zjr5222,"2026-03-14 02:13:50",0.62200,1,zjr5222
12531,15404251,"Anonym #2","2026-03-14 20:50:02",0.62200,1,anoynm243632
12532,15387971,"haoyao li","2026-03-15 12:12:32",0.62200,1,haoyaoli
12533,15407149,"Tony Murire","2026-03-15 13:09:05",0.62200,2,tonymurire
12534,15415284,"Arun Alaveni","2026-03-16 17:43:00",0.62200,1,arunalaveni
12535,15424283,Gaurav_chy_009,"2026-03-17 18:56:50",0.62200,1,gauravchy009
12536,15483344,"Paramveer Singh Flora","2026-03-25 08:37:30",0.62200,1,paramveersinghflora
12537,15483387,"Khushbu #2","2026-03-26 06:11:13",0.62200,4,kushbu18
12538,15491774,"Bobby Kumar Rajak","2026-03-26 05:34:17",0.62200,1,bobbykumarrajak
12539,15338805,DataLion1062,"2026-04-15 13:06:37",0.62200,11,datalion1062
12540,15499519,"Rajat yadav","2026-03-27 04:49:32",0.62200,1,rajatyadav0
12541,15501018,yusuke_well,"2026-03-27 09:42:51",0.62200,1,yusukewell
12542,15506895,"Riddhima Singh Verma","2026-03-28 11:04:34",0.62200,1,riddhimasinghverma
12543,15506959,"Chirag #5","2026-03-28 11:18:20",0.62200,1,chiragkachhawaha
12544,15507733,"Ayako Shimoda","2026-03-28 13:57:52",0.62200,1,ayakoshimoda
12545,12607666,mtsgk5,"2026-03-29 01:45:05",0.62200,1,mtsgk5
12546,15511315,"NALLAMILLI VINAY REDDY","2026-03-29 08:44:49",0.62200,1,nallamillivinayreddy
12547,15511488,"Srujan Kumar Arraboina","2026-03-29 09:24:18",0.62200,1,srujankumararraboina
12548,15511520,"Bhavishya Sure","2026-03-29 09:30:55",0.62200,1,bhavishyasure
12549,15511527,Rupesh-ch-584,"2026-03-29 09:32:10",0.62200,1,rupeshch584
12550,15513486,"Avinash Borem","2026-03-29 16:09:54",0.62200,1,avinashborem
12551,15516929,"Durgesh Kumar","2026-03-30 08:37:26",0.62200,1,durgeshkumar01
12552,15516951,"Lokesh Manepalli","2026-03-30 08:40:41",0.62200,1,lokeshmanepalli
12553,15517070,"Eluri Sri Vardhini","2026-03-30 08:57:37",0.62200,1,elurisrivardhini
12554,15517074,KarankiPavani,"2026-03-30 08:58:02",0.62200,1,karankipavani2005
12555,15517286,Koushik329,"2026-03-30 09:30:04",0.62200,1,koushik329
12556,15517313,shaikfarhan0689,"2026-03-30 09:34:32",0.62200,1,shaikfarhan0689
12557,12230305,"Mathe Matics2","2026-03-30 13:21:36",0.62200,1,mathematics2
12558,15519459,"Arghajit Deb","2026-03-30 16:23:02",0.62200,1,arghajitdeb
12559,15256337,"Chanikya Dokala","2026-03-30 16:30:14",0.62200,1,chanikyadokala
12560,15524828,"Pratik Rimal","2026-03-31 13:35:55",0.62200,1,pratikrimal010
12561,15526929,"Hikaru Kowata","2026-03-31 21:49:07",0.62200,1,hikarukowata
12562,15529077,"Akshay Venugopal","2026-04-01 07:17:52",0.62200,1,akshayv2210
12563,15549519,Pushpank__Raj,"2026-04-03 17:05:43",0.62200,1,pushpankraj
12564,15554391,kioka_kioka,"2026-04-04 12:59:33",0.62200,1,kiokakioka
12565,15547037,寺田百花,"2026-04-04 14:57:50",0.62200,3,momokaterada
12566,15560565,"Yousef Turk","2026-04-05 17:27:39",0.62200,1,yousefturk
12567,15549373,Akshi,"2026-04-07 21:24:47",0.62200,3,akshij1
12568,15576085,ahaaah,"2026-04-08 08:33:50",0.62200,2,ahaaah
12569,15581552,"Yash Pandey Kag","2026-04-09 04:27:59",0.62200,1,yashpandeykag
12570,15584756,"Farra Y","2026-04-09 14:16:25",0.62200,1,farray
12571,15592100,"Aqeel kabir","2026-04-10 18:16:52",0.62200,1,muhammadaqeelkabir
12572,15593366,"Александр Бурцев","2026-04-11 00:07:09",0.62200,1,lurents
12573,15597458,andrew.is.your.daddy,"2026-04-11 13:43:28",0.62200,1,andrewisyourdaddy
12574,15599998,BrandonD,"2026-04-12 01:35:36",0.62200,1,bdgmu4
12575,15608896,linozeros,"2026-04-13 12:27:16",0.62200,1,linozeros
12576,15609667,"Juls Kl","2026-04-13 14:43:38",0.62200,1,juliakl
12577,15613769,"Om Guptayin ","2026-04-14 07:09:31",0.62200,1,omguptayin
12578,15616821,"Yavuz #3","2026-04-14 16:59:52",0.62200,1,chepnii
12579,15426821,"Josel Marco","2026-04-15 02:15:59",0.62200,1,joselmarco
12580,15630427,"Ayush Kumar #24","2026-04-16 17:03:12",0.62200,2,ayushagrawal2293
12581,11670796,"Ratan Kumar S","2026-04-17 08:44:49",0.62200,2,ratankumars
12582,15636570,BANGARUMANOSATWIK,"2026-04-17 08:26:57",0.62200,2,bangarumanosatwik
12583,15636600,"Mouli Kovluri","2026-04-17 08:39:17",0.62200,2,moulikovluri
12584,15636603,"Kotla Pranathi","2026-04-17 08:53:33",0.62200,3,kotlapranathi
12585,15636609,"A25126510133 ADARIMOHANSAI","2026-04-17 17:56:12",0.62200,9,adarimohansai
12586,15636634,"Praharshith Venu","2026-04-17 15:07:14",0.62200,2,praharshithvenu
12587,15636685,"KARRI HEMANTH KUMAR","2026-04-17 08:36:23",0.62200,1,karrihemanthkumar
12588,15636689,"Raparthi Deva Vara prasad","2026-04-17 09:12:04",0.62200,2,deva1218
12589,15636673,"Sai Purna Chand Tirumareddi","2026-04-17 17:17:07",0.62200,9,saipurnachand
12590,15636757," V. GOKUL SRIVARDHAN","2026-04-17 08:47:55",0.62200,2,vgokulsrivardhan
12591,15636765,"Ramya Chinthalapudi","2026-04-17 08:48:53",0.62200,1,ramyachinthalapudi
12592,15636777,Indirayandava07,"2026-04-17 08:52:19",0.62200,1,indirayandava07
12593,15636571,V.JAHNAVIPRIYA,"2026-04-18 02:17:13",0.62200,11,vjahnavipriya
12594,15642627,sqnwk,"2026-04-18 03:45:30",0.62200,1,sqnwk117732
12595,15644409,"UDAY KIRAN VEMPATI","2026-04-18 09:17:41",0.62200,1,udaykiranvempati
12596,13777223,Luba_12,"2026-04-21 11:54:27",0.62200,1,luba12
12597,13479662,"Waritsara Chanthadet","2026-04-21 18:18:37",0.62200,2,waritsarachanthadet
12598,6880163,Shogun0610,"2026-04-21 21:20:31",0.62200,1,shogun0610
12599,15702801,aminmohamedmohami,"2026-04-22 19:41:45",0.62200,1,aminmohamedmohami
12600,10880409,"Matt Tokunaga","2026-04-23 04:16:03",0.62200,2,matttokunaga
12601,15722362,"Lavi Khandelwal","2026-04-23 19:17:22",0.62200,1,lavikhandelwal
12602,15734670,"Edith Gholson","2026-04-24 23:51:35",0.62200,1,edithgholson
12603,15737434,瞿义,"2026-04-25 10:55:13",0.62200,1,quyilmy
12604,12704772,阪下友唯,"2026-04-26 10:46:19",0.62200,1,klems07
12605,15772402,"Alejandra Parra","2026-04-28 22:43:26",0.62200,1,alejandraparra77
12606,15772403,"Juan David Torres Ortigoza","2026-04-28 22:43:26",0.62200,1,juandavidto
12607,15772405,"Esteban Lemus","2026-04-28 22:43:43",0.62200,1,estebanlemus
12608,15772409,"Sofia Contreras","2026-04-28 22:44:11",0.62200,1,sofiacontreras23
12609,15772424,"Juan GuerreroU","2026-04-28 22:46:46",0.62200,1,juanguerrerou
12610,15779139,"Indrajeet Raval","2026-04-29 10:29:35",0.62200,1,indrajeetraval
12611,15109041,"Azamat Zhenisov","2026-04-29 20:13:03",0.62200,1,azamatzhenisov
12612,15810286,"rakesh varma1123","2026-05-01 08:18:40",0.62200,2,rakeshvarma1123
12613,15812687,"Mahathir Mohammad Tonmoy","2026-05-01 10:20:32",0.62200,1,mahathir25
12614,15833480,"Payal Kumari","2026-05-03 02:26:16",0.62200,1,payalkumari26827
12615,15834429,"Shivani #9","2026-05-03 05:00:16",0.62200,1,shivani9012
12616,15837071,"Ankita Survase","2026-05-03 09:30:03",0.62200,2,ankitasurvase
12617,15839290,wukuidou,"2026-05-03 14:24:01",0.62200,1,wukuidou
12618,15841321,"MUHAMMED AJZAL C","2026-05-03 18:41:57",0.62200,1,muhammedajzalc
12619,15847883,"nazanin foroutan","2026-05-04 11:49:32",0.62200,1,nazaninforoutan
12620,6627558,lijiexun,"2026-05-04 21:58:34",0.62200,1,lijiexun
12621,15856682,AlpsStlo,"2026-05-05 04:40:22",0.62200,1,alpsstlo
12622,15877508,cuimeili,"2026-05-06 16:42:05",0.62200,1,cuimeili
12623,15882276,Ughur_Ibrahimov_000162,"2026-05-07 07:11:40",0.62200,2,ughuribrahimov000162
12624,15900024,"Shadi Almomani","2026-05-08 15:56:23",0.62200,1,shadialmomani
12625,15908398,"Fatma Büşra Kılıç","2026-05-09 10:11:57",0.62200,2,fatmabrakl
12626,15912863,"Sharanagowda ","2026-05-09 18:09:32",0.62200,1,sharanagowda
12627,15925135,qiyuzhen,"2026-05-11 07:58:52",0.62200,3,qiyuzhen
12628,15925346,guoguo8452,"2026-05-11 07:53:18",0.62200,2,guoguo8452
12629,15925350,YenaeWANG,"2026-05-11 07:44:11",0.62200,1,yenaewang
12630,15925583,arui99,"2026-05-11 08:07:13",0.62200,1,arui99
12631,15930367,"Rafael Lazo Cruz","2026-05-11 17:10:46",0.62200,1,rafaellazocruz
12632,15930532,"Ayush Kumar #26","2026-05-11 17:34:19",0.62200,1,ayuush16
12633,15933422,"Joshua Oyewumi","2026-05-12 02:56:33",0.62200,1,joshuaoyewumi
12634,15468589,parkyuna22,"2026-03-23 08:41:36",0.61961,1,parkyuna22
12635,15634005,"Salem Ali Al-nawi","2026-04-16 21:33:47",0.61961,1,salemalialnawi
12636,15686364,kmw2281,"2026-04-22 03:24:20",0.61961,5,kmw2281
12637,15894594,"Crystal Chong #2","2026-05-08 07:07:23",0.61961,1,crystalchong0220
12638,15468440,"weisheng qiu","2026-03-23 08:27:32",0.61722,2,weishengqiu
12639,15430212,Phil1553,"2026-03-18 09:53:02",0.61483,1,phil1553
12640,15593329,"[Deleted] 785ed6a4-36c3-4583-a565-ce71a54e3341","2026-04-11 00:17:31",0.61244,1,del=ee3af26b3830c131
12641,15593394,"[Deleted] 409e1ba1-606d-4879-b715-9a6a3322a1ee","2026-04-11 00:25:03",0.61244,1,del=37f7303d1b56569e
12642,15702543,"SEYED MEHDI SADAT HOSSEINI","2026-04-23 14:04:21",0.61244,2,asamasach
12643,15514212,"LORENS MISHRA","2026-03-29 19:19:53",0.61004,2,lorensmishramca
12644,15591816,Shrekkkkkk,"2026-04-10 17:19:43",0.61004,1,shrekkkkkk
12645,15592242,yam1ro,"2026-04-10 18:52:50",0.61004,3,yam1ro
12646,15558376,anazawa,"2026-04-05 08:25:52",0.60765,1,yuinatsu969
12647,647742,gprok60,"2026-03-24 08:25:40",0.60526,1,gprok60
12648,15482624,"AYUDYA NANDIRA AFIFAH","2026-03-25 06:17:35",0.60526,1,ayudyanandira
12649,15613911,k1roiwas,"2026-04-14 07:34:12",0.60526,1,k1roiwas
12650,15917214,Daria_Ctr,"2026-05-10 08:57:51",0.60526,1,dariactr
12651,14819456,"Cram School","2026-05-10 09:07:05",0.60526,1,cramschool
12652,15570341,"Genius QR","2026-04-07 10:05:01",0.60287,1,geniusqr
12653,15739639,"Alfredo ArgSan","2026-04-25 17:52:33",0.60287,1,alfredoargsan
12654,15917222,"RAZVAN GLAJE","2026-05-10 09:00:46",0.60287,1,razvanglaje
12655,15440627,"Priyanka Kabbalagi","2026-03-19 10:15:41",0.60047,1,priyankakabbalagi
12656,13777238,"Kirill Rogozin","2026-04-15 13:21:17",0.60047,5,ctiori
12657,15359443,Ahmed_Hany2013,"2026-03-17 11:53:04",0.59808,1,ahmedhany2013
12658,15456139,堀口　望,"2026-03-21 10:20:11",0.59808,1,nonglobis2025
12659,15557986,k.oto_202604,"2026-04-05 07:02:15",0.59808,2,koto202604
12660,15770121,Sam_Sid1402,"2026-04-28 18:30:10",0.59569,1,samsid1402
12661,15420864,rhhhd,"2026-03-17 12:34:22",0.59330,4,rhhhhd
12662,10875876,Kangkengkhadev,"2026-03-17 13:56:36",0.59330,1,tanakritsaipahn
12663,15476228,"Akihiro Hirakawa","2026-03-24 06:05:40",0.59330,1,akihirohirakawa
12664,15568025,"jabcho #2","2026-04-07 01:54:47",0.58851,1,jabcho
12665,15587173,leejaehann,"2026-04-10 00:57:07",0.58851,2,leejaehann
12666,15636604,"Somanaadhan ","2026-04-17 08:55:58",0.58373,6,somanaadhan
12667,15719627,"Atharva Ugale","2026-04-23 14:05:13",0.58133,3,atharvaugale
12668,13162017,"David Brous","2026-05-03 14:07:53",0.57655,1,davidbrous
12669,1644206,megan073,"2026-05-11 19:34:33",0.57655,1,megan073
12670,15736666,janyu2cs,"2026-04-25 08:38:25",0.56698,3,janyu2cs
12671,15847871,moowan,"2026-05-04 11:46:19",0.56698,2,moowan12
12672,15406024,"El Dude","2026-03-15 09:20:34",0.56220,1,eldude
12673,15468496,kimmc53,"2026-03-23 08:33:46",0.56220,2,kimmc53
12674,15587169,"Seo Ye Jun 20916","2026-04-10 00:32:50",0.56220,1,seoyejun20916
12675,15637020,"Bùi Công Thành","2026-04-17 09:21:40",0.56220,1,buicongthanh11102007
12676,15636556,"Nithin Reddy Jeeru","2026-04-17 08:51:12",0.55502,3,nithinreddyjeeru
12677,15621999,jfweopfjwef,"2026-04-17 12:30:28",0.55023,26,jfweopfjwef
12678,15939228,"Aicha Benali","2026-05-12 13:42:14",0.55023,1,aichabenali
12679,15584310,"Shoban Herbert","2026-04-09 13:00:45",0.54784,1,shobanherbert
12680,15621699,anthropic.support,"2026-04-17 12:23:00",0.54784,30,anthropicsupport
12681,15621636,Account6767,"2026-04-17 12:18:16",0.54545,30,account6767
12682,15706688,"Swarali Wadewale","2026-04-23 06:29:04",0.54545,1,swaraliwadewale
12683,15567939,"Samantha Cheng","2026-04-07 02:16:25",0.54306,1,samanthacheng29
12684,15621957,"Andrei Navrotskii","2026-04-17 12:27:43",0.54306,27,andreinavrotskii
12685,15739903,"Krishan Kanhay","2026-04-25 19:44:13",0.54306,1,krishankanhay2
12686,15915441,Nico112011,"2026-05-10 04:42:44",0.54066,5,nico112011
12687,15621750,"martin tannhaus","2026-04-17 12:25:30",0.53827,28,martintannhaus
12688,15468697,naveen2102,"2026-03-23 08:59:41",0.53588,1,naveen2102
12689,15515148,"jintong meng","2026-03-30 02:08:17",0.53588,1,jintongmeng
12690,15517263,"kollu vijay","2026-03-30 09:26:19",0.53588,1,kolluvijay
12691,15636708,"A25126552130 THANGIMOHANSAI","2026-04-17 08:41:40",0.53349,1,thangimohansai
12692,66284,"Nitin Sharma","2026-05-09 09:57:58",0.53349,1,nitinsharma0
12693,15931555,ExodusYee,"2026-05-11 20:39:19",0.53110,1,exodusyee
12694,15933872,"Utkarsh Srivastav","2026-05-12 03:50:14",0.53110,1,utkarshsrivastav09
12695,15853699,"Shivam Tyagi ","2026-05-04 20:13:16",0.52870,2,shivamtyagi17
12696,15933293,"Charlie Hart","2026-05-12 02:38:29",0.52870,1,hart0481
12697,15600777,"Sharika Jain","2026-04-12 06:00:21",0.52153,1,sharikajain
12698,15613495,"Promesse Rukundo","2026-04-14 06:41:15",0.52153,1,promesser
12699,15939710,"Aayam Pradhan","2026-05-12 14:31:58",0.52153,1,aayampradhan
12700,15617293,SunilTanwarML,"2026-04-14 18:17:11",0.51435,3,suniltanwarml
12701,15539784,KellyCCCCC,"2026-04-02 15:24:07",0.51196,1,kellyccccc
12702,15558819,"Rehan Malik","2026-04-05 10:22:05",0.51196,1,rehanmalik99
12703,15889522,"Ankesh kumar","2026-05-07 18:50:50",0.51196,1,ankeshkumarankur
12704,15616055,"Gyan Prakash Tiwary","2026-04-14 15:10:47",0.50478,4,mynameisgyan
12705,15880284,"Alsaif Qureshi","2026-05-07 01:00:28",0.50478,1,alsaifqureshi
12706,15554783,"Ларионова Ульяна","2026-04-04 14:21:04",0.50239,1,ulatlene
12707,15562071,"Сергеев Никита","2026-04-06 01:49:07",0.50239,1,kniggita
12708,15577097,"Vallentina S","2026-04-08 11:50:04",0.50239,1,vallentinas
12709,15577205,"Ivan Lushnikov","2026-04-08 12:13:49",0.50239,1,ivanlushnikov
12710,15762139,shota_s,"2026-04-28 07:35:56",0.50239,1,sh0tas
12711,15847867,minseop0331,"2026-05-04 11:36:21",0.49760,5,minseop0331
12712,15872891,"Daris Joker","2026-05-06 08:46:17",0.49760,1,darisjoker
12713,13857255,"George Humphries","2026-05-12 03:28:41",0.49760,1,georgehumphries
12714,15693240,華江高中陳浚廷老師,"2026-04-22 07:43:23",0.49043,1,gawk945
12715,15772384,"Meider Pabon","2026-04-28 22:41:57",0.48803,1,meiderpabon
12716,15433670,"Vinay kumar reddy Kurli","2026-03-18 17:37:50",0.48564,1,vinaykumarreddykurli
12717,15437393,"MEKA EINISTEEN","2026-03-19 02:18:29",0.48564,1,mekaeinisteen
12718,15449880,"Sibbala Siva Sai","2026-03-20 13:26:22",0.48564,1,sibbalasivasai
12719,15468925,"karuturi Charitha","2026-03-23 09:32:23",0.48564,1,karuturicharitha
12720,15469019,"Ishwarya Tadikonda","2026-03-23 09:50:15",0.48564,1,ishwaryatadikonda
12721,15511251,"LAHARI BODDULURI","2026-03-29 08:30:35",0.48564,1,smileylahari
12722,15511351,"Mallela Jayadeep","2026-03-29 08:52:35",0.48564,1,mallelajayadeep
12723,15511352,xyz12321,"2026-03-29 08:52:39",0.48564,1,xyz2120982
12724,15511482,"K Trishal","2026-03-29 09:23:49",0.48564,1,trishal10
12725,15511512,"Gummadi Srihitha","2026-03-29 09:29:19",0.48564,1,gummadisrihitha
12726,15511546,"Bhashya palani Ch","2026-03-29 09:37:28",0.48564,1,bhashyapalanich
12727,15511557,"Rikwitha Vasi","2026-03-29 09:39:15",0.48564,1,rikwithavasi
12728,15511562,"DINTAKURTHI DHATRI","2026-03-29 09:40:18",0.48564,1,dhatrid
12729,15511569,"Lavanya Gurajala","2026-03-29 09:42:14",0.48564,1,lavanyagurajala
12730,15511585,"Shravya Lankapalli","2026-03-29 09:45:59",0.48564,1,shravyalankapalli
12731,15511858,"SAMEER MEHADI","2026-03-29 10:54:20",0.48564,1,sameermehadi
12732,15511868,"lakshmipriya gudipudi","2026-03-29 10:56:19",0.48564,1,lakshmipriyagudipudi
12733,15515889,"Lakshmi Ponduri","2026-03-30 05:05:05",0.48564,1,lakshmiponduri1
12734,15515910,"pindiganti sravanthi","2026-03-30 05:07:14",0.48564,1,pindigantisravanthi
12735,15515964,Bhavana786k,"2026-03-30 05:14:34",0.48564,1,bhavana786k
12736,15515998,"KARYAMPUDI BHAVANA","2026-03-30 05:19:16",0.48564,1,karyampudibhavana
12737,15516011,ls30379kl,"2026-03-30 05:23:53",0.48564,1,ls30379kl
12738,15516873,"TELLAGADDA JASMITHA","2026-03-30 08:26:34",0.48564,1,tellagaddajasmitha
12739,15516906,"Harshitha Vaitla","2026-03-30 08:31:58",0.48564,1,harshithavaitla
12740,15515738,HarithaReddy,"2026-03-30 08:34:10",0.48564,1,harithareddy0070
12741,15516959,"Tejaswi Nandivelugu","2026-03-30 08:41:40",0.48564,1,tejaswinandivelugu
12742,15516978,"MD Sameer Ahmed","2026-03-30 08:44:54",0.48564,1,mdsameer321
12743,15517009,"Pratham Heble","2026-03-30 08:49:47",0.48564,1,prathamheble
12744,15517019,"Sai charan Meda","2026-03-30 08:51:49",0.48564,1,charanmeda
12745,15517028,"Moupiya Sahoo","2026-03-30 08:52:41",0.48564,1,moupiyasahoo
12746,15517040,Y.Mounish,"2026-03-30 08:53:50",0.48564,1,ymounish
12747,15517052,"Jillala mahendhar","2026-03-30 08:54:51",0.48564,1,jillalamahendhar
12748,15517065,"Abhishek Jampani","2026-03-30 08:56:52",0.48564,1,abhishekjampani
12749,15517252,"M.Hem Charan","2026-03-30 09:23:57",0.48564,1,mhemcharan
12750,15517287,"Nikhil #32","2026-03-30 09:29:12",0.48564,1,nikhil798960
12751,15555263,"P2P Services","2026-04-04 16:14:18",0.48564,1,p2pservices
12752,14352696,zsdzsdzsd1,"2026-04-05 02:34:58",0.48564,1,zsdzsdzsd1
12753,15562094,"Isha Sri","2026-04-06 01:54:23",0.48564,1,ishasri22
12754,15597528,"indumathi babu","2026-04-11 14:03:46",0.48564,1,indumathibabu
12755,15629452,"reallytics ai","2026-04-16 09:14:00",0.48564,1,reallyticsai
12756,15805364,"Deepesh Pradhan","2026-05-01 02:34:12",0.48564,1,deepeshpradhan
12757,15636597,"Abhishek SIDAGAM","2026-04-17 08:22:38",0.48325,1,abhisheksidagam
12758,15468882,reddy_likhitha_,"2026-03-23 09:26:50",0.48086,1,reddylikhitha
12759,15413825,ccyccy1,"2026-03-16 14:01:03",0.47607,1,ccyccy11
12760,15516404,Weuyoumeng,"2026-03-30 06:55:05",0.47607,1,weuyoumeng
12761,15462918,zhangzhixuan123,"2026-03-22 10:31:51",0.46889,1,zhangzhixuan123
12762,15908389,"Qasim Dawood","2026-05-09 09:31:03",0.45693,1,qasimdawood
12763,15458819,ibdevn,"2026-03-21 17:09:40",0.45215,3,ibdevn
12764,15687197,jyson642,"2026-04-22 03:39:36",0.45215,2,jyson642
12765,15731652,"CHETAN SINGH DHAKED","2026-04-24 13:52:03",0.45215,1,chetansinghdhaked
12766,15636764,"Sheresha Goddu","2026-04-17 08:48:53",0.43540,1,shereshagoddu
12767,13911805,"Heath Dingus","2026-05-04 16:26:18",0.42583,2,heathdingus
12768,15590625,"Ahmad Butt","2026-04-10 13:24:42",0.42105,1,ahmadbutt678
12769,15462798,"Ansh Bhoraniya","2026-03-22 10:34:58",0.41387,1,anshbhoraniya
12770,15934220,JoshuaSMillar,"2026-05-12 04:35:04",0.41148,3,joshuasmillar
12771,15455364,"Tong Sha","2026-03-21 07:18:55",0.40430,1,tongsha5198516
12772,15430172,"Sumit Yadav #2","2026-03-18 09:47:00",0.39952,1,kachua141
12773,15800251,"Asmit Regmi","2026-04-30 17:12:36",0.39712,1,asmitregmi
12774,15533034,"Ketan Paliwal","2026-04-01 19:25:34",0.38038,1,almightykira
12775,1199782,"Vijay Joshi","2026-05-03 15:49:57",0.38038,1,vijayjoshi0
12776,15496745,"anjum ustad","2026-03-27 13:02:53",0.37799,2,anjumustad
12777,15511309,"ashrith namburi","2026-03-29 09:21:53",0.37799,1,ashrithnamburi
12778,15511505,"Srinivas Kayakokula","2026-03-29 09:28:14",0.37799,1,srinivaskayakokula
12779,15511517,Yasaswi_Yashu0209,"2026-03-29 09:30:05",0.37799,1,yasaswiyashu0209
12780,15511544,"Talluri Jayasankarharshit","2026-03-29 09:37:01",0.37799,1,talluriharshit
12781,15511547,"Mohit Kotaru","2026-03-29 09:37:43",0.37799,1,mohitkotaru
12782,15517345,TarunSivaKumar32334,"2026-03-30 09:40:32",0.37799,1,tarunsivakumar32334
12783,15432545,liaochangchu,"2026-03-24 03:35:45",0.33492,1,liaochangchu
12784,8027262,"René Mac Kinney","2026-05-08 19:42:16",0.32296,1,renemk
12785,15933005,"Manuel Valentín","2026-05-12 01:38:21",0.32296,1,manuelvalentn
12786,15896346,南辞流年,"2026-05-08 10:16:08",0.31339,1,wjw0v0
12787,15399880,Ttanggggg,"2026-03-14 02:04:14",0.31100,1,ttanggggg
12788,15570809,GlitchInTheCode,"2026-04-07 11:48:48",0.29425,1,glitchinthecode
12789,15413924,"Jo SeonBin","2026-03-16 14:11:15",0.27033,2,joseonbin
12790,15764869,KrishShinde1084,"2026-04-28 11:28:30",0.23444,1,krishshinde1084
12791,15934060,KonradDuff,"2026-05-12 04:11:11",0.23444,1,konradduff
12792,15913225,"Constanza VegaM","2026-05-09 18:58:37",0.15311,1,constanzavegam
12793,15399808,masterJayk,"2026-03-14 01:32:50",0.00000,1,masterjayk
12794,15432478,Sinfonietta,"2026-03-18 15:19:32",0.00000,1,sinfonietta
12795,15434908,"Tanisha Mukherjee","2026-03-18 19:37:22",0.00000,1,tanishaaaa15
12796,15392954,"Dang Trinh Ha","2026-03-20 10:25:58",0.00000,6,dangtrinhha
12797,15498514,"Shreya Mittal #3","2026-03-27 01:40:07",0.00000,1,shreya2207
12798,15512156,"Adarsh Kumar #11","2026-03-29 12:12:41",0.00000,1,adarshkushawaha
12799,15513777,"sur sat","2026-03-29 17:17:27",0.00000,1,sursat
12800,15556583,platinum96,"2026-04-05 00:32:36",0.00000,1,danilsdk
12801,13699960,"ishita bahamnia","2026-04-05 12:37:52",0.00000,1,ishitabahamnia
12802,15575123,Geoffreylll,"2026-04-08 05:30:13",0.00000,1,geoffreylll
12803,15587176,chuntae1234,"2026-04-10 00:52:59",0.00000,4,chuntae
12804,15607564,Aya.M,"2026-04-13 08:00:31",0.00000,1,ayamology
12805,15611578,"Jesus Morales","2026-04-13 21:53:42",0.00000,1,vilmora
12806,15619705,"Citra Hasanah","2026-04-15 06:55:06",0.00000,2,citrahasanah
12807,15633887,"[Deleted] 11f1af24-27f4-4886-a0f1-64be9245d9a5","2026-04-16 21:14:30",0.00000,1,del=3fb8ec358604e91a
12808,15641577,casalexyz,"2026-04-17 23:18:46",0.00000,2,casalexyz
12809,15647477,"Alperen Araslı","2026-04-18 18:11:48",0.00000,1,alperenarasl
12810,15650596,"Haziz Poseidon","2026-04-19 08:52:43",0.00000,1,hazizposeidon
12811,15650665,obitot,"2026-04-19 09:07:00",0.00000,1,obitot
12812,15652241,"Zita Iskayev","2026-04-19 14:20:36",0.00000,2,zitaiskayev1997
12813,15664984,aozaru117,"2026-04-21 06:08:54",0.00000,1,aozaru117
12814,15666855,"wang yuan #2","2026-04-21 08:55:26",0.00000,1,wangyuank
12815,15672187,"DARSHAN B 2082002","2026-04-21 15:09:37",0.00000,1,darshanb2082002
12816,15672684,s30269,"2026-04-21 15:56:26",0.00000,1,s30269
12817,15726119,"Dilip S Chakravarthi","2026-04-24 06:05:47",0.00000,1,dilipschakravarthi
12818,15738330,wangsong,"2026-04-25 13:46:30",0.00000,1,songyanrumo
12819,15738513,"Andaç Demirdelen","2026-04-25 14:17:38",0.00000,1,andacdemirdelen
12820,15783320,"Yaswantha Goteka","2026-04-29 15:50:21",0.00000,1,yaswanthagoteka
12821,15884275,"Nafisat Musa","2026-05-07 08:38:11",0.00000,1,nafisatmusa
12822,15908387,汪金玲.,"2026-05-09 09:54:26",0.00000,2,jinlingw
12823,15250160,Fusahiko@555,"2026-05-09 14:00:27",0.00000,3,fusahuko555fusahiko
12824,15925488,"Hamidjon Yo'ldoshev","2026-05-11 07:57:58",0.00000,1,hamidjonyoldoshev
12825,15930626,"ANA PAULINA LOPEZ GUTIERREZ","2026-05-11 17:45:39",0.00000,1,anna2127
12826,15936317,"Riti Joshi","2026-05-12 07:17:30",0.00000,1,ritijoshi
